{
  "type": "FeatureCollection",
  "features": [
    {
      "type": "Feature",
      "id": "way/24008213",
      "properties": {
        "way_id": 24008213,
        "way_version": 11,
        "node_ids": [
          260340346,
          3193333682,
          295834274,
          8010780613,
          260340347,
          579477812,
          9016936172,
          260340348,
          579477826,
          260340349,
          579477837,
          3193333683,
          260340350,
          260340351,
          579477871,
          260340352,
          4278597637,
          579477889,
          260340353,
          579477919,
          260340354,
          579477939,
          260340355,
          260340345,
          260340346
        ],
        "highway": "service",
        "junction": "roundabout",
        "layer": "-1",
        "surface": "asphalt"
      },
      "geometry": {
        "type": "LineString",
        "coordinates": [
          [
            36.8150094,
            -1.2336736
          ],
          [
            36.8149618,
            -1.2336411
          ],
          [
            36.8149229,
            -1.2335986
          ],
          [
            36.8149027,
            -1.2335581
          ],
          [
            36.8148867,
            -1.2335261
          ],
          [
            36.8148754,
            -1.2334459
          ],
          [
            36.8148797,
            -1.2334053
          ],
          [
            36.8148917,
            -1.2333677
          ],
          [
            36.8149269,
            -1.2332995
          ],
          [
            36.8149818,
            -1.2332468
          ],
          [
            36.8150501,
            -1.2332129
          ],
          [
            36.8151254,
            -1.2332012
          ],
          [
            36.8152007,
            -1.2332125
          ],
          [
            36.8152648,
            -1.2332431
          ],
          [
            36.8153177,
            -1.2332904
          ],
          [
            36.8153553,
            -1.2333506
          ],
          [
            36.8153745,
            -1.2334189
          ],
          [
            36.8153737,
            -1.2334899
          ],
          [
            36.8153537,
            -1.2335565
          ],
          [
            36.8153161,
            -1.2336151
          ],
          [
            36.8152638,
            -1.233661
          ],
          [
            36.815201,
            -1.2336909
          ],
          [
            36.8151323,
            -1.2337022
          ],
          [
            36.8150632,
            -1.2336943
          ],
          [
            36.8150094,
            -1.2336736
          ]
        ]
      }
    },
    {
      "type": "Feature",
      "id": "way/24968595",
      "properties": {
        "way_id": 24968595,
        "way_version": 11,
        "node_ids": [
          271326260,
          6293943484,
          271326267,
          271326375,
          271326374,
          271326373,
          6293943483,
          271326372,
          271326371,
          6293943482,
          271326370,
          6293943481,
          271326369,
          6293943480,
          6466491268,
          271326368,
          271326367,
          271326366,
          2344357828,
          6293943479,
          2344357827,
          6293943478,
          9363029807,
          9363029808,
          9363029809,
          2344357826,
          12752874526,
          12752874525,
          271326365,
          2475596949
        ],
        "highway": "service",
        "name": "Soweto Road"
      },
      "geometry": {
        "type": "LineString",
        "coordinates": [
          [
            36.8141864,
            -1.2387729
          ],
          [
            36.8144721,
            -1.2386563
          ],
          [
            36.814598,
            -1.2385894
          ],
          [
            36.8146974,
            -1.2385718
          ],
          [
            36.8147765,
            -1.2385557
          ],
          [
            36.8148744,
            -1.2385637
          ],
          [
            36.8149737,
            -1.2385919
          ],
          [
            36.8150823,
            -1.2386388
          ],
          [
            36.8155919,
            -1.238856
          ],
          [
            36.8157502,
            -1.2389325
          ],
          [
            36.8158668,
            -1.2389955
          ],
          [
            36.8160278,
            -1.2391121
          ],
          [
            36.8161324,
            -1.2392234
          ],
          [
            36.8161967,
            -1.2392945
          ],
          [
            36.8163191,
            -1.239415
          ],
          [
            36.8163345,
            -1.2394301
          ],
          [
            36.8164998,
            -1.2395868
          ],
          [
            36.8166207,
            -1.2396943
          ],
          [
            36.8167333,
            -1.2397908
          ],
          [
            36.8167841,
            -1.2398536
          ],
          [
            36.8168016,
            -1.2399019
          ],
          [
            36.8167935,
            -1.2399595
          ],
          [
            36.816594,
            -1.240519
          ],
          [
            36.8165755,
            -1.240562
          ],
          [
            36.8165658,
            -1.2405826
          ],
          [
            36.8165423,
            -1.240612
          ],
          [
            36.8164936,
            -1.2406522
          ],
          [
            36.8162935,
            -1.2407494
          ],
          [
            36.8158747,
            -1.2409635
          ],
          [
            36.815796,
            -1.2410481
          ]
        ]
      }
    },
    {
      "type": "Feature",
      "id": "way/24968626",
      "properties": {
        "way_id": 24968626,
        "way_version": 8,
        "node_ids": [
          866785017,
          6366833914,
          863048789,
          2458776475,
          863048473,
          6366833916,
          2458776463,
          2458776466,
          271326487,
          271326488,
          866785001,
          271326376,
          271326377,
          271326260
        ],
        "highway": "residential",
        "name": "College Road"
      },
      "geometry": {
        "type": "LineString",
        "coordinates": [
          [
            36.8149763,
            -1.2405864
          ],
          [
            36.8149468,
            -1.2405106
          ],
          [
            36.8149118,
            -1.2404442
          ],
          [
            36.814861,
            -1.2403856
          ],
          [
            36.8147981,
            -1.2403176
          ],
          [
            36.8147721,
            -1.2402809
          ],
          [
            36.8147203,
            -1.2401881
          ],
          [
            36.8146948,
            -1.2401156
          ],
          [
            36.8146547,
            -1.2400231
          ],
          [
            36.8146295,
            -1.2399124
          ],
          [
            36.8145992,
            -1.2397889
          ],
          [
            36.814481,
            -1.2394961
          ],
          [
            36.8142307,
            -1.238915
          ],
          [
            36.8141864,
            -1.2387729
          ]
        ]
      }
    },
    {
      "type": "Feature",
      "id": "way/42121151",
      "properties": {
        "way_id": 42121151,
        "way_version": 12,
        "node_ids": [
          260381412,
          260340325,
          260340324,
          6305945308,
          6305945309,
          2653531537,
          260340322,
          260340321,
          579596549,
          267478646,
          260340320,
          267478683,
          260340319,
          260340318,
          6305945303,
          4278597635,
          260340317,
          260340316,
          260340315,
          260340314,
          4278597636,
          260340313,
          6305945302,
          260340345
        ],
        "access": "permissive",
        "highway": "service",
        "maxspeed": "35",
        "surface": "asphalt"
      },
      "geometry": {
        "type": "LineString",
        "coordinates": [
          [
            36.8122922,
            -1.2346612
          ],
          [
            36.812669,
            -1.2348343
          ],
          [
            36.8128876,
            -1.2349215
          ],
          [
            36.8129285,
            -1.2349295
          ],
          [
            36.8129727,
            -1.2349275
          ],
          [
            36.813078,
            -1.2349108
          ],
          [
            36.8132544,
            -1.2348591
          ],
          [
            36.8133616,
            -1.2348028
          ],
          [
            36.8134307,
            -1.2347693
          ],
          [
            36.8134551,
            -1.2347527
          ],
          [
            36.8135723,
            -1.234662
          ],
          [
            36.8136958,
            -1.234559
          ],
          [
            36.8140912,
            -1.2342704
          ],
          [
            36.8142759,
            -1.2341465
          ],
          [
            36.8143286,
            -1.234121
          ],
          [
            36.8144105,
            -1.2341014
          ],
          [
            36.8144895,
            -1.2340842
          ],
          [
            36.8146625,
            -1.2340526
          ],
          [
            36.8147832,
            -1.2340265
          ],
          [
            36.8148369,
            -1.233999
          ],
          [
            36.8149247,
            -1.2339326
          ],
          [
            36.8150038,
            -1.2338334
          ],
          [
            36.8150273,
            -1.2337543
          ],
          [
            36.8150632,
            -1.2336943
          ]
        ]
      }
    },
    {
      "type": "Feature",
      "id": "way/42121196",
      "properties": {
        "way_id": 42121196,
        "way_version": 8,
        "node_ids": [
          579636355,
          3683289000,
          3683288998,
          3683288996,
          3683288994,
          3683288992,
          3683288990,
          579636358,
          3683288988,
          6306078243,
          3683290298,
          6306078244
        ],
        "highway": "service",
        "service": "parking_aisle",
        "surface": "paved"
      },
      "geometry": {
        "type": "LineString",
        "coordinates": [
          [
            36.8190859,
            -1.2330411
          ],
          [
            36.8190141,
            -1.2332193
          ],
          [
            36.8189504,
            -1.2333636
          ],
          [
            36.8188789,
            -1.2335433
          ],
          [
            36.8188122,
            -1.2336903
          ],
          [
            36.818735,
            -1.2338635
          ],
          [
            36.8186704,
            -1.2340216
          ],
          [
            36.8186447,
            -1.2341085
          ],
          [
            36.818606,
            -1.2341811
          ],
          [
            36.8185289,
            -1.2343148
          ],
          [
            36.8184478,
            -1.2344465
          ],
          [
            36.8184275,
            -1.2344898
          ]
        ]
      }
    },
    {
      "type": "Feature",
      "id": "way/45439443",
      "properties": {
        "way_id": 45439443,
        "way_version": 10,
        "node_ids": [
          577920711,
          577920715,
          12688497963,
          577920718,
          577920722,
          577920734,
          12688497964,
          577920738,
          12688497965,
          577920742,
          577920746,
          577920751,
          12688497966,
          577920756,
          12688497967,
          577920758,
          577920762,
          577920765,
          12341401884,
          8044381226,
          577920768,
          8044381227,
          577920771,
          577920773,
          577920775,
          577920787,
          577920791,
          577920794,
          4278597642,
          12341401882
        ],
        "access": "private",
        "highway": "service"
      },
      "geometry": {
        "type": "LineString",
        "coordinates": [
          [
            36.8160456,
            -1.2318031
          ],
          [
            36.8161609,
            -1.2318137
          ],
          [
            36.8162642,
            -1.2317936
          ],
          [
            36.8163996,
            -1.2317145
          ],
          [
            36.816531,
            -1.23161
          ],
          [
            36.8167446,
            -1.2314566
          ],
          [
            36.816812,
            -1.2314164
          ],
          [
            36.8168794,
            -1.231387
          ],
          [
            36.8169615,
            -1.2313793
          ],
          [
            36.8170328,
            -1.2313824
          ],
          [
            36.8172821,
            -1.231433
          ],
          [
            36.8176361,
            -1.2315161
          ],
          [
            36.8178359,
            -1.2315597
          ],
          [
            36.8179446,
            -1.2315765
          ],
          [
            36.818027,
            -1.2315798
          ],
          [
            36.8181577,
            -1.2315617
          ],
          [
            36.8185042,
            -1.2314926
          ],
          [
            36.8189837,
            -1.231395
          ],
          [
            36.8191043,
            -1.2313838
          ],
          [
            36.8192134,
            -1.2313772
          ],
          [
            36.8193887,
            -1.231378
          ],
          [
            36.8195476,
            -1.2313871
          ],
          [
            36.8197111,
            -1.2314125
          ],
          [
            36.8199564,
            -1.2314867
          ],
          [
            36.82002,
            -1.2315338
          ],
          [
            36.8200358,
            -1.2316275
          ],
          [
            36.8200227,
            -1.231718
          ],
          [
            36.8199066,
            -1.232086
          ],
          [
            36.8198527,
            -1.2322281
          ],
          [
            36.8197869,
            -1.2323217
          ]
        ]
      }
    },
    {
      "type": "Feature",
      "id": "way/45488637",
      "properties": {
        "way_id": 45488637,
        "way_version": 1,
        "node_ids": [
          579600232,
          579600237,
          579600243,
          579600246,
          579600067
        ],
        "highway": "footway"
      },
      "geometry": {
        "type": "LineString",
        "coordinates": [
          [
            36.8178923,
            -1.2365026
          ],
          [
            36.8178279,
            -1.236626
          ],
          [
            36.8177528,
            -1.2366903
          ],
          [
            36.817683,
            -1.2366689
          ],
          [
            36.8176026,
            -1.2367761
          ]
        ]
      }
    },
    {
      "type": "Feature",
      "id": "way/45488686",
      "properties": {
        "way_id": 45488686,
        "way_version": 6,
        "node_ids": [
          271326718,
          8231788941,
          579601559,
          579601562,
          579601565,
          579601568,
          579600232,
          579601572,
          579601576,
          579601578,
          579601583,
          579601587,
          579601591,
          579601597,
          579601601,
          579601602,
          579601603,
          579601606,
          579601610,
          580588985,
          579601614,
          579601617,
          579601619,
          579601620,
          579601621,
          579601622,
          579601623,
          579601624,
          579601625,
          579601626,
          579601627,
          579601628,
          579601629,
          582828516,
          579601630,
          750601039,
          579599957
        ],
        "highway": "footway"
      },
      "geometry": {
        "type": "LineString",
        "coordinates": [
          [
            36.8175163,
            -1.2381547
          ],
          [
            36.8176167,
            -1.238054
          ],
          [
            36.8176696,
            -1.2379172
          ],
          [
            36.8181712,
            -1.2367171
          ],
          [
            36.8181336,
            -1.236626
          ],
          [
            36.8180425,
            -1.2365563
          ],
          [
            36.8178923,
            -1.2365026
          ],
          [
            36.8176133,
            -1.2363739
          ],
          [
            36.8173665,
            -1.2362774
          ],
          [
            36.8171949,
            -1.2362988
          ],
          [
            36.8169803,
            -1.2363525
          ],
          [
            36.8167979,
            -1.2363095
          ],
          [
            36.8165672,
            -1.2362452
          ],
          [
            36.8161864,
            -1.2361057
          ],
          [
            36.8160952,
            -1.2359985
          ],
          [
            36.8160428,
            -1.2359499
          ],
          [
            36.8159477,
            -1.2358348
          ],
          [
            36.8158055,
            -1.2356606
          ],
          [
            36.8157197,
            -1.2355587
          ],
          [
            36.8154891,
            -1.2354523
          ],
          [
            36.8154407,
            -1.23543
          ],
          [
            36.8150384,
            -1.2352852
          ],
          [
            36.8148774,
            -1.2352423
          ],
          [
            36.8145449,
            -1.235253
          ],
          [
            36.8142498,
            -1.2352852
          ],
          [
            36.8141586,
            -1.2353174
          ],
          [
            36.8141157,
            -1.2353442
          ],
          [
            36.8140084,
            -1.2352959
          ],
          [
            36.8138743,
            -1.2353174
          ],
          [
            36.8137938,
            -1.2354353
          ],
          [
            36.8137348,
            -1.2355104
          ],
          [
            36.8136812,
            -1.2355158
          ],
          [
            36.8136651,
            -1.2354353
          ],
          [
            36.8136762,
            -1.2353503
          ],
          [
            36.8136812,
            -1.235312
          ],
          [
            36.8136611,
            -1.235312
          ],
          [
            36.813649,
            -1.235312
          ]
        ]
      }
    },
    {
      "type": "Feature",
      "id": "way/45489364",
      "properties": {
        "way_id": 45489364,
        "way_version": 6,
        "node_ids": [
          579477889,
          580578556,
          580578558,
          580578562,
          12688497969,
          580578565,
          12688497970,
          580578568,
          580578571,
          580578574,
          580578577,
          580578579,
          580578585,
          579621263,
          579621264,
          579621265,
          579621266,
          579621267,
          579621268,
          579621269,
          579621270,
          579621271,
          579621272,
          579621273,
          579621274,
          579621275,
          579621276,
          579621277,
          12688497971,
          579621278,
          579621279,
          579621280,
          579621281,
          3915773540,
          579621282,
          579621283,
          579621288,
          579621291
        ],
        "highway": "footway"
      },
      "geometry": {
        "type": "LineString",
        "coordinates": [
          [
            36.8153737,
            -1.2334899
          ],
          [
            36.8154323,
            -1.2334579
          ],
          [
            36.8155407,
            -1.2334878
          ],
          [
            36.815574,
            -1.2335499
          ],
          [
            36.8155913,
            -1.2335775
          ],
          [
            36.8156314,
            -1.2335727
          ],
          [
            36.8157388,
            -1.2335515
          ],
          [
            36.8157947,
            -1.233536
          ],
          [
            36.815882,
            -1.2335655
          ],
          [
            36.8159415,
            -1.233617
          ],
          [
            36.816031,
            -1.2337103
          ],
          [
            36.8160193,
            -1.2337698
          ],
          [
            36.8160156,
            -1.233874
          ],
          [
            36.8160942,
            -1.2339729
          ],
          [
            36.8161586,
            -1.2340632
          ],
          [
            36.8162149,
            -1.2340921
          ],
          [
            36.8162865,
            -1.2340956
          ],
          [
            36.8163548,
            -1.2340858
          ],
          [
            36.8164455,
            -1.2340749
          ],
          [
            36.8165232,
            -1.2340745
          ],
          [
            36.8165987,
            -1.2340886
          ],
          [
            36.8167501,
            -1.2341191
          ],
          [
            36.8168476,
            -1.2341298
          ],
          [
            36.8169309,
            -1.2341422
          ],
          [
            36.8169946,
            -1.2341527
          ],
          [
            36.8170521,
            -1.2341501
          ],
          [
            36.8171534,
            -1.2341578
          ],
          [
            36.8172365,
            -1.2341605
          ],
          [
            36.8172637,
            -1.2340967
          ],
          [
            36.8172946,
            -1.2341014
          ],
          [
            36.8175752,
            -1.2342654
          ],
          [
            36.8176771,
            -1.2343218
          ],
          [
            36.8179587,
            -1.2344317
          ],
          [
            36.8180495,
            -1.2344551
          ],
          [
            36.8181196,
            -1.2344692
          ],
          [
            36.8182376,
            -1.2344982
          ],
          [
            36.8182833,
            -1.2345658
          ],
          [
            36.8183398,
            -1.2346191
          ]
        ]
      }
    },
    {
      "type": "Feature",
      "id": "way/45489879",
      "properties": {
        "way_id": 45489879,
        "way_version": 5,
        "node_ids": [
          6306078244,
          579621291,
          6306078246,
          6306078245,
          267478625,
          6306078247,
          267478626,
          267478627,
          6306078248,
          6306078249,
          267478628,
          267478629,
          6306078250,
          267478630,
          6306078251,
          267478631,
          6306078252,
          267478632,
          6306078253,
          267478633,
          267478634,
          267478635,
          267478636,
          267478637,
          267478638,
          267478639,
          267478640,
          267478641,
          267478642,
          267478643,
          6306078254,
          267478644,
          6306078255,
          267478645,
          267478646
        ],
        "access": "permissive",
        "highway": "service"
      },
      "geometry": {
        "type": "LineString",
        "coordinates": [
          [
            36.8184275,
            -1.2344898
          ],
          [
            36.8183398,
            -1.2346191
          ],
          [
            36.8182312,
            -1.2347123
          ],
          [
            36.8181494,
            -1.234827
          ],
          [
            36.8181058,
            -1.2349215
          ],
          [
            36.8180669,
            -1.2350227
          ],
          [
            36.8180173,
            -1.2351668
          ],
          [
            36.8179321,
            -1.2353592
          ],
          [
            36.8178832,
            -1.2354598
          ],
          [
            36.8178242,
            -1.235555
          ],
          [
            36.8176914,
            -1.2357132
          ],
          [
            36.8175466,
            -1.2358312
          ],
          [
            36.8173836,
            -1.2359056
          ],
          [
            36.8172435,
            -1.2359472
          ],
          [
            36.8170859,
            -1.2359747
          ],
          [
            36.8169323,
            -1.235972
          ],
          [
            36.816754,
            -1.2359472
          ],
          [
            36.8166299,
            -1.2359204
          ],
          [
            36.8164784,
            -1.2358607
          ],
          [
            36.8163416,
            -1.2357816
          ],
          [
            36.8161028,
            -1.2355739
          ],
          [
            36.8158711,
            -1.2353765
          ],
          [
            36.8156651,
            -1.2352392
          ],
          [
            36.8154263,
            -1.2351454
          ],
          [
            36.8151741,
            -1.2350804
          ],
          [
            36.8149529,
            -1.2350392
          ],
          [
            36.8147725,
            -1.2350454
          ],
          [
            36.8145244,
            -1.2350582
          ],
          [
            36.8142444,
            -1.2351071
          ],
          [
            36.8140627,
            -1.2351084
          ],
          [
            36.8139041,
            -1.23508
          ],
          [
            36.8137662,
            -1.2350435
          ],
          [
            36.8136815,
            -1.2350012
          ],
          [
            36.8135794,
            -1.2349303
          ],
          [
            36.8134551,
            -1.2347527
          ]
        ]
      }
    },
    {
      "type": "Feature",
      "id": "way/45537309",
      "properties": {
        "way_id": 45537309,
        "way_version": 5,
        "node_ids": [
          12688497968,
          582828557,
          582828555,
          580579655,
          580579657,
          580579659,
          580579662,
          8044381228
        ],
        "highway": "footway"
      },
      "geometry": {
        "type": "LineString",
        "coordinates": [
          [
            36.8158682,
            -1.2330437
          ],
          [
            36.8158903,
            -1.2330481
          ],
          [
            36.8159671,
            -1.2330654
          ],
          [
            36.8161155,
            -1.2331096
          ],
          [
            36.8162663,
            -1.2331461
          ],
          [
            36.8164218,
            -1.2331525
          ],
          [
            36.8166124,
            -1.2331967
          ],
          [
            36.816739,
            -1.2332367
          ]
        ]
      }
    },
    {
      "type": "Feature",
      "id": "way/45537350",
      "properties": {
        "way_id": 45537350,
        "way_version": 4,
        "node_ids": [
          580579905,
          582828557,
          580578568
        ],
        "highway": "footway"
      },
      "geometry": {
        "type": "LineString",
        "coordinates": [
          [
            36.8159225,
            -1.2328634
          ],
          [
            36.8158903,
            -1.2330481
          ],
          [
            36.8157947,
            -1.233536
          ]
        ]
      }
    },
    {
      "type": "Feature",
      "id": "way/45538054",
      "properties": {
        "way_id": 45538054,
        "way_version": 2,
        "node_ids": [
          580588985,
          580588987,
          580588989,
          580588991,
          580588993,
          580588995,
          580588997,
          580588187,
          580588188,
          580588190,
          580588194,
          579599995
        ],
        "highway": "footway"
      },
      "geometry": {
        "type": "LineString",
        "coordinates": [
          [
            36.8154891,
            -1.2354523
          ],
          [
            36.8155564,
            -1.2355805
          ],
          [
            36.8155993,
            -1.2356958
          ],
          [
            36.8155216,
            -1.2357468
          ],
          [
            36.8156637,
            -1.2358621
          ],
          [
            36.8156557,
            -1.2359506
          ],
          [
            36.815602,
            -1.2359962
          ],
          [
            36.815602,
            -1.2360551
          ],
          [
            36.8156047,
            -1.2361222
          ],
          [
            36.815594,
            -1.2361544
          ],
          [
            36.815602,
            -1.2362697
          ],
          [
            36.8156553,
            -1.2363471
          ]
        ]
      }
    },
    {
      "type": "Feature",
      "id": "way/45570664",
      "properties": {
        "way_id": 45570664,
        "way_version": 4,
        "node_ids": [
          580578916,
          12688497973,
          581073558,
          581073559,
          581073560,
          581073561,
          581073562,
          581073563,
          581073564,
          581073565,
          581073566,
          581073567,
          581073453,
          580578577
        ],
        "highway": "footway"
      },
      "geometry": {
        "type": "LineString",
        "coordinates": [
          [
            36.8183435,
            -1.2341402
          ],
          [
            36.8183076,
            -1.2341157
          ],
          [
            36.8180404,
            -1.234072
          ],
          [
            36.8177721,
            -1.2340498
          ],
          [
            36.8176133,
            -1.2340254
          ],
          [
            36.8173866,
            -1.2339345
          ],
          [
            36.8172314,
            -1.2338654
          ],
          [
            36.8170691,
            -1.2338074
          ],
          [
            36.8169554,
            -1.2337724
          ],
          [
            36.8168242,
            -1.2337467
          ],
          [
            36.8166485,
            -1.2337545
          ],
          [
            36.8164632,
            -1.2337924
          ],
          [
            36.8163023,
            -1.2337066
          ],
          [
            36.816031,
            -1.2337103
          ]
        ]
      }
    },
    {
      "type": "Feature",
      "id": "way/45765804",
      "properties": {
        "way_id": 45765804,
        "way_version": 1,
        "node_ids": [
          579599969,
          579599973,
          579599977,
          579599978,
          579599979,
          579599982,
          579599985,
          579599987,
          579599990,
          579599993,
          579599995,
          579599998,
          579600001,
          579600002,
          579600003,
          579600004,
          579600006,
          579600008,
          579600011,
          579600014,
          579600016,
          579600017,
          579600023,
          579600025,
          579600027,
          579600028,
          579600029,
          579600031,
          579600034,
          579600037,
          579600040,
          579600042,
          579600043,
          579600044,
          579600052,
          579600053,
          579600054,
          579600055,
          579600057,
          579600060,
          579600062,
          579600065,
          579600067,
          579600068
        ],
        "highway": "footway"
      },
      "geometry": {
        "type": "LineString",
        "coordinates": [
          [
            36.813716,
            -1.2360415
          ],
          [
            36.8141103,
            -1.236213
          ],
          [
            36.8142605,
            -1.2361218
          ],
          [
            36.8143625,
            -1.2360843
          ],
          [
            36.8144644,
            -1.2361218
          ],
          [
            36.8145556,
            -1.2361808
          ],
          [
            36.8150759,
            -1.2363095
          ],
          [
            36.8153227,
            -1.2363954
          ],
          [
            36.8154622,
            -1.23639
          ],
          [
            36.8155909,
            -1.2363417
          ],
          [
            36.8156553,
            -1.2363471
          ],
          [
            36.8156821,
            -1.2363954
          ],
          [
            36.8156928,
            -1.2363203
          ],
          [
            36.8157358,
            -1.2362881
          ],
          [
            36.8157894,
            -1.2362237
          ],
          [
            36.8158323,
            -1.2361701
          ],
          [
            36.8159503,
            -1.2361433
          ],
          [
            36.8161703,
            -1.2362398
          ],
          [
            36.8163527,
            -1.2362666
          ],
          [
            36.8165619,
            -1.2363578
          ],
          [
            36.8166155,
            -1.2364275
          ],
          [
            36.8166531,
            -1.2365187
          ],
          [
            36.8166692,
            -1.2365616
          ],
          [
            36.8166853,
            -1.2365992
          ],
          [
            36.8166477,
            -1.2366796
          ],
          [
            36.8166853,
            -1.2368459
          ],
          [
            36.8167174,
            -1.236937
          ],
          [
            36.8167925,
            -1.2369907
          ],
          [
            36.8168676,
            -1.2370872
          ],
          [
            36.8168998,
            -1.2371408
          ],
          [
            36.8170018,
            -1.2371408
          ],
          [
            36.8171305,
            -1.2371677
          ],
          [
            36.8171949,
            -1.2371891
          ],
          [
            36.8172646,
            -1.2372052
          ],
          [
            36.8173665,
            -1.2371784
          ],
          [
            36.8174524,
            -1.2371516
          ],
          [
            36.8175543,
            -1.2371516
          ],
          [
            36.8176509,
            -1.2371516
          ],
          [
            36.8177152,
            -1.2371301
          ],
          [
            36.817726,
            -1.2370497
          ],
          [
            36.8176562,
            -1.2369746
          ],
          [
            36.8176187,
            -1.2368459
          ],
          [
            36.8176026,
            -1.2367761
          ],
          [
            36.8175167,
            -1.2367064
          ]
        ]
      }
    },
    {
      "type": "Feature",
      "id": "way/73033985",
      "properties": {
        "way_id": 73033985,
        "way_version": 5,
        "node_ids": [
          866785017,
          866785018,
          12752874860,
          2458487449,
          866785020,
          866784997
        ],
        "highway": "residential",
        "name": "Zimbabwe Road"
      },
      "geometry": {
        "type": "LineString",
        "coordinates": [
          [
            36.8149763,
            -1.2405864
          ],
          [
            36.8149898,
            -1.2406557
          ],
          [
            36.8149791,
            -1.2407078
          ],
          [
            36.8149475,
            -1.240748
          ],
          [
            36.8148624,
            -1.2407858
          ],
          [
            36.8147913,
            -1.240817
          ]
        ]
      }
    },
    {
      "type": "Feature",
      "id": "way/73033987",
      "properties": {
        "way_id": 73033987,
        "way_version": 5,
        "node_ids": [
          866785023,
          6293943477,
          6293658652,
          866785026,
          6293658653,
          866785027,
          6293658654,
          866785001
        ],
        "highway": "service",
        "name": "Ufundi Drive"
      },
      "geometry": {
        "type": "LineString",
        "coordinates": [
          [
            36.8152974,
            -1.2397938
          ],
          [
            36.8152412,
            -1.2396585
          ],
          [
            36.8152231,
            -1.2396297
          ],
          [
            36.8151956,
            -1.2396096
          ],
          [
            36.8151607,
            -1.2396002
          ],
          [
            36.8151212,
            -1.2396055
          ],
          [
            36.815038,
            -1.239631
          ],
          [
            36.8145992,
            -1.2397889
          ]
        ]
      }
    },
    {
      "type": "Feature",
      "id": "way/142061035",
      "properties": {
        "way_id": 142061035,
        "way_version": 5,
        "node_ids": [
          747730094,
          1554843723,
          1554843719,
          1554843727,
          1554843746,
          1554843744,
          2068386626,
          9521586419,
          1554843741,
          1554843740,
          1554843736,
          1554843729,
          1554843724,
          1554843721,
          1554843718,
          1554843715,
          1554843713,
          1554843725,
          1554843708,
          1554843707,
          1554843733,
          1554843748,
          2068386469,
          2068386470,
          1554843732,
          2068386486,
          1554843751,
          1554843750,
          2068386824,
          2068386492,
          1554843701,
          1554843754
        ],
        "highway": "path",
        "surface": "dirt"
      },
      "geometry": {
        "type": "LineString",
        "coordinates": [
          [
            36.8242877,
            -1.2413712
          ],
          [
            36.8244267,
            -1.2409247
          ],
          [
            36.8245339,
            -1.24056
          ],
          [
            36.824652,
            -1.2401846
          ],
          [
            36.8247288,
            -1.2397211
          ],
          [
            36.8248816,
            -1.2391992
          ],
          [
            36.824964,
            -1.2389248
          ],
          [
            36.8250104,
            -1.2387985
          ],
          [
            36.8251026,
            -1.2384255
          ],
          [
            36.8251884,
            -1.2380393
          ],
          [
            36.8252635,
            -1.2376317
          ],
          [
            36.8253815,
            -1.2372885
          ],
          [
            36.8254352,
            -1.2369345
          ],
          [
            36.8255854,
            -1.2363553
          ],
          [
            36.8256819,
            -1.2359799
          ],
          [
            36.8256819,
            -1.2357224
          ],
          [
            36.825639,
            -1.2355186
          ],
          [
            36.8255103,
            -1.2352719
          ],
          [
            36.8253064,
            -1.2349394
          ],
          [
            36.8251669,
            -1.2347356
          ],
          [
            36.8250597,
            -1.2344889
          ],
          [
            36.8249416,
            -1.2342315
          ],
          [
            36.8250328,
            -1.2342616
          ],
          [
            36.8252311,
            -1.2343078
          ],
          [
            36.8254352,
            -1.2344031
          ],
          [
            36.8256146,
            -1.2345215
          ],
          [
            36.8259097,
            -1.2346652
          ],
          [
            36.8261606,
            -1.2347617
          ],
          [
            36.8262294,
            -1.2347595
          ],
          [
            36.8262625,
            -1.2347132
          ],
          [
            36.8262874,
            -1.2346372
          ],
          [
            36.8263091,
            -1.2345341
          ]
        ]
      }
    },
    {
      "type": "Feature",
      "id": "way/142776098",
      "properties": {
        "way_id": 142776098,
        "way_version": 6,
        "node_ids": [
          5518866301,
          5518866300,
          5518866299,
          2068386553,
          2068386536,
          2068386530,
          2068386525,
          1562490582,
          2068386519,
          2068386515,
          1562490581,
          2068386512,
          1562490583,
          2068386508
        ],
        "highway": "path",
        "surface": "dirt"
      },
      "geometry": {
        "type": "LineString",
        "coordinates": [
          [
            36.8306975,
            -1.2366499
          ],
          [
            36.8306423,
            -1.2367168
          ],
          [
            36.8304664,
            -1.236832
          ],
          [
            36.8295373,
            -1.2366521
          ],
          [
            36.829394,
            -1.2365838
          ],
          [
            36.8289863,
            -1.2364692
          ],
          [
            36.8289136,
            -1.236423
          ],
          [
            36.8287461,
            -1.2362923
          ],
          [
            36.8286756,
            -1.2361255
          ],
          [
            36.8285412,
            -1.2359294
          ],
          [
            36.8284038,
            -1.2358264
          ],
          [
            36.8279704,
            -1.2355967
          ],
          [
            36.8278438,
            -1.2354871
          ],
          [
            36.8278051,
            -1.2353588
          ]
        ]
      }
    },
    {
      "type": "Feature",
      "id": "way/142777585",
      "properties": {
        "way_id": 142777585,
        "way_version": 3,
        "node_ids": [
          747730028,
          2068386533,
          2068386523,
          1554843752,
          1554843702,
          1554843697,
          1554843753,
          1554843726,
          1554843700,
          1554843755,
          1554843728,
          1554843698,
          1554843701
        ],
        "highway": "path",
        "surface": "dirt"
      },
      "geometry": {
        "type": "LineString",
        "coordinates": [
          [
            36.828673,
            -1.236668
          ],
          [
            36.8286403,
            -1.2365507
          ],
          [
            36.8285324,
            -1.2364163
          ],
          [
            36.8282714,
            -1.2361829
          ],
          [
            36.8280005,
            -1.2359552
          ],
          [
            36.8277495,
            -1.2358017
          ],
          [
            36.82758,
            -1.23567
          ],
          [
            36.8273664,
            -1.235465
          ],
          [
            36.8271303,
            -1.2352612
          ],
          [
            36.8269265,
            -1.2350681
          ],
          [
            36.8265295,
            -1.2348429
          ],
          [
            36.8263578,
            -1.2347249
          ],
          [
            36.8262874,
            -1.2346372
          ]
        ]
      }
    },
    {
      "type": "Feature",
      "id": "way/142777587",
      "properties": {
        "way_id": 142777587,
        "way_version": 10,
        "node_ids": [
          747730080,
          13556268407,
          13556268408,
          13556268406,
          10597364829,
          9521586419,
          13075357895,
          10597364827,
          10597364828,
          1562490578,
          747730117,
          1554849683,
          2847824259,
          10597364831,
          1554849717,
          1554849705,
          10597364830,
          1554849691,
          1554849693,
          1554849696,
          2847824268,
          1554849682,
          2847824269,
          1554849701,
          2847824270,
          2847934474,
          1554849703,
          2847824271,
          1554849681,
          1554849708,
          1554849714,
          2847934475,
          2847934476,
          1554849718,
          9810358818,
          1554849712,
          6503768699,
          6503768700
        ],
        "highway": "footway",
        "name": "Middle Track",
        "surface": "dirt"
      },
      "geometry": {
        "type": "LineString",
        "coordinates": [
          [
            36.819383,
            -1.238357
          ],
          [
            36.8202575,
            -1.2383025
          ],
          [
            36.821155,
            -1.2385236
          ],
          [
            36.8217089,
            -1.2385673
          ],
          [
            36.8232911,
            -1.2385826
          ],
          [
            36.8250104,
            -1.2387985
          ],
          [
            36.8267992,
            -1.2389588
          ],
          [
            36.8275042,
            -1.2390219
          ],
          [
            36.8285316,
            -1.2391186
          ],
          [
            36.8296896,
            -1.2393893
          ],
          [
            36.831305,
            -1.2398736
          ],
          [
            36.832441,
            -1.240147
          ],
          [
            36.8327423,
            -1.2402307
          ],
          [
            36.8333101,
            -1.2403091
          ],
          [
            36.8338343,
            -1.240306
          ],
          [
            36.835679,
            -1.240536
          ],
          [
            36.836384,
            -1.2407136
          ],
          [
            36.836988,
            -1.241021
          ],
          [
            36.837299,
            -1.241259
          ],
          [
            36.837763,
            -1.241535
          ],
          [
            36.838106,
            -1.241794
          ],
          [
            36.838434,
            -1.24207
          ],
          [
            36.838492,
            -1.24216
          ],
          [
            36.838645,
            -1.242255
          ],
          [
            36.83875,
            -1.242354
          ],
          [
            36.838865,
            -1.242492
          ],
          [
            36.838967,
            -1.242639
          ],
          [
            36.839069,
            -1.24283
          ],
          [
            36.839231,
            -1.243192
          ],
          [
            36.839299,
            -1.243434
          ],
          [
            36.839382,
            -1.243634
          ],
          [
            36.839676,
            -1.244251
          ],
          [
            36.839771,
            -1.244484
          ],
          [
            36.8399153,
            -1.2448482
          ],
          [
            36.8399304,
            -1.2448868
          ],
          [
            36.8405662,
            -1.2464909
          ],
          [
            36.8405875,
            -1.2468271
          ],
          [
            36.8399934,
            -1.2479522
          ]
        ]
      }
    },
    {
      "type": "Feature",
      "id": "way/196510835",
      "properties": {
        "way_id": 196510835,
        "way_version": 5,
        "node_ids": [
          2068386670,
          2068386667,
          271326707,
          271326708,
          271326709,
          2847824142,
          271326710,
          2068386635,
          2068386629,
          271326711,
          271326712,
          2068386608,
          747730080
        ],
        "check_date:surface": "2026-03-14",
        "highway": "footway",
        "surface": "dirt"
      },
      "geometry": {
        "type": "LineString",
        "coordinates": [
          [
            36.8191006,
            -1.2408227
          ],
          [
            36.8191838,
            -1.240789
          ],
          [
            36.819235,
            -1.2406544
          ],
          [
            36.819348,
            -1.240252
          ],
          [
            36.8194348,
            -1.2399549
          ],
          [
            36.819483,
            -1.239601
          ],
          [
            36.8195057,
            -1.2394383
          ],
          [
            36.8195344,
            -1.2392167
          ],
          [
            36.8195278,
            -1.2390933
          ],
          [
            36.8195039,
            -1.2389721
          ],
          [
            36.8193478,
            -1.2386059
          ],
          [
            36.8193471,
            -1.2385094
          ],
          [
            36.819383,
            -1.238357
          ]
        ]
      }
    },
    {
      "type": "Feature",
      "id": "way/196510836",
      "properties": {
        "way_id": 196510836,
        "way_version": 2,
        "node_ids": [
          2068386428,
          2068386431,
          2068386434,
          2068386448,
          2068386453,
          2068386456,
          2068386459,
          2068386463,
          2068386465,
          1554843748
        ],
        "check_date:surface": "2026-03-14",
        "highway": "footway",
        "surface": "dirt"
      },
      "geometry": {
        "type": "LineString",
        "coordinates": [
          [
            36.8243761,
            -1.2336645
          ],
          [
            36.8243849,
            -1.2337019
          ],
          [
            36.8244466,
            -1.2337482
          ],
          [
            36.8245171,
            -1.2337879
          ],
          [
            36.824592,
            -1.2338496
          ],
          [
            36.824711,
            -1.2339641
          ],
          [
            36.8247838,
            -1.2340346
          ],
          [
            36.8248411,
            -1.2341007
          ],
          [
            36.8248829,
            -1.2341668
          ],
          [
            36.8249416,
            -1.2342315
          ]
        ]
      }
    },
    {
      "type": "Feature",
      "id": "way/196510839",
      "properties": {
        "way_id": 196510839,
        "way_version": 2,
        "node_ids": [
          1554843754,
          2068386481
        ],
        "bridge": "yes",
        "check_date:surface": "2026-03-14",
        "highway": "footway",
        "surface": "dirt"
      },
      "geometry": {
        "type": "LineString",
        "coordinates": [
          [
            36.8263091,
            -1.2345341
          ],
          [
            36.8263374,
            -1.2344488
          ]
        ]
      }
    },
    {
      "type": "Feature",
      "id": "way/196510840",
      "properties": {
        "way_id": 196510840,
        "way_version": 2,
        "node_ids": [
          2068386508,
          2068386506
        ],
        "bridge": "yes",
        "check_date:surface": "2026-03-14",
        "highway": "footway",
        "surface": "dirt"
      },
      "geometry": {
        "type": "LineString",
        "coordinates": [
          [
            36.8278051,
            -1.2353588
          ],
          [
            36.8278382,
            -1.2352949
          ]
        ]
      }
    },
    {
      "type": "Feature",
      "id": "way/196510842",
      "properties": {
        "way_id": 196510842,
        "way_version": 4,
        "node_ids": [
          2068386820,
          2068386284,
          2068386287,
          2068386293,
          2068386297,
          2068386301,
          2068386307,
          2068386310,
          2068386318,
          2068386323,
          2068386328,
          2068386338,
          2068386346,
          2068386353,
          2068386361,
          2068386369,
          13768277794,
          2068386401,
          2068386415,
          2068386419,
          2068386422,
          2068386428
        ],
        "highway": "path",
        "surface": "dirt"
      },
      "geometry": {
        "type": "LineString",
        "coordinates": [
          [
            36.821757,
            -1.2315153
          ],
          [
            36.8219233,
            -1.2315251
          ],
          [
            36.8220092,
            -1.2315604
          ],
          [
            36.8220996,
            -1.2316088
          ],
          [
            36.8223927,
            -1.2316948
          ],
          [
            36.8225822,
            -1.2318248
          ],
          [
            36.8226571,
            -1.2318887
          ],
          [
            36.8229128,
            -1.2320407
          ],
          [
            36.822948,
            -1.2320803
          ],
          [
            36.8230913,
            -1.2321641
          ],
          [
            36.8232169,
            -1.2322676
          ],
          [
            36.8233028,
            -1.232369
          ],
          [
            36.8234108,
            -1.2325386
          ],
          [
            36.8234637,
            -1.2326422
          ],
          [
            36.8235607,
            -1.2327854
          ],
          [
            36.8236356,
            -1.2329044
          ],
          [
            36.8237977,
            -1.2330979
          ],
          [
            36.8239309,
            -1.2332569
          ],
          [
            36.8241359,
            -1.2335014
          ],
          [
            36.8242196,
            -1.2335477
          ],
          [
            36.8243254,
            -1.2336424
          ],
          [
            36.8243761,
            -1.2336645
          ]
        ]
      }
    },
    {
      "type": "Feature",
      "id": "way/196510845",
      "properties": {
        "way_id": 196510845,
        "way_version": 2,
        "node_ids": [
          2068386481,
          2068386478,
          2068386472,
          1554843709
        ],
        "check_date:surface": "2026-03-14",
        "highway": "footway",
        "surface": "dirt"
      },
      "geometry": {
        "type": "LineString",
        "coordinates": [
          [
            36.8263374,
            -1.2344488
          ],
          [
            36.8263639,
            -1.2343894
          ],
          [
            36.8264939,
            -1.2343299
          ],
          [
            36.8265215,
            -1.2342925
          ]
        ]
      }
    },
    {
      "type": "Feature",
      "id": "way/196510846",
      "properties": {
        "way_id": 196510846,
        "way_version": 7,
        "node_ids": [
          747730080,
          2068386590,
          2068386588,
          2068386585,
          2068386583,
          2068386580,
          2068386577,
          2068386569,
          2068386561,
          2068386556,
          2068386550,
          2068386527,
          2068386521,
          2068386517,
          9923873816,
          2068386514,
          2068386510,
          2068386499,
          2068386497,
          2068386495,
          2068386489,
          2068386475,
          9923907666,
          2068386461,
          2068386446,
          13768277790,
          2068386417,
          2068386409,
          2068386397,
          2068386386,
          2068386373,
          2068386365,
          2068386357,
          2068386349,
          2068386342,
          2068386334,
          2068386331,
          2068386326,
          2068386314,
          2068386308,
          2068386305,
          2068386303,
          2068386295,
          9923873815,
          2068386290,
          2068386820
        ],
        "highway": "path",
        "name": "Kima Trail",
        "surface": "dirt"
      },
      "geometry": {
        "type": "LineString",
        "coordinates": [
          [
            36.819383,
            -1.238357
          ],
          [
            36.8194374,
            -1.23806
          ],
          [
            36.8195102,
            -1.2378925
          ],
          [
            36.8196225,
            -1.2376986
          ],
          [
            36.8196622,
            -1.2376193
          ],
          [
            36.8198033,
            -1.2374475
          ],
          [
            36.8199267,
            -1.2372712
          ],
          [
            36.8200148,
            -1.2371038
          ],
          [
            36.8201581,
            -1.2369121
          ],
          [
            36.8202572,
            -1.2367402
          ],
          [
            36.820352,
            -1.2365904
          ],
          [
            36.820449,
            -1.236467
          ],
          [
            36.8205746,
            -1.2362445
          ],
          [
            36.8207641,
            -1.2360286
          ],
          [
            36.8208757,
            -1.2358348
          ],
          [
            36.8209558,
            -1.2356959
          ],
          [
            36.8210572,
            -1.2355505
          ],
          [
            36.8212445,
            -1.235079
          ],
          [
            36.8213261,
            -1.234852
          ],
          [
            36.8213569,
            -1.2347529
          ],
          [
            36.8214318,
            -1.2346053
          ],
          [
            36.8216081,
            -1.2343783
          ],
          [
            36.8218184,
            -1.2341416
          ],
          [
            36.8219056,
            -1.2340434
          ],
          [
            36.8222935,
            -1.2337835
          ],
          [
            36.822495,
            -1.2336447
          ],
          [
            36.8226836,
            -1.2335147
          ],
          [
            36.8227409,
            -1.2333384
          ],
          [
            36.8227365,
            -1.2332459
          ],
          [
            36.8227563,
            -1.2331027
          ],
          [
            36.8227607,
            -1.2329418
          ],
          [
            36.8227232,
            -1.2328008
          ],
          [
            36.82271,
            -1.2326973
          ],
          [
            36.8226836,
            -1.2326179
          ],
          [
            36.8226571,
            -1.2324681
          ],
          [
            36.8226064,
            -1.2323425
          ],
          [
            36.8225998,
            -1.2323029
          ],
          [
            36.8225513,
            -1.2321663
          ],
          [
            36.8224522,
            -1.2320627
          ],
          [
            36.8224015,
            -1.2320253
          ],
          [
            36.8222384,
            -1.2318468
          ],
          [
            36.8221987,
            -1.231827
          ],
          [
            36.8220753,
            -1.2316926
          ],
          [
            36.8219112,
            -1.2316083
          ],
          [
            36.8218395,
            -1.2315714
          ],
          [
            36.821757,
            -1.2315153
          ]
        ]
      }
    },
    {
      "type": "Feature",
      "id": "way/196510852",
      "properties": {
        "way_id": 196510852,
        "way_version": 2,
        "node_ids": [
          2068386506,
          2068386504,
          2068386502,
          1554843742,
          1554843747,
          1554843710,
          2068386467,
          1554843709
        ],
        "highway": "path",
        "surface": "dirt"
      },
      "geometry": {
        "type": "LineString",
        "coordinates": [
          [
            36.8278382,
            -1.2352949
          ],
          [
            36.8278712,
            -1.2352883
          ],
          [
            36.827847,
            -1.235242
          ],
          [
            36.8277954,
            -1.235228
          ],
          [
            36.8270279,
            -1.2346956
          ],
          [
            36.8267718,
            -1.2343837
          ],
          [
            36.8266041,
            -1.2342307
          ],
          [
            36.8265215,
            -1.2342925
          ]
        ]
      }
    },
    {
      "type": "Feature",
      "id": "way/196565489",
      "properties": {
        "way_id": 196565489,
        "way_version": 5,
        "node_ids": [
          272707397,
          272707398,
          6294058712,
          272707399,
          272707401,
          6294058713,
          6295591413,
          272707402,
          272707403,
          271326716,
          6294058715,
          6294058714,
          6294058716,
          271326717,
          6294058707,
          271326718
        ],
        "highway": "service",
        "name": "ICRAF Road"
      },
      "geometry": {
        "type": "LineString",
        "coordinates": [
          [
            36.8189645,
            -1.2374587
          ],
          [
            36.8189406,
            -1.2375906
          ],
          [
            36.8188964,
            -1.2377123
          ],
          [
            36.8188186,
            -1.2378437
          ],
          [
            36.8187314,
            -1.2379041
          ],
          [
            36.8186214,
            -1.237957
          ],
          [
            36.818547,
            -1.2379825
          ],
          [
            36.8184605,
            -1.238008
          ],
          [
            36.8183139,
            -1.2380155
          ],
          [
            36.8181928,
            -1.2380201
          ],
          [
            36.8180712,
            -1.2380282
          ],
          [
            36.8179522,
            -1.2380359
          ],
          [
            36.8178255,
            -1.2380549
          ],
          [
            36.8176783,
            -1.2380982
          ],
          [
            36.8175834,
            -1.2381347
          ],
          [
            36.8175163,
            -1.2381547
          ]
        ]
      }
    },
    {
      "type": "Feature",
      "id": "way/225677123",
      "properties": {
        "way_id": 225677123,
        "way_version": 2,
        "node_ids": [
          2344328401,
          2344328402,
          2344328403,
          2344328404,
          12752874567,
          2344328405,
          2344328406,
          866785023
        ],
        "highway": "service",
        "service": "driveway"
      },
      "geometry": {
        "type": "LineString",
        "coordinates": [
          [
            36.816221,
            -1.2402688
          ],
          [
            36.8158123,
            -1.240428
          ],
          [
            36.8156742,
            -1.2404006
          ],
          [
            36.8155841,
            -1.2403699
          ],
          [
            36.81552,
            -1.2402965
          ],
          [
            36.8154754,
            -1.2402152
          ],
          [
            36.815411,
            -1.2400597
          ],
          [
            36.8152974,
            -1.2397938
          ]
        ]
      }
    },
    {
      "type": "Feature",
      "id": "way/280734301",
      "properties": {
        "way_id": 280734301,
        "way_version": 4,
        "node_ids": [
          271326718,
          8231754957,
          2847941622,
          2847941618,
          2847941623,
          2847941624,
          2847941625,
          2847941619,
          2847941626
        ],
        "highway": "path",
        "surface": "paving_stones"
      },
      "geometry": {
        "type": "LineString",
        "coordinates": [
          [
            36.8175163,
            -1.2381547
          ],
          [
            36.8175772,
            -1.238251
          ],
          [
            36.817607,
            -1.2383
          ],
          [
            36.817742,
            -1.238425
          ],
          [
            36.81786,
            -1.238652
          ],
          [
            36.817926,
            -1.23874
          ],
          [
            36.818036,
            -1.238837
          ],
          [
            36.818256,
            -1.238969
          ],
          [
            36.8183536,
            -1.2390836
          ]
        ]
      }
    },
    {
      "type": "Feature",
      "id": "way/280734652",
      "properties": {
        "way_id": 280734652,
        "way_version": 4,
        "node_ids": [
          2847949913,
          2847949918,
          13556268409,
          2847949919,
          11952065150,
          6503768724,
          2847949507
        ],
        "highway": "path"
      },
      "geometry": {
        "type": "LineString",
        "coordinates": [
          [
            36.8205432,
            -1.2290341
          ],
          [
            36.8217208,
            -1.2299801
          ],
          [
            36.8218877,
            -1.2300526
          ],
          [
            36.8221328,
            -1.2300259
          ],
          [
            36.8236479,
            -1.2308488
          ],
          [
            36.8252438,
            -1.2315511
          ],
          [
            36.826647,
            -1.232239
          ]
        ]
      }
    },
    {
      "type": "Feature",
      "id": "way/280734653",
      "properties": {
        "way_id": 280734653,
        "way_version": 3,
        "node_ids": [
          2847949503,
          2847949922,
          2847949923,
          2847949920,
          2847949924,
          2847949925,
          2847949921,
          2068386376
        ],
        "highway": "path",
        "surface": "dirt"
      },
      "geometry": {
        "type": "LineString",
        "coordinates": [
          [
            36.826219,
            -1.233285
          ],
          [
            36.826084,
            -1.233339
          ],
          [
            36.82583,
            -1.233364
          ],
          [
            36.825577,
            -1.233335
          ],
          [
            36.825434,
            -1.233303
          ],
          [
            36.82506,
            -1.23316
          ],
          [
            36.824591,
            -1.232878
          ],
          [
            36.8243849,
            -1.232944
          ]
        ]
      }
    },
    {
      "type": "Feature",
      "id": "way/288610544",
      "properties": {
        "way_id": 288610544,
        "way_version": 5,
        "node_ids": [
          2921635910,
          12341623159,
          12341623160,
          12341623161,
          2921635911,
          12341623162,
          2921635912,
          2921635913,
          2921635914,
          2921635915,
          2921635916,
          2921635917,
          2921635918,
          12341623163,
          2921635919,
          6306373953,
          12341623164,
          2921635920,
          12341623165,
          580579905
        ],
        "highway": "footway"
      },
      "geometry": {
        "type": "LineString",
        "coordinates": [
          [
            36.8183952,
            -1.2329958
          ],
          [
            36.8181594,
            -1.232984
          ],
          [
            36.8179784,
            -1.232972
          ],
          [
            36.8178423,
            -1.2329592
          ],
          [
            36.8177092,
            -1.2329751
          ],
          [
            36.8175717,
            -1.233005
          ],
          [
            36.817496,
            -1.2329938
          ],
          [
            36.8172606,
            -1.2329402
          ],
          [
            36.8170487,
            -1.2328952
          ],
          [
            36.8168147,
            -1.2328369
          ],
          [
            36.816631,
            -1.2328027
          ],
          [
            36.816464,
            -1.232782
          ],
          [
            36.8162903,
            -1.2327378
          ],
          [
            36.816131,
            -1.2326998
          ],
          [
            36.8160249,
            -1.2326874
          ],
          [
            36.8159583,
            -1.2326904
          ],
          [
            36.815946,
            -1.2327115
          ],
          [
            36.815949,
            -1.2327312
          ],
          [
            36.8159445,
            -1.2327607
          ],
          [
            36.8159225,
            -1.2328634
          ]
        ]
      }
    },
    {
      "type": "Feature",
      "id": "way/313840891",
      "properties": {
        "way_id": 313840891,
        "way_version": 8,
        "node_ids": [
          2847949507,
          11951439119,
          11951439121,
          11951439120,
          11951461760,
          11951461759,
          11951461758,
          11951461761,
          11951461757,
          11951427049,
          5518868721,
          11951427050,
          6503768696,
          6503767356
        ],
        "highway": "track",
        "name": "Wangari Maathai Track"
      },
      "geometry": {
        "type": "LineString",
        "coordinates": [
          [
            36.826647,
            -1.232239
          ],
          [
            36.8274955,
            -1.2326549
          ],
          [
            36.8283342,
            -1.2330413
          ],
          [
            36.8287243,
            -1.2332187
          ],
          [
            36.8302063,
            -1.2338863
          ],
          [
            36.8305243,
            -1.2340948
          ],
          [
            36.8307276,
            -1.2341901
          ],
          [
            36.8309167,
            -1.2342853
          ],
          [
            36.8321572,
            -1.2347277
          ],
          [
            36.8331409,
            -1.2351621
          ],
          [
            36.8334033,
            -1.2352663
          ],
          [
            36.833756,
            -1.235448
          ],
          [
            36.8368248,
            -1.236807
          ],
          [
            36.8392492,
            -1.2378987
          ]
        ]
      }
    },
    {
      "type": "Feature",
      "id": "way/315907888",
      "properties": {
        "way_id": 315907888,
        "way_version": 4,
        "node_ids": [
          272707397,
          6294058711,
          3220351098,
          6294058710,
          8231788937,
          3220351099,
          6294058709,
          8231788917,
          3220351100,
          8231788932,
          8231754970,
          3220351101,
          8231754968,
          3220351102
        ],
        "highway": "service"
      },
      "geometry": {
        "type": "LineString",
        "coordinates": [
          [
            36.8189645,
            -1.2374587
          ],
          [
            36.819001,
            -1.2373235
          ],
          [
            36.8190921,
            -1.2371635
          ],
          [
            36.819225,
            -1.2369306
          ],
          [
            36.8192601,
            -1.236835
          ],
          [
            36.8193386,
            -1.2367481
          ],
          [
            36.8193148,
            -1.2367094
          ],
          [
            36.8193569,
            -1.2364336
          ],
          [
            36.8193791,
            -1.2362876
          ],
          [
            36.819381,
            -1.2362768
          ],
          [
            36.8194276,
            -1.2360102
          ],
          [
            36.8194567,
            -1.2358437
          ],
          [
            36.819493,
            -1.2355273
          ],
          [
            36.8194954,
            -1.2354506
          ]
        ]
      }
    },
    {
      "type": "Feature",
      "id": "way/364279364",
      "properties": {
        "way_id": 364279364,
        "way_version": 2,
        "node_ids": [
          3683288988,
          3683288989
        ],
        "highway": "service",
        "service": "parking_aisle",
        "surface": "paved"
      },
      "geometry": {
        "type": "LineString",
        "coordinates": [
          [
            36.818606,
            -1.2341811
          ],
          [
            36.8184327,
            -1.2341098
          ]
        ]
      }
    },
    {
      "type": "Feature",
      "id": "way/364279365",
      "properties": {
        "way_id": 364279365,
        "way_version": 2,
        "node_ids": [
          3683288990,
          3683288991
        ],
        "highway": "service",
        "service": "parking_aisle",
        "surface": "paved"
      },
      "geometry": {
        "type": "LineString",
        "coordinates": [
          [
            36.8186704,
            -1.2340216
          ],
          [
            36.8184659,
            -1.2339494
          ]
        ]
      }
    },
    {
      "type": "Feature",
      "id": "way/364279366",
      "properties": {
        "way_id": 364279366,
        "way_version": 2,
        "node_ids": [
          3683288992,
          3683288993
        ],
        "highway": "service",
        "service": "parking_aisle",
        "surface": "paved"
      },
      "geometry": {
        "type": "LineString",
        "coordinates": [
          [
            36.818735,
            -1.2338635
          ],
          [
            36.8185062,
            -1.2337756
          ]
        ]
      }
    },
    {
      "type": "Feature",
      "id": "way/364279367",
      "properties": {
        "way_id": 364279367,
        "way_version": 2,
        "node_ids": [
          3683288994,
          3683288995
        ],
        "highway": "service",
        "service": "parking_aisle",
        "surface": "paved"
      },
      "geometry": {
        "type": "LineString",
        "coordinates": [
          [
            36.8188122,
            -1.2336903
          ],
          [
            36.8185849,
            -1.2335844
          ]
        ]
      }
    },
    {
      "type": "Feature",
      "id": "way/364279368",
      "properties": {
        "way_id": 364279368,
        "way_version": 2,
        "node_ids": [
          3683288996,
          3683288997
        ],
        "highway": "service",
        "service": "parking_aisle",
        "surface": "paved"
      },
      "geometry": {
        "type": "LineString",
        "coordinates": [
          [
            36.8188789,
            -1.2335433
          ],
          [
            36.8186529,
            -1.2334454
          ]
        ]
      }
    },
    {
      "type": "Feature",
      "id": "way/364279369",
      "properties": {
        "way_id": 364279369,
        "way_version": 2,
        "node_ids": [
          3683288998,
          3683288999
        ],
        "highway": "service",
        "service": "parking_aisle",
        "surface": "paved"
      },
      "geometry": {
        "type": "LineString",
        "coordinates": [
          [
            36.8189504,
            -1.2333636
          ],
          [
            36.8187104,
            -1.2332543
          ]
        ]
      }
    },
    {
      "type": "Feature",
      "id": "way/364279370",
      "properties": {
        "way_id": 364279370,
        "way_version": 2,
        "node_ids": [
          3683289000,
          3683289001
        ],
        "highway": "service",
        "service": "parking_aisle",
        "surface": "paved"
      },
      "geometry": {
        "type": "LineString",
        "coordinates": [
          [
            36.8190141,
            -1.2332193
          ],
          [
            36.8187758,
            -1.233106
          ]
        ]
      }
    },
    {
      "type": "Feature",
      "id": "way/364279371",
      "properties": {
        "way_id": 364279371,
        "way_version": 2,
        "node_ids": [
          3683289002,
          3683288994
        ],
        "highway": "service",
        "service": "parking_aisle",
        "surface": "paved"
      },
      "geometry": {
        "type": "LineString",
        "coordinates": [
          [
            36.819266,
            -1.2338638
          ],
          [
            36.8188122,
            -1.2336903
          ]
        ]
      }
    },
    {
      "type": "Feature",
      "id": "way/364279372",
      "properties": {
        "way_id": 364279372,
        "way_version": 2,
        "node_ids": [
          3683288992,
          3683289003
        ],
        "highway": "service",
        "service": "parking_aisle",
        "surface": "paved"
      },
      "geometry": {
        "type": "LineString",
        "coordinates": [
          [
            36.818735,
            -1.2338635
          ],
          [
            36.8191946,
            -1.2340472
          ]
        ]
      }
    },
    {
      "type": "Feature",
      "id": "way/364279373",
      "properties": {
        "way_id": 364279373,
        "way_version": 2,
        "node_ids": [
          3683288990,
          3683289004
        ],
        "highway": "service",
        "service": "parking_aisle",
        "surface": "paved"
      },
      "geometry": {
        "type": "LineString",
        "coordinates": [
          [
            36.8186704,
            -1.2340216
          ],
          [
            36.8191297,
            -1.2342136
          ]
        ]
      }
    },
    {
      "type": "Feature",
      "id": "way/364279374",
      "properties": {
        "way_id": 364279374,
        "way_version": 2,
        "node_ids": [
          3683288996,
          3683289005
        ],
        "highway": "service",
        "service": "parking_aisle",
        "surface": "paved"
      },
      "geometry": {
        "type": "LineString",
        "coordinates": [
          [
            36.8188789,
            -1.2335433
          ],
          [
            36.819326,
            -1.23371
          ]
        ]
      }
    },
    {
      "type": "Feature",
      "id": "way/364279375",
      "properties": {
        "way_id": 364279375,
        "way_version": 2,
        "node_ids": [
          3683288998,
          3683289006
        ],
        "highway": "service",
        "service": "parking_aisle",
        "surface": "paved"
      },
      "geometry": {
        "type": "LineString",
        "coordinates": [
          [
            36.8189504,
            -1.2333636
          ],
          [
            36.8193896,
            -1.233547
          ]
        ]
      }
    },
    {
      "type": "Feature",
      "id": "way/364279548",
      "properties": {
        "way_id": 364279548,
        "way_version": 5,
        "node_ids": [
          6306078244,
          6295591442,
          3683290299,
          6295591441,
          6295591440,
          3683289004,
          3683289003,
          3683289002,
          3683289005,
          3683289006,
          6295591437,
          6295591438,
          3683290300,
          6295591439,
          3683289000
        ],
        "highway": "service",
        "service": "parking_aisle",
        "surface": "paved"
      },
      "geometry": {
        "type": "LineString",
        "coordinates": [
          [
            36.8184275,
            -1.2344898
          ],
          [
            36.8188991,
            -1.234654
          ],
          [
            36.8189331,
            -1.2346564
          ],
          [
            36.818954,
            -1.2346419
          ],
          [
            36.8189708,
            -1.2346211
          ],
          [
            36.8191297,
            -1.2342136
          ],
          [
            36.8191946,
            -1.2340472
          ],
          [
            36.819266,
            -1.2338638
          ],
          [
            36.819326,
            -1.23371
          ],
          [
            36.8193896,
            -1.233547
          ],
          [
            36.8194506,
            -1.2334144
          ],
          [
            36.8194486,
            -1.2334023
          ],
          [
            36.8194382,
            -1.2333911
          ],
          [
            36.8194241,
            -1.2333809
          ],
          [
            36.8190141,
            -1.2332193
          ]
        ]
      }
    },
    {
      "type": "Feature",
      "id": "way/364279549",
      "properties": {
        "way_id": 364279549,
        "way_version": 3,
        "node_ids": [
          579636355,
          6295591434,
          6295591436,
          3683290301
        ],
        "highway": "service",
        "service": "parking_aisle",
        "surface": "paved"
      },
      "geometry": {
        "type": "LineString",
        "coordinates": [
          [
            36.8190859,
            -1.2330411
          ],
          [
            36.819168,
            -1.2328922
          ],
          [
            36.8191867,
            -1.2328868
          ],
          [
            36.8192125,
            -1.2328848
          ]
        ]
      }
    },
    {
      "type": "Feature",
      "id": "way/364279550",
      "properties": {
        "way_id": 364279550,
        "way_version": 6,
        "node_ids": [
          3683290301,
          6295591435,
          6295591431,
          3683290302,
          6295591433,
          6295591430,
          7357725659,
          10598252673,
          6295591432,
          7357725666,
          12341401882,
          3683290304
        ],
        "highway": "service",
        "service": "parking_aisle",
        "surface": "paved"
      },
      "geometry": {
        "type": "LineString",
        "coordinates": [
          [
            36.8192125,
            -1.2328848
          ],
          [
            36.8192303,
            -1.2328828
          ],
          [
            36.8195139,
            -1.2330229
          ],
          [
            36.8195282,
            -1.2330216
          ],
          [
            36.8195348,
            -1.2330152
          ],
          [
            36.8195391,
            -1.2330048
          ],
          [
            36.819584,
            -1.2328825
          ],
          [
            36.8196314,
            -1.2327385
          ],
          [
            36.819689,
            -1.2325912
          ],
          [
            36.819738,
            -1.232455
          ],
          [
            36.8197869,
            -1.2323217
          ],
          [
            36.8193961,
            -1.2321789
          ]
        ]
      }
    },
    {
      "type": "Feature",
      "id": "way/672298165",
      "properties": {
        "way_id": 672298165,
        "way_version": 1,
        "node_ids": [
          271326718,
          6294058708,
          271326719,
          6294058705,
          6294058706,
          271326720,
          2653524552,
          6294058704
        ],
        "highway": "service",
        "name": "ICRAF Road"
      },
      "geometry": {
        "type": "LineString",
        "coordinates": [
          [
            36.8175163,
            -1.2381547
          ],
          [
            36.8174849,
            -1.2381641
          ],
          [
            36.8174508,
            -1.2381658
          ],
          [
            36.8173917,
            -1.2381441
          ],
          [
            36.8170685,
            -1.2380127
          ],
          [
            36.8145635,
            -1.2370368
          ],
          [
            36.8117867,
            -1.2359643
          ],
          [
            36.8116796,
            -1.2359212
          ]
        ]
      }
    },
    {
      "type": "Feature",
      "id": "way/689318042",
      "properties": {
        "way_id": 689318042,
        "way_version": 1,
        "node_ids": [
          866785023,
          6466491267,
          6466491268
        ],
        "highway": "service"
      },
      "geometry": {
        "type": "LineString",
        "coordinates": [
          [
            36.8152974,
            -1.2397938
          ],
          [
            36.816159,
            -1.2394774
          ],
          [
            36.8163191,
            -1.239415
          ]
        ]
      }
    },
    {
      "type": "Feature",
      "id": "way/692748277",
      "properties": {
        "way_id": 692748277,
        "way_version": 2,
        "node_ids": [
          6503767372,
          6503767373,
          6503767364,
          6503767365,
          6503767366,
          6503767367,
          6503767368,
          6503767369,
          6503767370,
          6503767371,
          6503767361,
          6503767362,
          6503767363,
          2847941626,
          6503767374,
          6503767375,
          6503767376,
          6503767377,
          6503767378,
          6503767379,
          6503767380,
          6503767381,
          6503767382,
          6503767372
        ],
        "highway": "footway",
        "leisure": "track",
        "lit": "no",
        "sport": "running",
        "surface": "grass"
      },
      "geometry": {
        "type": "LineString",
        "coordinates": [
          [
            36.81875,
            -1.2401867
          ],
          [
            36.8187984,
            -1.2400733
          ],
          [
            36.8190951,
            -1.23933
          ],
          [
            36.8191435,
            -1.2392165
          ],
          [
            36.8191544,
            -1.2390937
          ],
          [
            36.8191268,
            -1.2389735
          ],
          [
            36.8190635,
            -1.2388677
          ],
          [
            36.8189705,
            -1.2387867
          ],
          [
            36.818857,
            -1.2387383
          ],
          [
            36.8187341,
            -1.2387275
          ],
          [
            36.8186139,
            -1.2387551
          ],
          [
            36.8184978,
            -1.2388275
          ],
          [
            36.8184134,
            -1.2389352
          ],
          [
            36.8183536,
            -1.2390836
          ],
          [
            36.8180684,
            -1.2397919
          ],
          [
            36.8180259,
            -1.239922
          ],
          [
            36.8180305,
            -1.2400587
          ],
          [
            36.8180816,
            -1.2401856
          ],
          [
            36.818173,
            -1.2402874
          ],
          [
            36.8182937,
            -1.2403519
          ],
          [
            36.8184291,
            -1.2403712
          ],
          [
            36.818563,
            -1.240343
          ],
          [
            36.8186689,
            -1.2402797
          ],
          [
            36.81875,
            -1.2401867
          ]
        ]
      }
    },
    {
      "type": "Feature",
      "id": "way/692748279",
      "properties": {
        "way_id": 692748279,
        "way_version": 2,
        "node_ids": [
          6503768686,
          6503768687,
          2068386428
        ],
        "highway": "path",
        "surface": "dirt"
      },
      "geometry": {
        "type": "LineString",
        "coordinates": [
          [
            36.8242907,
            -1.2331621
          ],
          [
            36.8243311,
            -1.2333951
          ],
          [
            36.8243761,
            -1.2336645
          ]
        ]
      }
    },
    {
      "type": "Feature",
      "id": "way/692748280",
      "properties": {
        "way_id": 692748280,
        "way_version": 2,
        "node_ids": [
          2068386376,
          6503768686
        ],
        "bridge": "yes",
        "highway": "path",
        "layer": "1",
        "surface": "dirt"
      },
      "geometry": {
        "type": "LineString",
        "coordinates": [
          [
            36.8243849,
            -1.232944
          ],
          [
            36.8242907,
            -1.2331621
          ]
        ]
      }
    },
    {
      "type": "Feature",
      "id": "way/787027819",
      "properties": {
        "way_id": 787027819,
        "way_version": 2,
        "node_ids": [
          579636355,
          7357725656
        ],
        "highway": "service",
        "service": "parking_aisle",
        "surface": "paved"
      },
      "geometry": {
        "type": "LineString",
        "coordinates": [
          [
            36.8190859,
            -1.2330411
          ],
          [
            36.819465,
            -1.2332234
          ]
        ]
      }
    },
    {
      "type": "Feature",
      "id": "way/787027820",
      "properties": {
        "way_id": 787027820,
        "way_version": 3,
        "node_ids": [
          579636355,
          7357725657,
          7357725655,
          7357725654,
          7357725653,
          12341401883,
          7357725652,
          7357725651,
          7357725650,
          3683289001
        ],
        "highway": "service",
        "service": "parking_aisle",
        "surface": "paved"
      },
      "geometry": {
        "type": "LineString",
        "coordinates": [
          [
            36.8190859,
            -1.2330411
          ],
          [
            36.8187616,
            -1.2328546
          ],
          [
            36.8187194,
            -1.2328386
          ],
          [
            36.8187033,
            -1.2328386
          ],
          [
            36.8186777,
            -1.2328553
          ],
          [
            36.8186382,
            -1.2329016
          ],
          [
            36.8186074,
            -1.2329579
          ],
          [
            36.8186073,
            -1.2329934
          ],
          [
            36.8186335,
            -1.2330229
          ],
          [
            36.8187758,
            -1.233106
          ]
        ]
      }
    },
    {
      "type": "Feature",
      "id": "way/787027821",
      "properties": {
        "way_id": 787027821,
        "way_version": 2,
        "node_ids": [
          6295591434,
          7357725658
        ],
        "highway": "service",
        "service": "parking_aisle",
        "surface": "paved"
      },
      "geometry": {
        "type": "LineString",
        "coordinates": [
          [
            36.819168,
            -1.2328922
          ],
          [
            36.8188106,
            -1.2326897
          ]
        ]
      }
    },
    {
      "type": "Feature",
      "id": "way/787027822",
      "properties": {
        "way_id": 787027822,
        "way_version": 2,
        "node_ids": [
          7357725666,
          7357725665,
          7357725664,
          7357725663,
          10598252671,
          10598252672,
          7357725662,
          7357725661,
          7357725660,
          7357725659
        ],
        "highway": "service",
        "service": "parking_aisle",
        "surface": "paved"
      },
      "geometry": {
        "type": "LineString",
        "coordinates": [
          [
            36.819738,
            -1.232455
          ],
          [
            36.8193905,
            -1.2323243
          ],
          [
            36.8193543,
            -1.2323358
          ],
          [
            36.8193202,
            -1.232384
          ],
          [
            36.8192883,
            -1.232445
          ],
          [
            36.8192251,
            -1.232566
          ],
          [
            36.8191633,
            -1.2326844
          ],
          [
            36.819174,
            -1.2327085
          ],
          [
            36.8192102,
            -1.2327273
          ],
          [
            36.819584,
            -1.2328825
          ]
        ]
      }
    },
    {
      "type": "Feature",
      "id": "way/863548211",
      "properties": {
        "way_id": 863548211,
        "way_version": 2,
        "node_ids": [
          580578916,
          580578923,
          580578927,
          580578931,
          580578937,
          580578940,
          580578944,
          580578949,
          579621283
        ],
        "highway": "footway"
      },
      "geometry": {
        "type": "LineString",
        "coordinates": [
          [
            36.8183435,
            -1.2341402
          ],
          [
            36.8183716,
            -1.2342096
          ],
          [
            36.8184184,
            -1.2343233
          ],
          [
            36.8184233,
            -1.2343677
          ],
          [
            36.8184119,
            -1.2344213
          ],
          [
            36.8183957,
            -1.2344483
          ],
          [
            36.8183769,
            -1.2344617
          ],
          [
            36.8183179,
            -1.2344724
          ],
          [
            36.8182376,
            -1.2344982
          ]
        ]
      }
    },
    {
      "type": "Feature",
      "id": "way/863548212",
      "properties": {
        "way_id": 863548212,
        "way_version": 2,
        "node_ids": [
          8044381228,
          580579664,
          580579671,
          580579673,
          580579675,
          580579677,
          12688525047,
          580579682,
          580579685,
          686554168
        ],
        "highway": "footway"
      },
      "geometry": {
        "type": "LineString",
        "coordinates": [
          [
            36.816739,
            -1.2332367
          ],
          [
            36.8168555,
            -1.2332635
          ],
          [
            36.8169124,
            -1.2332657
          ],
          [
            36.8172443,
            -1.2333489
          ],
          [
            36.8174247,
            -1.2333944
          ],
          [
            36.8175672,
            -1.2334274
          ],
          [
            36.817967,
            -1.23351
          ],
          [
            36.8180622,
            -1.233505
          ],
          [
            36.818233,
            -1.2335549
          ],
          [
            36.8184967,
            -1.2336503
          ]
        ]
      }
    },
    {
      "type": "Feature",
      "id": "way/885197355",
      "properties": {
        "way_id": 885197355,
        "way_version": 1,
        "node_ids": [
          8231754957,
          8231754959,
          8231754958,
          2344357827
        ],
        "highway": "service",
        "source": "maxar"
      },
      "geometry": {
        "type": "LineString",
        "coordinates": [
          [
            36.8175772,
            -1.238251
          ],
          [
            36.8170837,
            -1.2394742
          ],
          [
            36.8169754,
            -1.2397249
          ],
          [
            36.8168016,
            -1.2399019
          ]
        ]
      }
    },
    {
      "type": "Feature",
      "id": "way/885197356",
      "properties": {
        "way_id": 885197356,
        "way_version": 2,
        "node_ids": [
          3220351102,
          8231774802,
          8231754963,
          8231754967,
          8231754962,
          8231754965,
          8231754966,
          8231754961,
          8231754964,
          8231774801,
          8231754960
        ],
        "highway": "service",
        "source": "maxar"
      },
      "geometry": {
        "type": "LineString",
        "coordinates": [
          [
            36.8194954,
            -1.2354506
          ],
          [
            36.819484,
            -1.235415
          ],
          [
            36.8194674,
            -1.2353819
          ],
          [
            36.8194398,
            -1.2353553
          ],
          [
            36.8194045,
            -1.2353325
          ],
          [
            36.8193566,
            -1.2353123
          ],
          [
            36.8193219,
            -1.235304
          ],
          [
            36.8192932,
            -1.2353076
          ],
          [
            36.8192483,
            -1.2353208
          ],
          [
            36.8192246,
            -1.2353381
          ],
          [
            36.8191982,
            -1.235345
          ]
        ]
      }
    },
    {
      "type": "Feature",
      "id": "way/885197357",
      "properties": {
        "way_id": 885197357,
        "way_version": 1,
        "node_ids": [
          8231754969,
          8231754972,
          8231754973,
          8231754970,
          8231754974,
          8231754971
        ],
        "highway": "service",
        "source": "maxar"
      },
      "geometry": {
        "type": "LineString",
        "coordinates": [
          [
            36.8188368,
            -1.2359104
          ],
          [
            36.819111,
            -1.2359352
          ],
          [
            36.8192751,
            -1.2359669
          ],
          [
            36.8194276,
            -1.2360102
          ],
          [
            36.8195275,
            -1.2360481
          ],
          [
            36.8196854,
            -1.2360724
          ]
        ]
      }
    },
    {
      "type": "Feature",
      "id": "way/885197358",
      "properties": {
        "way_id": 885197358,
        "way_version": 2,
        "node_ids": [
          8231754971,
          8231811060,
          8231754975,
          8231811059,
          8231754976,
          8231811058,
          8231754977,
          8231811057,
          8231754978,
          8231811056,
          8231754979,
          8231811055,
          8231754980,
          8231811054,
          8231754981,
          8231811053,
          8231754982,
          8231811052,
          8231754983,
          8231754974
        ],
        "highway": "service"
      },
      "geometry": {
        "type": "LineString",
        "coordinates": [
          [
            36.8196854,
            -1.2360724
          ],
          [
            36.8197172,
            -1.2360774
          ],
          [
            36.8197477,
            -1.2360754
          ],
          [
            36.8197737,
            -1.2360711
          ],
          [
            36.8197941,
            -1.2360599
          ],
          [
            36.8198128,
            -1.2360407
          ],
          [
            36.8198231,
            -1.2360174
          ],
          [
            36.8198202,
            -1.2359814
          ],
          [
            36.8198062,
            -1.2359454
          ],
          [
            36.8197822,
            -1.2359315
          ],
          [
            36.8197526,
            -1.235921
          ],
          [
            36.8197306,
            -1.2359181
          ],
          [
            36.8196975,
            -1.2359228
          ],
          [
            36.8196722,
            -1.2359303
          ],
          [
            36.8196483,
            -1.2359419
          ],
          [
            36.8196326,
            -1.2359532
          ],
          [
            36.8196102,
            -1.2359761
          ],
          [
            36.8195826,
            -1.236001
          ],
          [
            36.8195564,
            -1.2360232
          ],
          [
            36.8195275,
            -1.2360481
          ]
        ]
      }
    },
    {
      "type": "Feature",
      "id": "way/885201522",
      "properties": {
        "way_id": 885201522,
        "way_version": 1,
        "node_ids": [
          8231754960,
          8231774800,
          8231774799
        ],
        "highway": "service",
        "source": "maxar"
      },
      "geometry": {
        "type": "LineString",
        "coordinates": [
          [
            36.8191982,
            -1.235345
          ],
          [
            36.8191696,
            -1.2353405
          ],
          [
            36.8190836,
            -1.2352954
          ]
        ]
      }
    },
    {
      "type": "Feature",
      "id": "way/885201523",
      "properties": {
        "way_id": 885201523,
        "way_version": 1,
        "node_ids": [
          8231774803,
          8231774805,
          8231774804,
          6294058710
        ],
        "highway": "service",
        "source": "maxar"
      },
      "geometry": {
        "type": "LineString",
        "coordinates": [
          [
            36.8194585,
            -1.2369788
          ],
          [
            36.8193636,
            -1.2369457
          ],
          [
            36.819313,
            -1.2369353
          ],
          [
            36.819225,
            -1.2369306
          ]
        ]
      }
    },
    {
      "type": "Feature",
      "id": "way/885201524",
      "properties": {
        "way_id": 885201524,
        "way_version": 1,
        "node_ids": [
          8231774803,
          8231774806,
          8231774807,
          8231774808,
          8231774809,
          8231774810,
          8231774811,
          8231774812,
          8231774813,
          8231774814,
          8231774815,
          8231774816,
          3220351099
        ],
        "highway": "service"
      },
      "geometry": {
        "type": "LineString",
        "coordinates": [
          [
            36.8194585,
            -1.2369788
          ],
          [
            36.8194962,
            -1.2369811
          ],
          [
            36.8195365,
            -1.2369707
          ],
          [
            36.8195663,
            -1.236946
          ],
          [
            36.8195845,
            -1.2369032
          ],
          [
            36.819604,
            -1.2368434
          ],
          [
            36.8196131,
            -1.2367979
          ],
          [
            36.8195988,
            -1.2367733
          ],
          [
            36.8195611,
            -1.2367551
          ],
          [
            36.8195131,
            -1.2367499
          ],
          [
            36.8194624,
            -1.2367486
          ],
          [
            36.8193948,
            -1.2367512
          ],
          [
            36.8193386,
            -1.2367481
          ]
        ]
      }
    },
    {
      "type": "Feature",
      "id": "way/885201525",
      "properties": {
        "way_id": 885201525,
        "way_version": 1,
        "node_ids": [
          8231788917,
          8231788918,
          8231788919,
          8231788920,
          8231788921,
          8231788922,
          8231788923,
          8231788924,
          8231788925,
          8231788926,
          8231788927,
          8231788928,
          8231788929,
          8231788930,
          8231788931,
          8231788932
        ],
        "highway": "service"
      },
      "geometry": {
        "type": "LineString",
        "coordinates": [
          [
            36.8193569,
            -1.2364336
          ],
          [
            36.8194001,
            -1.2364429
          ],
          [
            36.8194495,
            -1.2364637
          ],
          [
            36.8195002,
            -1.2364754
          ],
          [
            36.8195508,
            -1.2364845
          ],
          [
            36.8195872,
            -1.2364819
          ],
          [
            36.8196262,
            -1.2364728
          ],
          [
            36.8196704,
            -1.236452
          ],
          [
            36.8196964,
            -1.2364117
          ],
          [
            36.819699,
            -1.2363676
          ],
          [
            36.8196704,
            -1.2363338
          ],
          [
            36.8196184,
            -1.2363169
          ],
          [
            36.819543,
            -1.2363078
          ],
          [
            36.8194742,
            -1.2363
          ],
          [
            36.8194105,
            -1.2362857
          ],
          [
            36.819381,
            -1.2362768
          ]
        ]
      }
    },
    {
      "type": "Feature",
      "id": "way/885201526",
      "properties": {
        "way_id": 885201526,
        "way_version": 1,
        "node_ids": [
          6294058711,
          8231788933,
          8231788934,
          8231788940,
          8231788935,
          8231788938,
          8231788939,
          8231788936,
          8231788937
        ],
        "highway": "service",
        "source": "maxar"
      },
      "geometry": {
        "type": "LineString",
        "coordinates": [
          [
            36.819001,
            -1.2373235
          ],
          [
            36.8188886,
            -1.237055
          ],
          [
            36.818858,
            -1.2369066
          ],
          [
            36.8188641,
            -1.2368446
          ],
          [
            36.8188775,
            -1.2367771
          ],
          [
            36.8189081,
            -1.2367512
          ],
          [
            36.8189408,
            -1.236749
          ],
          [
            36.8190603,
            -1.236763
          ],
          [
            36.8192601,
            -1.236835
          ]
        ]
      }
    },
    {
      "type": "Feature",
      "id": "way/995320395",
      "properties": {
        "way_id": 995320395,
        "way_version": 1,
        "node_ids": [
          8231754964,
          9191061554
        ],
        "highway": "service",
        "name": "Unmarked Road",
        "source": "maxar"
      },
      "geometry": {
        "type": "LineString",
        "coordinates": [
          [
            36.8192483,
            -1.2353208
          ],
          [
            36.819016,
            -1.2352123
          ]
        ]
      }
    },
    {
      "type": "Feature",
      "id": "way/1082822653",
      "properties": {
        "way_id": 1082822653,
        "way_version": 2,
        "node_ids": [
          9923873816,
          9923907617,
          9923907618,
          9923907619,
          9923907620,
          9923907621,
          9923907622,
          9923907623,
          9923907624,
          9923907625,
          9923907626,
          9923907627,
          9923907628,
          9923907629,
          9923907630,
          9923907631,
          9923907632,
          9923907633,
          9923907634,
          9923907635,
          9923907636,
          9923907637,
          9923907638,
          9923907639,
          9923907640,
          9923907641,
          9923907642,
          9923907643,
          9923907644,
          9923907645,
          9923907646,
          9923907647,
          9923907648,
          9923907649,
          9923907650,
          12341461516,
          9923907651,
          9923907652,
          9923907653,
          9923907654,
          9923907655,
          9923907656,
          9923907657,
          9923907658,
          9923907659,
          12341461511,
          12341461510,
          12341461515,
          12341461512,
          12341461513,
          12341461514,
          9923907660,
          9923907661,
          9923907662,
          9923907663,
          12341461504,
          12341461505,
          9923907664,
          12341461506,
          12341461507,
          12341461508,
          12341461509,
          9189127987
        ],
        "highway": "path"
      },
      "geometry": {
        "type": "LineString",
        "coordinates": [
          [
            36.8208757,
            -1.2358348
          ],
          [
            36.8208278,
            -1.235752
          ],
          [
            36.8207767,
            -1.2355989
          ],
          [
            36.8207308,
            -1.2355097
          ],
          [
            36.820667,
            -1.2354918
          ],
          [
            36.8205879,
            -1.2354918
          ],
          [
            36.8204603,
            -1.2354076
          ],
          [
            36.8203149,
            -1.2352086
          ],
          [
            36.8202281,
            -1.2351372
          ],
          [
            36.8201133,
            -1.2350275
          ],
          [
            36.8200418,
            -1.2349765
          ],
          [
            36.819927,
            -1.2349892
          ],
          [
            36.8198428,
            -1.2350096
          ],
          [
            36.8196846,
            -1.2349714
          ],
          [
            36.8195672,
            -1.2348846
          ],
          [
            36.8194702,
            -1.2348055
          ],
          [
            36.8193988,
            -1.2346933
          ],
          [
            36.8193758,
            -1.2345708
          ],
          [
            36.8193911,
            -1.2344254
          ],
          [
            36.8194422,
            -1.2342443
          ],
          [
            36.8194881,
            -1.2341218
          ],
          [
            36.8195851,
            -1.2340223
          ],
          [
            36.8197407,
            -1.2338718
          ],
          [
            36.8197637,
            -1.2337519
          ],
          [
            36.8197407,
            -1.2336371
          ],
          [
            36.8197867,
            -1.2335172
          ],
          [
            36.8198249,
            -1.2334509
          ],
          [
            36.819802,
            -1.2333437
          ],
          [
            36.8198632,
            -1.2332672
          ],
          [
            36.8198783,
            -1.2331964
          ],
          [
            36.8199734,
            -1.2330931
          ],
          [
            36.8200908,
            -1.2329754
          ],
          [
            36.8201282,
            -1.232723
          ],
          [
            36.8201632,
            -1.2326265
          ],
          [
            36.8202367,
            -1.2324699
          ],
          [
            36.8202603,
            -1.2323358
          ],
          [
            36.8202931,
            -1.2322293
          ],
          [
            36.8203796,
            -1.2321759
          ],
          [
            36.8203459,
            -1.2321091
          ],
          [
            36.8203692,
            -1.2320646
          ],
          [
            36.8203655,
            -1.231995
          ],
          [
            36.8203666,
            -1.2319354
          ],
          [
            36.8203508,
            -1.2318693
          ],
          [
            36.820343,
            -1.2318107
          ],
          [
            36.8203691,
            -1.2317351
          ],
          [
            36.8204018,
            -1.2316741
          ],
          [
            36.8204413,
            -1.2316513
          ],
          [
            36.8204829,
            -1.2316339
          ],
          [
            36.820664,
            -1.2316131
          ],
          [
            36.8207122,
            -1.2316077
          ],
          [
            36.8208155,
            -1.2316198
          ],
          [
            36.8208534,
            -1.2316503
          ],
          [
            36.8209529,
            -1.2315591
          ],
          [
            36.8210397,
            -1.2314979
          ],
          [
            36.8211137,
            -1.2314469
          ],
          [
            36.8211937,
            -1.2314039
          ],
          [
            36.8212286,
            -1.2313369
          ],
          [
            36.8212097,
            -1.231304
          ],
          [
            36.8211669,
            -1.2312846
          ],
          [
            36.8211038,
            -1.2312712
          ],
          [
            36.8210059,
            -1.2312658
          ],
          [
            36.8208933,
            -1.231239
          ],
          [
            36.8208522,
            -1.2311815
          ]
        ]
      }
    },
    {
      "type": "Feature",
      "id": "way/1136914475",
      "properties": {
        "way_id": 1136914475,
        "way_version": 1,
        "node_ids": [
          10598252671,
          6295591432
        ],
        "highway": "service",
        "service": "parking_aisle",
        "surface": "paved"
      },
      "geometry": {
        "type": "LineString",
        "coordinates": [
          [
            36.8192883,
            -1.232445
          ],
          [
            36.819689,
            -1.2325912
          ]
        ]
      }
    },
    {
      "type": "Feature",
      "id": "way/1136914476",
      "properties": {
        "way_id": 1136914476,
        "way_version": 1,
        "node_ids": [
          10598252672,
          10598252673
        ],
        "highway": "service",
        "service": "parking_aisle",
        "surface": "paved"
      },
      "geometry": {
        "type": "LineString",
        "coordinates": [
          [
            36.8192251,
            -1.232566
          ],
          [
            36.8196314,
            -1.2327385
          ]
        ]
      }
    },
    {
      "type": "Feature",
      "id": "way/1332841839",
      "properties": {
        "way_id": 1332841839,
        "way_version": 3,
        "node_ids": [
          1554843709,
          2847943998,
          2847943999,
          2847944000,
          2847949501,
          2847949502,
          2847949503,
          2847949504,
          2847949505,
          11952038429,
          2847949506,
          2847949507,
          2847949508,
          2847949509,
          2847949510,
          2847949511,
          747730090,
          2847949512,
          2847949513,
          2847949514,
          2847949515,
          2847949516,
          13768253221,
          747730114,
          2847949517,
          2847949518,
          2847949519,
          2847949520,
          2847949521,
          747730055,
          12330717255,
          2847949523
        ],
        "highway": "path",
        "name": "Tara Path",
        "surface": "dirt"
      },
      "geometry": {
        "type": "LineString",
        "coordinates": [
          [
            36.8265215,
            -1.2342925
          ],
          [
            36.82637,
            -1.23432
          ],
          [
            36.826262,
            -1.234231
          ],
          [
            36.826262,
            -1.233726
          ],
          [
            36.826303,
            -1.23344
          ],
          [
            36.826296,
            -1.233406
          ],
          [
            36.826219,
            -1.233285
          ],
          [
            36.8263355,
            -1.2331894
          ],
          [
            36.8264041,
            -1.233024
          ],
          [
            36.8264884,
            -1.2327648
          ],
          [
            36.826527,
            -1.232496
          ],
          [
            36.826647,
            -1.232239
          ],
          [
            36.826688,
            -1.232026
          ],
          [
            36.826806,
            -1.231572
          ],
          [
            36.826865,
            -1.231254
          ],
          [
            36.826967,
            -1.23095
          ],
          [
            36.827097,
            -1.23039
          ],
          [
            36.827138,
            -1.230178
          ],
          [
            36.827176,
            -1.229857
          ],
          [
            36.8271996,
            -1.2298171
          ],
          [
            36.827353,
            -1.229751
          ],
          [
            36.827452,
            -1.229649
          ],
          [
            36.8276472,
            -1.2295833
          ],
          [
            36.8278207,
            -1.2295249
          ],
          [
            36.827921,
            -1.229479
          ],
          [
            36.8280529,
            -1.2294138
          ],
          [
            36.8282727,
            -1.2291957
          ],
          [
            36.8283172,
            -1.2291411
          ],
          [
            36.8283671,
            -1.2290602
          ],
          [
            36.8283857,
            -1.2289647
          ],
          [
            36.8283336,
            -1.2288667
          ],
          [
            36.8283058,
            -1.2288142
          ]
        ]
      }
    },
    {
      "type": "Feature",
      "id": "way/1370092343",
      "properties": {
        "way_id": 1370092343,
        "way_version": 1,
        "node_ids": [
          12688497968,
          2921679606,
          2921679607
        ],
        "bridge": "yes",
        "highway": "footway",
        "layer": "1"
      },
      "geometry": {
        "type": "LineString",
        "coordinates": [
          [
            36.8158682,
            -1.2330437
          ],
          [
            36.8157301,
            -1.2330105
          ],
          [
            36.8154012,
            -1.2329233
          ]
        ]
      }
    },
    {
      "type": "Feature",
      "id": "way/1370092378",
      "properties": {
        "way_id": 1370092378,
        "way_version": 1,
        "node_ids": [
          12688525051,
          12688525052,
          12688525053
        ],
        "bridge": "yes",
        "highway": "footway",
        "layer": "1"
      },
      "geometry": {
        "type": "LineString",
        "coordinates": [
          [
            36.8176042,
            -1.2341602
          ],
          [
            36.8176615,
            -1.2341738
          ],
          [
            36.8177053,
            -1.2341838
          ]
        ]
      }
    },
    {
      "type": "Feature",
      "id": "way/1370092379",
      "properties": {
        "way_id": 1370092379,
        "way_version": 1,
        "node_ids": [
          12688525054,
          12688525055
        ],
        "bridge": "yes",
        "highway": "footway",
        "layer": "1"
      },
      "geometry": {
        "type": "LineString",
        "coordinates": [
          [
            36.8169078,
            -1.2339701
          ],
          [
            36.816957,
            -1.233977
          ]
        ]
      }
    },
    {
      "type": "Feature",
      "id": "way/1378920013",
      "properties": {
        "way_id": 1378920013,
        "way_version": 1,
        "node_ids": [
          12768667846,
          12768667852,
          12768667847
        ],
        "bridge": "yes",
        "highway": "footway",
        "layer": "1"
      },
      "geometry": {
        "type": "LineString",
        "coordinates": [
          [
            36.8152052,
            -1.2325047
          ],
          [
            36.8153506,
            -1.2325431
          ],
          [
            36.8155047,
            -1.2325838
          ]
        ]
      }
    },
    {
      "type": "Feature",
      "id": "way/1378920015",
      "properties": {
        "way_id": 1378920015,
        "way_version": 1,
        "node_ids": [
          12768667852,
          12768667853
        ],
        "bridge": "yes",
        "highway": "footway",
        "layer": "1"
      },
      "geometry": {
        "type": "LineString",
        "coordinates": [
          [
            36.8153506,
            -1.2325431
          ],
          [
            36.8153909,
            -1.2323954
          ]
        ]
      }
    },
    {
      "type": "Feature",
      "id": "way/1378920016",
      "properties": {
        "way_id": 1378920016,
        "way_version": 1,
        "node_ids": [
          12768667854,
          12768667855
        ],
        "bridge": "yes",
        "highway": "footway",
        "layer": "1"
      },
      "geometry": {
        "type": "LineString",
        "coordinates": [
          [
            36.8154177,
            -1.2322827
          ],
          [
            36.8154729,
            -1.2321031
          ]
        ]
      }
    },
    {
      "type": "Feature",
      "id": "way/1421599727",
      "properties": {
        "way_id": 1421599727,
        "way_version": 1,
        "node_ids": [
          6503767379,
          6503767383,
          13064001313
        ],
        "highway": "footway"
      },
      "geometry": {
        "type": "LineString",
        "coordinates": [
          [
            36.8182937,
            -1.2403519
          ],
          [
            36.8182831,
            -1.2403852
          ],
          [
            36.8182779,
            -1.2405008
          ]
        ]
      }
    },
    {
      "type": "Feature",
      "id": "way/1421599728",
      "properties": {
        "way_id": 1421599728,
        "way_version": 1,
        "node_ids": [
          13064001313,
          13064001314,
          13064001315,
          13064001316,
          13064001313
        ],
        "highway": "service",
        "service": "parking_aisle"
      },
      "geometry": {
        "type": "LineString",
        "coordinates": [
          [
            36.8182779,
            -1.2405008
          ],
          [
            36.8181301,
            -1.2406164
          ],
          [
            36.8182204,
            -1.2406623
          ],
          [
            36.8184195,
            -1.2406691
          ],
          [
            36.8182779,
            -1.2405008
          ]
        ]
      }
    },
    {
      "type": "Feature",
      "id": "way/1421599729",
      "properties": {
        "way_id": 1421599729,
        "way_version": 1,
        "node_ids": [
          13064001316,
          2068386644
        ],
        "highway": "service",
        "service": "parking_aisle"
      },
      "geometry": {
        "type": "LineString",
        "coordinates": [
          [
            36.8184195,
            -1.2406691
          ],
          [
            36.8185316,
            -1.2407156
          ]
        ]
      }
    },
    {
      "type": "Feature",
      "id": "way/1427974800",
      "properties": {
        "way_id": 1427974800,
        "way_version": 1,
        "node_ids": [
          579599993,
          13128072288,
          13128072287,
          13128072286,
          13128072285,
          13128072284,
          13128072283,
          13128072264,
          13128072282,
          13128072281,
          13128072280,
          13128072279,
          13128072278,
          13128072277,
          13128072276,
          13128072275,
          13128072274,
          13128072273,
          13128072272,
          13128072271,
          13128072270,
          13128072269,
          13128072268,
          13128072267,
          13128072266,
          13128072265,
          13128072251,
          579601559
        ],
        "highway": "footway"
      },
      "geometry": {
        "type": "LineString",
        "coordinates": [
          [
            36.8155909,
            -1.2363417
          ],
          [
            36.8155436,
            -1.2366062
          ],
          [
            36.8155275,
            -1.2367215
          ],
          [
            36.8155503,
            -1.2367979
          ],
          [
            36.8156241,
            -1.2368489
          ],
          [
            36.8157367,
            -1.2368971
          ],
          [
            36.8158977,
            -1.2370057
          ],
          [
            36.815962,
            -1.2370983
          ],
          [
            36.8160009,
            -1.2371774
          ],
          [
            36.8160331,
            -1.2372377
          ],
          [
            36.8160224,
            -1.2373114
          ],
          [
            36.816009,
            -1.2373999
          ],
          [
            36.8160331,
            -1.2374536
          ],
          [
            36.8161136,
            -1.2374844
          ],
          [
            36.8163215,
            -1.2375528
          ],
          [
            36.8165119,
            -1.2376171
          ],
          [
            36.8165977,
            -1.2376668
          ],
          [
            36.8168995,
            -1.2376962
          ],
          [
            36.8169773,
            -1.2377257
          ],
          [
            36.8170604,
            -1.2377981
          ],
          [
            36.8171275,
            -1.2378638
          ],
          [
            36.8172254,
            -1.2378893
          ],
          [
            36.8172978,
            -1.2379295
          ],
          [
            36.8174051,
            -1.2379832
          ],
          [
            36.8174869,
            -1.2379993
          ],
          [
            36.8175714,
            -1.2379952
          ],
          [
            36.81766,
            -1.2379224
          ],
          [
            36.8176696,
            -1.2379172
          ]
        ]
      }
    },
    {
      "type": "Feature",
      "id": "way/1504673113",
      "properties": {
        "way_id": 1504673113,
        "way_version": 1,
        "node_ids": [
          13768277790,
          13768277791,
          13768277792,
          13768277793,
          13768277794
        ],
        "bicycle": "designated",
        "foot": "designated",
        "highway": "path",
        "mtb:scale": "2",
        "source": "Strava Global Heatmap"
      },
      "geometry": {
        "type": "LineString",
        "coordinates": [
          [
            36.822495,
            -1.2336447
          ],
          [
            36.8229567,
            -1.2335209
          ],
          [
            36.8232649,
            -1.2333975
          ],
          [
            36.8236011,
            -1.2332237
          ],
          [
            36.8237977,
            -1.2330979
          ]
        ]
      }
    },
    {
      "type": "Feature",
      "id": "way/1504844701",
      "properties": {
        "way_id": 1504844701,
        "way_version": 1,
        "node_ids": [
          271326712,
          13769413444,
          13769413445,
          13769413446,
          13769413447,
          13769413448,
          13769413449,
          13769413450,
          13769413451,
          13769413452,
          13769413453,
          13769413454,
          13769413455,
          9923907622
        ],
        "bicycle": "yes",
        "foot": "no",
        "highway": "path",
        "mtb:scale": "1",
        "source": "Strava Global Heatmap"
      },
      "geometry": {
        "type": "LineString",
        "coordinates": [
          [
            36.8193478,
            -1.2386059
          ],
          [
            36.8192456,
            -1.238453
          ],
          [
            36.8192203,
            -1.2382603
          ],
          [
            36.8192557,
            -1.2380221
          ],
          [
            36.8193822,
            -1.2378345
          ],
          [
            36.8195137,
            -1.2375506
          ],
          [
            36.8196468,
            -1.2373166
          ],
          [
            36.8196417,
            -1.2370834
          ],
          [
            36.8199503,
            -1.2366931
          ],
          [
            36.820178,
            -1.2361111
          ],
          [
            36.8203955,
            -1.2357816
          ],
          [
            36.8203854,
            -1.2356447
          ],
          [
            36.8204765,
            -1.2355737
          ],
          [
            36.8204603,
            -1.2354076
          ]
        ]
      }
    }
  ]
}
