{
  "type": "FeatureCollection",
  "features": [
    {
      "type": "Feature",
      "id": "way/25704539",
      "properties": {
        "way_id": 25704539,
        "way_version": 11,
        "node_ids": [
          12373008844,
          12373008845,
          12373008846,
          2464781556,
          6158544315,
          2464781555,
          8573927716,
          2464781554,
          2464781553,
          280247839,
          6158544314,
          2464781552,
          6158544316,
          5348847742,
          280247840,
          5348847739,
          8573928411,
          4254795038,
          4254795036,
          280247841,
          280247842,
          280247844,
          280247845,
          6056561536,
          6191599526,
          280247846
        ],
        "highway": "residential",
        "name": "Ridgeways Springs"
      },
      "geometry": {
        "type": "LineString",
        "coordinates": [
          [
            36.8401918,
            -1.2271925
          ],
          [
            36.8401502,
            -1.2271147
          ],
          [
            36.8401649,
            -1.2270745
          ],
          [
            36.8404615,
            -1.2269169
          ],
          [
            36.8408475,
            -1.2267326
          ],
          [
            36.8408826,
            -1.2267158
          ],
          [
            36.840907,
            -1.2267047
          ],
          [
            36.8409323,
            -1.2267011
          ],
          [
            36.8409739,
            -1.2267078
          ],
          [
            36.8410262,
            -1.2267266
          ],
          [
            36.8410755,
            -1.2267634
          ],
          [
            36.8411629,
            -1.2268473
          ],
          [
            36.8412123,
            -1.2269029
          ],
          [
            36.8412435,
            -1.2269492
          ],
          [
            36.8412694,
            -1.2269932
          ],
          [
            36.8413783,
            -1.2272188
          ],
          [
            36.8415832,
            -1.2276833
          ],
          [
            36.8416477,
            -1.2278305
          ],
          [
            36.8418648,
            -1.2282885
          ],
          [
            36.841932,
            -1.2284426
          ],
          [
            36.8419947,
            -1.2285782
          ],
          [
            36.8420444,
            -1.2286875
          ],
          [
            36.8418373,
            -1.2287845
          ],
          [
            36.8415964,
            -1.2289033
          ],
          [
            36.8409432,
            -1.2292275
          ],
          [
            36.840796,
            -1.2292995
          ]
        ]
      }
    },
    {
      "type": "Feature",
      "id": "way/41042652",
      "properties": {
        "way_id": 41042652,
        "way_version": 15,
        "node_ids": [
          500125440,
          7716741679,
          272328862,
          272328863,
          272328864,
          6274731999,
          6164115700,
          272328865,
          6274732000,
          272328866,
          6274732001,
          272328867,
          272328868,
          272328869,
          272328870
        ],
        "access": "yes",
        "highway": "residential",
        "name": "Tara Road"
      },
      "geometry": {
        "type": "LineString",
        "coordinates": [
          [
            36.8423334,
            -1.2312051
          ],
          [
            36.8418516,
            -1.231161
          ],
          [
            36.8404133,
            -1.2309917
          ],
          [
            36.8403463,
            -1.2309895
          ],
          [
            36.8400554,
            -1.2309902
          ],
          [
            36.8399145,
            -1.231001
          ],
          [
            36.8397565,
            -1.2310209
          ],
          [
            36.8390002,
            -1.2311518
          ],
          [
            36.8388158,
            -1.2311827
          ],
          [
            36.8386545,
            -1.2312044
          ],
          [
            36.838561,
            -1.2312102
          ],
          [
            36.8384571,
            -1.2312044
          ],
          [
            36.8381779,
            -1.2310962
          ],
          [
            36.8377276,
            -1.2308697
          ],
          [
            36.8371313,
            -1.2304994
          ]
        ]
      }
    },
    {
      "type": "Feature",
      "id": "way/60200206",
      "properties": {
        "way_id": 60200206,
        "way_version": 7,
        "node_ids": [
          748782348,
          11952128638,
          1562490570,
          747730117
        ],
        "highway": "path",
        "surface": "dirt"
      },
      "geometry": {
        "type": "LineString",
        "coordinates": [
          [
            36.8312374,
            -1.2414581
          ],
          [
            36.8311004,
            -1.241366
          ],
          [
            36.8310477,
            -1.2412722
          ],
          [
            36.831305,
            -1.2398736
          ]
        ]
      }
    },
    {
      "type": "Feature",
      "id": "way/142061035",
      "properties": {
        "way_id": 142061035,
        "way_version": 5,
        "node_ids": [
          747730094,
          1554843723,
          1554843719,
          1554843727,
          1554843746,
          1554843744,
          2068386626,
          9521586419,
          1554843741,
          1554843740,
          1554843736,
          1554843729,
          1554843724,
          1554843721,
          1554843718,
          1554843715,
          1554843713,
          1554843725,
          1554843708,
          1554843707,
          1554843733,
          1554843748,
          2068386469,
          2068386470,
          1554843732,
          2068386486,
          1554843751,
          1554843750,
          2068386824,
          2068386492,
          1554843701,
          1554843754
        ],
        "highway": "path",
        "surface": "dirt"
      },
      "geometry": {
        "type": "LineString",
        "coordinates": [
          [
            36.8242877,
            -1.2413712
          ],
          [
            36.8244267,
            -1.2409247
          ],
          [
            36.8245339,
            -1.24056
          ],
          [
            36.824652,
            -1.2401846
          ],
          [
            36.8247288,
            -1.2397211
          ],
          [
            36.8248816,
            -1.2391992
          ],
          [
            36.824964,
            -1.2389248
          ],
          [
            36.8250104,
            -1.2387985
          ],
          [
            36.8251026,
            -1.2384255
          ],
          [
            36.8251884,
            -1.2380393
          ],
          [
            36.8252635,
            -1.2376317
          ],
          [
            36.8253815,
            -1.2372885
          ],
          [
            36.8254352,
            -1.2369345
          ],
          [
            36.8255854,
            -1.2363553
          ],
          [
            36.8256819,
            -1.2359799
          ],
          [
            36.8256819,
            -1.2357224
          ],
          [
            36.825639,
            -1.2355186
          ],
          [
            36.8255103,
            -1.2352719
          ],
          [
            36.8253064,
            -1.2349394
          ],
          [
            36.8251669,
            -1.2347356
          ],
          [
            36.8250597,
            -1.2344889
          ],
          [
            36.8249416,
            -1.2342315
          ],
          [
            36.8250328,
            -1.2342616
          ],
          [
            36.8252311,
            -1.2343078
          ],
          [
            36.8254352,
            -1.2344031
          ],
          [
            36.8256146,
            -1.2345215
          ],
          [
            36.8259097,
            -1.2346652
          ],
          [
            36.8261606,
            -1.2347617
          ],
          [
            36.8262294,
            -1.2347595
          ],
          [
            36.8262625,
            -1.2347132
          ],
          [
            36.8262874,
            -1.2346372
          ],
          [
            36.8263091,
            -1.2345341
          ]
        ]
      }
    },
    {
      "type": "Feature",
      "id": "way/142061036",
      "properties": {
        "way_id": 142061036,
        "way_version": 4,
        "node_ids": [
          747730028,
          1554843711,
          2068386562,
          747730084
        ],
        "highway": "path",
        "surface": "dirt"
      },
      "geometry": {
        "type": "LineString",
        "coordinates": [
          [
            36.828673,
            -1.236668
          ],
          [
            36.8288489,
            -1.2367997
          ],
          [
            36.8290899,
            -1.2369627
          ],
          [
            36.829256,
            -1.237042
          ]
        ]
      }
    },
    {
      "type": "Feature",
      "id": "way/142776097",
      "properties": {
        "way_id": 142776097,
        "way_version": 8,
        "node_ids": [
          747730050,
          2847934440,
          1554849709,
          2847934441,
          2847934442,
          1554849700,
          1554849692,
          2847934443,
          747730036,
          2847934444,
          747730072,
          2847934445,
          2847934446,
          2847934447,
          2847934448,
          2847934449,
          747730056,
          2847934450,
          747730091,
          2847934451,
          2847934452,
          747730077,
          1554849690,
          2847934453,
          2847934454,
          1554849695,
          2847934455,
          2847934456,
          2847934457,
          747730115,
          2847934458,
          2847934459,
          2847934460,
          747730097,
          2847934461,
          2847934462,
          2847934463,
          747730040,
          2847934464,
          747730121,
          2847934465,
          1554849699,
          2847934466,
          2847934467,
          2847934468,
          747730062,
          2847934469,
          1554849702,
          747730049,
          2068386566,
          2068386571,
          2847934470,
          2068386564,
          2847934471,
          747730084
        ],
        "highway": "footway",
        "surface": "dirt"
      },
      "geometry": {
        "type": "LineString",
        "coordinates": [
          [
            36.8417263,
            -1.242441
          ],
          [
            36.8416004,
            -1.2420979
          ],
          [
            36.8415427,
            -1.2419081
          ],
          [
            36.8415084,
            -1.2416795
          ],
          [
            36.8414382,
            -1.2415514
          ],
          [
            36.84147,
            -1.2412382
          ],
          [
            36.841275,
            -1.240967
          ],
          [
            36.841075,
            -1.240819
          ],
          [
            36.840904,
            -1.240764
          ],
          [
            36.840762,
            -1.240737
          ],
          [
            36.840559,
            -1.240663
          ],
          [
            36.84024,
            -1.240494
          ],
          [
            36.840163,
            -1.24042
          ],
          [
            36.840065,
            -1.240375
          ],
          [
            36.839958,
            -1.240279
          ],
          [
            36.839803,
            -1.240186
          ],
          [
            36.83942,
            -1.239989
          ],
          [
            36.839097,
            -1.23996
          ],
          [
            36.838809,
            -1.239953
          ],
          [
            36.838524,
            -1.239995
          ],
          [
            36.838322,
            -1.240067
          ],
          [
            36.838038,
            -1.240117
          ],
          [
            36.83793,
            -1.240123
          ],
          [
            36.837787,
            -1.240105
          ],
          [
            36.837607,
            -1.239985
          ],
          [
            36.837559,
            -1.239932
          ],
          [
            36.83711,
            -1.239571
          ],
          [
            36.836698,
            -1.239175
          ],
          [
            36.836656,
            -1.239117
          ],
          [
            36.836485,
            -1.238986
          ],
          [
            36.836116,
            -1.238763
          ],
          [
            36.835785,
            -1.238624
          ],
          [
            36.835595,
            -1.238522
          ],
          [
            36.835294,
            -1.238402
          ],
          [
            36.835119,
            -1.238356
          ],
          [
            36.834868,
            -1.238345
          ],
          [
            36.834546,
            -1.238303
          ],
          [
            36.834301,
            -1.238245
          ],
          [
            36.833835,
            -1.238257
          ],
          [
            36.833513,
            -1.238213
          ],
          [
            36.833406,
            -1.238218
          ],
          [
            36.833029,
            -1.238095
          ],
          [
            36.832679,
            -1.237911
          ],
          [
            36.832572,
            -1.237895
          ],
          [
            36.832279,
            -1.237756
          ],
          [
            36.831842,
            -1.237588
          ],
          [
            36.831467,
            -1.237466
          ],
          [
            36.831335,
            -1.237408
          ],
          [
            36.830623,
            -1.237311
          ],
          [
            36.830101,
            -1.237174
          ],
          [
            36.829816,
            -1.237133
          ],
          [
            36.829673,
            -1.237145
          ],
          [
            36.829566,
            -1.237129
          ],
          [
            36.82939,
            -1.237091
          ],
          [
            36.829256,
            -1.237042
          ]
        ]
      }
    },
    {
      "type": "Feature",
      "id": "way/142776098",
      "properties": {
        "way_id": 142776098,
        "way_version": 6,
        "node_ids": [
          5518866301,
          5518866300,
          5518866299,
          2068386553,
          2068386536,
          2068386530,
          2068386525,
          1562490582,
          2068386519,
          2068386515,
          1562490581,
          2068386512,
          1562490583,
          2068386508
        ],
        "highway": "path",
        "surface": "dirt"
      },
      "geometry": {
        "type": "LineString",
        "coordinates": [
          [
            36.8306975,
            -1.2366499
          ],
          [
            36.8306423,
            -1.2367168
          ],
          [
            36.8304664,
            -1.236832
          ],
          [
            36.8295373,
            -1.2366521
          ],
          [
            36.829394,
            -1.2365838
          ],
          [
            36.8289863,
            -1.2364692
          ],
          [
            36.8289136,
            -1.236423
          ],
          [
            36.8287461,
            -1.2362923
          ],
          [
            36.8286756,
            -1.2361255
          ],
          [
            36.8285412,
            -1.2359294
          ],
          [
            36.8284038,
            -1.2358264
          ],
          [
            36.8279704,
            -1.2355967
          ],
          [
            36.8278438,
            -1.2354871
          ],
          [
            36.8278051,
            -1.2353588
          ]
        ]
      }
    },
    {
      "type": "Feature",
      "id": "way/142777585",
      "properties": {
        "way_id": 142777585,
        "way_version": 3,
        "node_ids": [
          747730028,
          2068386533,
          2068386523,
          1554843752,
          1554843702,
          1554843697,
          1554843753,
          1554843726,
          1554843700,
          1554843755,
          1554843728,
          1554843698,
          1554843701
        ],
        "highway": "path",
        "surface": "dirt"
      },
      "geometry": {
        "type": "LineString",
        "coordinates": [
          [
            36.828673,
            -1.236668
          ],
          [
            36.8286403,
            -1.2365507
          ],
          [
            36.8285324,
            -1.2364163
          ],
          [
            36.8282714,
            -1.2361829
          ],
          [
            36.8280005,
            -1.2359552
          ],
          [
            36.8277495,
            -1.2358017
          ],
          [
            36.82758,
            -1.23567
          ],
          [
            36.8273664,
            -1.235465
          ],
          [
            36.8271303,
            -1.2352612
          ],
          [
            36.8269265,
            -1.2350681
          ],
          [
            36.8265295,
            -1.2348429
          ],
          [
            36.8263578,
            -1.2347249
          ],
          [
            36.8262874,
            -1.2346372
          ]
        ]
      }
    },
    {
      "type": "Feature",
      "id": "way/142777587",
      "properties": {
        "way_id": 142777587,
        "way_version": 10,
        "node_ids": [
          747730080,
          13556268407,
          13556268408,
          13556268406,
          10597364829,
          9521586419,
          13075357895,
          10597364827,
          10597364828,
          1562490578,
          747730117,
          1554849683,
          2847824259,
          10597364831,
          1554849717,
          1554849705,
          10597364830,
          1554849691,
          1554849693,
          1554849696,
          2847824268,
          1554849682,
          2847824269,
          1554849701,
          2847824270,
          2847934474,
          1554849703,
          2847824271,
          1554849681,
          1554849708,
          1554849714,
          2847934475,
          2847934476,
          1554849718,
          9810358818,
          1554849712,
          6503768699,
          6503768700
        ],
        "highway": "footway",
        "name": "Middle Track",
        "surface": "dirt"
      },
      "geometry": {
        "type": "LineString",
        "coordinates": [
          [
            36.819383,
            -1.238357
          ],
          [
            36.8202575,
            -1.2383025
          ],
          [
            36.821155,
            -1.2385236
          ],
          [
            36.8217089,
            -1.2385673
          ],
          [
            36.8232911,
            -1.2385826
          ],
          [
            36.8250104,
            -1.2387985
          ],
          [
            36.8267992,
            -1.2389588
          ],
          [
            36.8275042,
            -1.2390219
          ],
          [
            36.8285316,
            -1.2391186
          ],
          [
            36.8296896,
            -1.2393893
          ],
          [
            36.831305,
            -1.2398736
          ],
          [
            36.832441,
            -1.240147
          ],
          [
            36.8327423,
            -1.2402307
          ],
          [
            36.8333101,
            -1.2403091
          ],
          [
            36.8338343,
            -1.240306
          ],
          [
            36.835679,
            -1.240536
          ],
          [
            36.836384,
            -1.2407136
          ],
          [
            36.836988,
            -1.241021
          ],
          [
            36.837299,
            -1.241259
          ],
          [
            36.837763,
            -1.241535
          ],
          [
            36.838106,
            -1.241794
          ],
          [
            36.838434,
            -1.24207
          ],
          [
            36.838492,
            -1.24216
          ],
          [
            36.838645,
            -1.242255
          ],
          [
            36.83875,
            -1.242354
          ],
          [
            36.838865,
            -1.242492
          ],
          [
            36.838967,
            -1.242639
          ],
          [
            36.839069,
            -1.24283
          ],
          [
            36.839231,
            -1.243192
          ],
          [
            36.839299,
            -1.243434
          ],
          [
            36.839382,
            -1.243634
          ],
          [
            36.839676,
            -1.244251
          ],
          [
            36.839771,
            -1.244484
          ],
          [
            36.8399153,
            -1.2448482
          ],
          [
            36.8399304,
            -1.2448868
          ],
          [
            36.8405662,
            -1.2464909
          ],
          [
            36.8405875,
            -1.2468271
          ],
          [
            36.8399934,
            -1.2479522
          ]
        ]
      }
    },
    {
      "type": "Feature",
      "id": "way/196510836",
      "properties": {
        "way_id": 196510836,
        "way_version": 2,
        "node_ids": [
          2068386428,
          2068386431,
          2068386434,
          2068386448,
          2068386453,
          2068386456,
          2068386459,
          2068386463,
          2068386465,
          1554843748
        ],
        "check_date:surface": "2026-03-14",
        "highway": "footway",
        "surface": "dirt"
      },
      "geometry": {
        "type": "LineString",
        "coordinates": [
          [
            36.8243761,
            -1.2336645
          ],
          [
            36.8243849,
            -1.2337019
          ],
          [
            36.8244466,
            -1.2337482
          ],
          [
            36.8245171,
            -1.2337879
          ],
          [
            36.824592,
            -1.2338496
          ],
          [
            36.824711,
            -1.2339641
          ],
          [
            36.8247838,
            -1.2340346
          ],
          [
            36.8248411,
            -1.2341007
          ],
          [
            36.8248829,
            -1.2341668
          ],
          [
            36.8249416,
            -1.2342315
          ]
        ]
      }
    },
    {
      "type": "Feature",
      "id": "way/196510839",
      "properties": {
        "way_id": 196510839,
        "way_version": 2,
        "node_ids": [
          1554843754,
          2068386481
        ],
        "bridge": "yes",
        "check_date:surface": "2026-03-14",
        "highway": "footway",
        "surface": "dirt"
      },
      "geometry": {
        "type": "LineString",
        "coordinates": [
          [
            36.8263091,
            -1.2345341
          ],
          [
            36.8263374,
            -1.2344488
          ]
        ]
      }
    },
    {
      "type": "Feature",
      "id": "way/196510840",
      "properties": {
        "way_id": 196510840,
        "way_version": 2,
        "node_ids": [
          2068386508,
          2068386506
        ],
        "bridge": "yes",
        "check_date:surface": "2026-03-14",
        "highway": "footway",
        "surface": "dirt"
      },
      "geometry": {
        "type": "LineString",
        "coordinates": [
          [
            36.8278051,
            -1.2353588
          ],
          [
            36.8278382,
            -1.2352949
          ]
        ]
      }
    },
    {
      "type": "Feature",
      "id": "way/196510842",
      "properties": {
        "way_id": 196510842,
        "way_version": 4,
        "node_ids": [
          2068386820,
          2068386284,
          2068386287,
          2068386293,
          2068386297,
          2068386301,
          2068386307,
          2068386310,
          2068386318,
          2068386323,
          2068386328,
          2068386338,
          2068386346,
          2068386353,
          2068386361,
          2068386369,
          13768277794,
          2068386401,
          2068386415,
          2068386419,
          2068386422,
          2068386428
        ],
        "highway": "path",
        "surface": "dirt"
      },
      "geometry": {
        "type": "LineString",
        "coordinates": [
          [
            36.821757,
            -1.2315153
          ],
          [
            36.8219233,
            -1.2315251
          ],
          [
            36.8220092,
            -1.2315604
          ],
          [
            36.8220996,
            -1.2316088
          ],
          [
            36.8223927,
            -1.2316948
          ],
          [
            36.8225822,
            -1.2318248
          ],
          [
            36.8226571,
            -1.2318887
          ],
          [
            36.8229128,
            -1.2320407
          ],
          [
            36.822948,
            -1.2320803
          ],
          [
            36.8230913,
            -1.2321641
          ],
          [
            36.8232169,
            -1.2322676
          ],
          [
            36.8233028,
            -1.232369
          ],
          [
            36.8234108,
            -1.2325386
          ],
          [
            36.8234637,
            -1.2326422
          ],
          [
            36.8235607,
            -1.2327854
          ],
          [
            36.8236356,
            -1.2329044
          ],
          [
            36.8237977,
            -1.2330979
          ],
          [
            36.8239309,
            -1.2332569
          ],
          [
            36.8241359,
            -1.2335014
          ],
          [
            36.8242196,
            -1.2335477
          ],
          [
            36.8243254,
            -1.2336424
          ],
          [
            36.8243761,
            -1.2336645
          ]
        ]
      }
    },
    {
      "type": "Feature",
      "id": "way/196510845",
      "properties": {
        "way_id": 196510845,
        "way_version": 2,
        "node_ids": [
          2068386481,
          2068386478,
          2068386472,
          1554843709
        ],
        "check_date:surface": "2026-03-14",
        "highway": "footway",
        "surface": "dirt"
      },
      "geometry": {
        "type": "LineString",
        "coordinates": [
          [
            36.8263374,
            -1.2344488
          ],
          [
            36.8263639,
            -1.2343894
          ],
          [
            36.8264939,
            -1.2343299
          ],
          [
            36.8265215,
            -1.2342925
          ]
        ]
      }
    },
    {
      "type": "Feature",
      "id": "way/196510852",
      "properties": {
        "way_id": 196510852,
        "way_version": 2,
        "node_ids": [
          2068386506,
          2068386504,
          2068386502,
          1554843742,
          1554843747,
          1554843710,
          2068386467,
          1554843709
        ],
        "highway": "path",
        "surface": "dirt"
      },
      "geometry": {
        "type": "LineString",
        "coordinates": [
          [
            36.8278382,
            -1.2352949
          ],
          [
            36.8278712,
            -1.2352883
          ],
          [
            36.827847,
            -1.235242
          ],
          [
            36.8277954,
            -1.235228
          ],
          [
            36.8270279,
            -1.2346956
          ],
          [
            36.8267718,
            -1.2343837
          ],
          [
            36.8266041,
            -1.2342307
          ],
          [
            36.8265215,
            -1.2342925
          ]
        ]
      }
    },
    {
      "type": "Feature",
      "id": "way/226154285",
      "properties": {
        "way_id": 226154285,
        "way_version": 11,
        "node_ids": [
          1283152172,
          2350044073,
          6158544313,
          6397800322,
          5348814996,
          2350044079,
          6158931071,
          6056561535,
          6158931072,
          8548507870,
          6158931073,
          8548507879,
          2350044075
        ],
        "highway": "residential",
        "name": "Ridgeways Springs"
      },
      "geometry": {
        "type": "LineString",
        "coordinates": [
          [
            36.8463793,
            -1.2290633
          ],
          [
            36.8460425,
            -1.2292702
          ],
          [
            36.8452518,
            -1.2297386
          ],
          [
            36.8446287,
            -1.2301098
          ],
          [
            36.8443226,
            -1.230285
          ],
          [
            36.8440484,
            -1.2304609
          ],
          [
            36.8434829,
            -1.2307818
          ],
          [
            36.8434069,
            -1.2308296
          ],
          [
            36.8432669,
            -1.2309239
          ],
          [
            36.8430377,
            -1.2310945
          ],
          [
            36.8429008,
            -1.2312068
          ],
          [
            36.8427949,
            -1.2312967
          ],
          [
            36.8426071,
            -1.2314562
          ]
        ]
      }
    },
    {
      "type": "Feature",
      "id": "way/280720873",
      "properties": {
        "way_id": 280720873,
        "way_version": 5,
        "node_ids": [
          9350977947,
          9350977946,
          2847824323,
          2847824292,
          2847824324,
          2847824325,
          2847824326,
          2847824327,
          2847824329,
          2847824331,
          2847824332,
          2847824333,
          2847824293,
          2847824334,
          2847824335,
          2847824294,
          2847824336,
          2847824337,
          2847824338,
          2847824339,
          2847824340,
          2847824341,
          2847824342,
          2847824343,
          2847824344,
          2847824345,
          2847824346,
          2847824347,
          2847824348,
          2847824349,
          2847824350,
          2847824351,
          2847824295
        ],
        "highway": "footway",
        "name": "Fika Bikeshare"
      },
      "geometry": {
        "type": "LineString",
        "coordinates": [
          [
            36.8425351,
            -1.2351962
          ],
          [
            36.8423903,
            -1.2351264
          ],
          [
            36.842224,
            -1.235046
          ],
          [
            36.842131,
            -1.234938
          ],
          [
            36.842066,
            -1.234907
          ],
          [
            36.842029,
            -1.234908
          ],
          [
            36.841826,
            -1.234978
          ],
          [
            36.841605,
            -1.235096
          ],
          [
            36.840931,
            -1.235207
          ],
          [
            36.84067,
            -1.235325
          ],
          [
            36.840534,
            -1.235372
          ],
          [
            36.840363,
            -1.235556
          ],
          [
            36.840332,
            -1.235574
          ],
          [
            36.839903,
            -1.235619
          ],
          [
            36.839833,
            -1.235608
          ],
          [
            36.83958,
            -1.235471
          ],
          [
            36.839471,
            -1.235379
          ],
          [
            36.83941,
            -1.235291
          ],
          [
            36.839318,
            -1.235237
          ],
          [
            36.83922,
            -1.235131
          ],
          [
            36.839109,
            -1.235039
          ],
          [
            36.839032,
            -1.234921
          ],
          [
            36.838646,
            -1.234601
          ],
          [
            36.8383318,
            -1.2343629
          ],
          [
            36.8380785,
            -1.2341715
          ],
          [
            36.838041,
            -1.234108
          ],
          [
            36.837983,
            -1.234064
          ],
          [
            36.837872,
            -1.233924
          ],
          [
            36.837712,
            -1.23378
          ],
          [
            36.83749,
            -1.233544
          ],
          [
            36.837357,
            -1.233424
          ],
          [
            36.837121,
            -1.233261
          ],
          [
            36.8370948,
            -1.233241
          ]
        ]
      }
    },
    {
      "type": "Feature",
      "id": "way/280720874",
      "properties": {
        "way_id": 280720874,
        "way_version": 4,
        "node_ids": [
          2847824306,
          2847824359,
          2847824360,
          2847824361,
          2847824362,
          2847824363,
          2847824364,
          2847824352,
          2847824365,
          2847824366,
          2847824367,
          2847824368,
          2847824369,
          6503767355,
          2847824370,
          2847824371,
          2847824353,
          2847824372,
          2847824373,
          2847824374,
          2847824375,
          2847824376,
          2847824377,
          2847824378,
          2847824379,
          2847824380,
          2847824381,
          2847824382,
          2847824383,
          2847824384,
          2847824385,
          2847824386,
          2847824387,
          2847824388,
          2847824389,
          6503768695,
          2847824390,
          2847824391,
          2847824392,
          2847824393,
          2847824354,
          2847824394,
          2847824395,
          2847824396,
          2847824397,
          2847824355,
          2847824398,
          2847824399,
          2847824400,
          2847824401,
          2847824402,
          2847824403,
          2847824404,
          2847824405,
          2847824406,
          2847824407,
          2847824356,
          2847824408,
          2847824409,
          2847824411,
          2847824412,
          2847824413,
          2847824414,
          2847824415,
          2847824357,
          2847824416,
          2847824417,
          2847824418,
          2847824419,
          2847824420,
          2847824421,
          2847824422,
          2847824423,
          2847824358,
          2847824424,
          2847824425,
          6503768690,
          2847824426,
          2847824427,
          2847824428,
          2847949514
        ],
        "bicycle": "yes",
        "highway": "path",
        "name": "Muhuga Trail",
        "surface": "dirt"
      },
      "geometry": {
        "type": "LineString",
        "coordinates": [
          [
            36.8434199,
            -1.2376245
          ],
          [
            36.8432069,
            -1.2376485
          ],
          [
            36.8430629,
            -1.2376405
          ],
          [
            36.8426659,
            -1.2376555
          ],
          [
            36.8422219,
            -1.2377965
          ],
          [
            36.842066,
            -1.237836
          ],
          [
            36.8418393,
            -1.2379139
          ],
          [
            36.8416026,
            -1.2379466
          ],
          [
            36.8412764,
            -1.2378659
          ],
          [
            36.8410279,
            -1.2377005
          ],
          [
            36.8408779,
            -1.2376015
          ],
          [
            36.8405699,
            -1.2375035
          ],
          [
            36.8404999,
            -1.2374955
          ],
          [
            36.8404422,
            -1.23741
          ],
          [
            36.8404001,
            -1.2373922
          ],
          [
            36.8402702,
            -1.2372916
          ],
          [
            36.8401613,
            -1.2372256
          ],
          [
            36.8399879,
            -1.2370635
          ],
          [
            36.8398439,
            -1.2369065
          ],
          [
            36.8397109,
            -1.2368535
          ],
          [
            36.8396229,
            -1.2367925
          ],
          [
            36.8395529,
            -1.2367735
          ],
          [
            36.8394279,
            -1.2367025
          ],
          [
            36.8392919,
            -1.2366535
          ],
          [
            36.8391819,
            -1.2365635
          ],
          [
            36.8390759,
            -1.2365425
          ],
          [
            36.8389449,
            -1.2364835
          ],
          [
            36.8386369,
            -1.2362955
          ],
          [
            36.8385389,
            -1.2361915
          ],
          [
            36.8383639,
            -1.2360635
          ],
          [
            36.8383039,
            -1.2359855
          ],
          [
            36.8382679,
            -1.2359865
          ],
          [
            36.8381739,
            -1.2359325
          ],
          [
            36.8381009,
            -1.2358535
          ],
          [
            36.8378389,
            -1.2356635
          ],
          [
            36.8376661,
            -1.2355053
          ],
          [
            36.8374949,
            -1.2353485
          ],
          [
            36.8374299,
            -1.2353185
          ],
          [
            36.8372919,
            -1.2352025
          ],
          [
            36.8371549,
            -1.2351565
          ],
          [
            36.8370029,
            -1.2350635
          ],
          [
            36.8366979,
            -1.2349545
          ],
          [
            36.8360599,
            -1.2348355
          ],
          [
            36.8358189,
            -1.2347715
          ],
          [
            36.8355709,
            -1.2347515
          ],
          [
            36.8347919,
            -1.2346055
          ],
          [
            36.8346259,
            -1.2345355
          ],
          [
            36.8343709,
            -1.2344005
          ],
          [
            36.8343379,
            -1.2343395
          ],
          [
            36.8342079,
            -1.2342815
          ],
          [
            36.8340039,
            -1.2341335
          ],
          [
            36.8337789,
            -1.2340205
          ],
          [
            36.8335979,
            -1.2339005
          ],
          [
            36.8333079,
            -1.2336325
          ],
          [
            36.8330499,
            -1.2333315
          ],
          [
            36.8329669,
            -1.2332145
          ],
          [
            36.8326519,
            -1.2328715
          ],
          [
            36.8324269,
            -1.2326925
          ],
          [
            36.8321879,
            -1.2325325
          ],
          [
            36.8320749,
            -1.2324515
          ],
          [
            36.8318989,
            -1.2322735
          ],
          [
            36.8317599,
            -1.2321575
          ],
          [
            36.8313549,
            -1.2316105
          ],
          [
            36.8312529,
            -1.2314195
          ],
          [
            36.8310789,
            -1.2309875
          ],
          [
            36.8308699,
            -1.2306955
          ],
          [
            36.8306829,
            -1.2305255
          ],
          [
            36.8305019,
            -1.2304095
          ],
          [
            36.8304269,
            -1.2303315
          ],
          [
            36.8301289,
            -1.2301285
          ],
          [
            36.8299979,
            -1.2300105
          ],
          [
            36.8298079,
            -1.2299075
          ],
          [
            36.8296739,
            -1.2298535
          ],
          [
            36.8293929,
            -1.2297885
          ],
          [
            36.8292489,
            -1.2297725
          ],
          [
            36.8289239,
            -1.2297715
          ],
          [
            36.8285638,
            -1.2298029
          ],
          [
            36.8277759,
            -1.2298715
          ],
          [
            36.8274879,
            -1.2298515
          ],
          [
            36.8273334,
            -1.2298323
          ],
          [
            36.8271996,
            -1.2298171
          ]
        ]
      }
    },
    {
      "type": "Feature",
      "id": "way/280734650",
      "properties": {
        "way_id": 280734650,
        "way_version": 4,
        "node_ids": [
          2847949514,
          2847949715,
          2847949716,
          2847949718,
          2847949720,
          2847949721,
          2847949722,
          2847949723,
          2847949724,
          2847949725,
          2847949726,
          2847949727,
          2847949728,
          2847949729,
          2847949730,
          2847949731,
          2847949706,
          2847949732,
          2847949733,
          2847949734,
          2847949735,
          2847949736,
          2847949737,
          2847949738,
          2847949714,
          13768011707,
          2847949753,
          2847949757,
          9923907711,
          9923907712,
          9923907713,
          2847949763,
          2847949794,
          2847949713
        ],
        "highway": "path"
      },
      "geometry": {
        "type": "LineString",
        "coordinates": [
          [
            36.8271996,
            -1.2298171
          ],
          [
            36.8270737,
            -1.2297969
          ],
          [
            36.8269087,
            -1.2297239
          ],
          [
            36.8265627,
            -1.2295399
          ],
          [
            36.8263467,
            -1.2294119
          ],
          [
            36.8258438,
            -1.2291073
          ],
          [
            36.8255877,
            -1.2289369
          ],
          [
            36.8253907,
            -1.2288479
          ],
          [
            36.8251612,
            -1.2287296
          ],
          [
            36.8247616,
            -1.2285586
          ],
          [
            36.8246387,
            -1.2285129
          ],
          [
            36.8245076,
            -1.2283446
          ],
          [
            36.824408,
            -1.2282627
          ],
          [
            36.8242764,
            -1.2281909
          ],
          [
            36.8241087,
            -1.2281493
          ],
          [
            36.8239025,
            -1.2280997
          ],
          [
            36.823677,
            -1.2280123
          ],
          [
            36.8235504,
            -1.2279662
          ],
          [
            36.8233817,
            -1.2278749
          ],
          [
            36.8232487,
            -1.2278189
          ],
          [
            36.8228697,
            -1.2276109
          ],
          [
            36.8227257,
            -1.2275069
          ],
          [
            36.8225947,
            -1.2274469
          ],
          [
            36.8224447,
            -1.2273479
          ],
          [
            36.8222417,
            -1.2272829
          ],
          [
            36.819501,
            -1.2254952
          ],
          [
            36.8186267,
            -1.2249249
          ],
          [
            36.8181397,
            -1.2246807
          ],
          [
            36.8176352,
            -1.2244254
          ],
          [
            36.8174269,
            -1.224502
          ],
          [
            36.8173094,
            -1.2247734
          ],
          [
            36.8172858,
            -1.2251882
          ],
          [
            36.8178304,
            -1.2285308
          ],
          [
            36.8195703,
            -1.230029
          ]
        ]
      }
    },
    {
      "type": "Feature",
      "id": "way/280734652",
      "properties": {
        "way_id": 280734652,
        "way_version": 4,
        "node_ids": [
          2847949913,
          2847949918,
          13556268409,
          2847949919,
          11952065150,
          6503768724,
          2847949507
        ],
        "highway": "path"
      },
      "geometry": {
        "type": "LineString",
        "coordinates": [
          [
            36.8205432,
            -1.2290341
          ],
          [
            36.8217208,
            -1.2299801
          ],
          [
            36.8218877,
            -1.2300526
          ],
          [
            36.8221328,
            -1.2300259
          ],
          [
            36.8236479,
            -1.2308488
          ],
          [
            36.8252438,
            -1.2315511
          ],
          [
            36.826647,
            -1.232239
          ]
        ]
      }
    },
    {
      "type": "Feature",
      "id": "way/280734653",
      "properties": {
        "way_id": 280734653,
        "way_version": 3,
        "node_ids": [
          2847949503,
          2847949922,
          2847949923,
          2847949920,
          2847949924,
          2847949925,
          2847949921,
          2068386376
        ],
        "highway": "path",
        "surface": "dirt"
      },
      "geometry": {
        "type": "LineString",
        "coordinates": [
          [
            36.826219,
            -1.233285
          ],
          [
            36.826084,
            -1.233339
          ],
          [
            36.82583,
            -1.233364
          ],
          [
            36.825577,
            -1.233335
          ],
          [
            36.825434,
            -1.233303
          ],
          [
            36.82506,
            -1.23316
          ],
          [
            36.824591,
            -1.232878
          ],
          [
            36.8243849,
            -1.232944
          ]
        ]
      }
    },
    {
      "type": "Feature",
      "id": "way/313840891",
      "properties": {
        "way_id": 313840891,
        "way_version": 8,
        "node_ids": [
          2847949507,
          11951439119,
          11951439121,
          11951439120,
          11951461760,
          11951461759,
          11951461758,
          11951461761,
          11951461757,
          11951427049,
          5518868721,
          11951427050,
          6503768696,
          6503767356
        ],
        "highway": "track",
        "name": "Wangari Maathai Track"
      },
      "geometry": {
        "type": "LineString",
        "coordinates": [
          [
            36.826647,
            -1.232239
          ],
          [
            36.8274955,
            -1.2326549
          ],
          [
            36.8283342,
            -1.2330413
          ],
          [
            36.8287243,
            -1.2332187
          ],
          [
            36.8302063,
            -1.2338863
          ],
          [
            36.8305243,
            -1.2340948
          ],
          [
            36.8307276,
            -1.2341901
          ],
          [
            36.8309167,
            -1.2342853
          ],
          [
            36.8321572,
            -1.2347277
          ],
          [
            36.8331409,
            -1.2351621
          ],
          [
            36.8334033,
            -1.2352663
          ],
          [
            36.833756,
            -1.235448
          ],
          [
            36.8368248,
            -1.236807
          ],
          [
            36.8392492,
            -1.2378987
          ]
        ]
      }
    },
    {
      "type": "Feature",
      "id": "way/575075442",
      "properties": {
        "way_id": 575075442,
        "way_version": 2,
        "node_ids": [
          5518866301,
          5518866302
        ],
        "bridge": "yes",
        "highway": "footway",
        "layer": "1",
        "surface": "dirt"
      },
      "geometry": {
        "type": "LineString",
        "coordinates": [
          [
            36.8306975,
            -1.2366499
          ],
          [
            36.8307088,
            -1.236626
          ]
        ]
      }
    },
    {
      "type": "Feature",
      "id": "way/575075444",
      "properties": {
        "way_id": 575075444,
        "way_version": 2,
        "node_ids": [
          5518866302,
          5518866303,
          5518866304,
          5518866305,
          5518866306,
          5518866307,
          5518866308,
          5518866309,
          5518866310,
          5518866311,
          5518866312,
          5518866313,
          5518866314,
          5518866315,
          5518866316,
          5518866317,
          5518866318,
          5518866319,
          5518866320,
          5518868721
        ],
        "highway": "path"
      },
      "geometry": {
        "type": "LineString",
        "coordinates": [
          [
            36.8307088,
            -1.236626
          ],
          [
            36.8307373,
            -1.2365478
          ],
          [
            36.8306956,
            -1.2364247
          ],
          [
            36.8306142,
            -1.2363414
          ],
          [
            36.8305896,
            -1.2363017
          ],
          [
            36.8305934,
            -1.2362619
          ],
          [
            36.8306407,
            -1.2362392
          ],
          [
            36.8307216,
            -1.2361897
          ],
          [
            36.8308717,
            -1.2362354
          ],
          [
            36.8311368,
            -1.2362203
          ],
          [
            36.8313432,
            -1.2362051
          ],
          [
            36.8317219,
            -1.23619
          ],
          [
            36.8324622,
            -1.2361502
          ],
          [
            36.832591,
            -1.2360859
          ],
          [
            36.8330511,
            -1.2359988
          ],
          [
            36.8331022,
            -1.2359647
          ],
          [
            36.8332366,
            -1.2356581
          ],
          [
            36.8332594,
            -1.2355199
          ],
          [
            36.8333332,
            -1.2354214
          ],
          [
            36.8334033,
            -1.2352663
          ]
        ]
      }
    },
    {
      "type": "Feature",
      "id": "way/643633767",
      "properties": {
        "way_id": 643633767,
        "way_version": 23,
        "node_ids": [
          5348839010,
          6276224575,
          6276224574,
          8573927705,
          8573928342,
          9642302288,
          6226431429,
          9642302281,
          9642302298,
          6159125529,
          9642302291,
          8573928325,
          260566285,
          8573928336,
          8573928327,
          6226431431,
          8548474375,
          6191599523,
          280247846,
          260566284,
          6191599529,
          8548442675,
          6159125528,
          8548442677,
          6191599515,
          8548474408,
          5348815002,
          6191599522,
          8548442706,
          8548474339,
          6159125526,
          260566282,
          7716741677,
          500125440,
          8548474331,
          260566281,
          2350044075,
          6159125525,
          260566280,
          6159125524,
          6159125523,
          260566279,
          6159125522,
          260566278,
          6159125521,
          6159125520,
          260566277,
          6159125519,
          260566276,
          2350044401,
          13112223812,
          13112223808,
          9436447707,
          6159125518,
          8548507817,
          9625715420,
          260566275,
          8548505464,
          280251075,
          260566274,
          2475596947,
          2639598617,
          260566273,
          260566272,
          6369379402,
          6608828392,
          260566271,
          260566270,
          260566269,
          6369379403,
          260566268,
          260566267,
          260566266,
          6608828393,
          260566265,
          260566264,
          6369379404,
          260566263,
          6369379405,
          260566262,
          260566261,
          1481622467,
          8527118196,
          6369379443,
          747730075,
          260566260,
          260566259,
          260566258,
          271139910,
          6164547178,
          260566257,
          260566414
        ],
        "highway": "trunk",
        "name": "Kiambu Road",
        "oneway": "no",
        "ref": "B32",
        "source": "survey",
        "surface": "paved"
      },
      "geometry": {
        "type": "LineString",
        "coordinates": [
          [
            36.839154,
            -1.2259284
          ],
          [
            36.8393872,
            -1.2264493
          ],
          [
            36.8396004,
            -1.2268915
          ],
          [
            36.8397132,
            -1.2271136
          ],
          [
            36.8397892,
            -1.2272631
          ],
          [
            36.8399449,
            -1.2276015
          ],
          [
            36.8400362,
            -1.2277998
          ],
          [
            36.8400446,
            -1.2278168
          ],
          [
            36.8400814,
            -1.2278916
          ],
          [
            36.8401415,
            -1.2280157
          ],
          [
            36.8401705,
            -1.2280718
          ],
          [
            36.8402853,
            -1.228294
          ],
          [
            36.8403292,
            -1.2283791
          ],
          [
            36.8404262,
            -1.2285623
          ],
          [
            36.8404999,
            -1.2287014
          ],
          [
            36.8405636,
            -1.2288217
          ],
          [
            36.8406095,
            -1.2289182
          ],
          [
            36.8407054,
            -1.2291299
          ],
          [
            36.840796,
            -1.2292995
          ],
          [
            36.8408442,
            -1.2293941
          ],
          [
            36.8408925,
            -1.2294819
          ],
          [
            36.8410077,
            -1.2296613
          ],
          [
            36.8410367,
            -1.2297065
          ],
          [
            36.8410909,
            -1.2297861
          ],
          [
            36.8411453,
            -1.229866
          ],
          [
            36.8413146,
            -1.2301036
          ],
          [
            36.8413813,
            -1.2301932
          ],
          [
            36.8414004,
            -1.2302203
          ],
          [
            36.8414611,
            -1.2302921
          ],
          [
            36.8415384,
            -1.2303904
          ],
          [
            36.8415785,
            -1.2304385
          ],
          [
            36.8418749,
            -1.2307623
          ],
          [
            36.8420086,
            -1.2308935
          ],
          [
            36.8423334,
            -1.2312051
          ],
          [
            36.8423868,
            -1.2312597
          ],
          [
            36.8424142,
            -1.2312836
          ],
          [
            36.8426071,
            -1.2314562
          ],
          [
            36.8426916,
            -1.2315514
          ],
          [
            36.8428203,
            -1.2316922
          ],
          [
            36.8429008,
            -1.2317887
          ],
          [
            36.8429799,
            -1.2318879
          ],
          [
            36.8431288,
            -1.2321454
          ],
          [
            36.8432079,
            -1.2322942
          ],
          [
            36.8432683,
            -1.2324363
          ],
          [
            36.8432978,
            -1.2325248
          ],
          [
            36.8433407,
            -1.2326643
          ],
          [
            36.8433903,
            -1.2328694
          ],
          [
            36.8434131,
            -1.2330075
          ],
          [
            36.8434466,
            -1.2332663
          ],
          [
            36.8435539,
            -1.2342464
          ],
          [
            36.8437041,
            -1.235559
          ],
          [
            36.8437256,
            -1.2358808
          ],
          [
            36.8437596,
            -1.236215
          ],
          [
            36.8437766,
            -1.2363595
          ],
          [
            36.8437933,
            -1.2364991
          ],
          [
            36.8437977,
            -1.2365363
          ],
          [
            36.8438262,
            -1.2367751
          ],
          [
            36.8438546,
            -1.2370465
          ],
          [
            36.8439737,
            -1.2381856
          ],
          [
            36.8441038,
            -1.2392958
          ],
          [
            36.8441463,
            -1.2399503
          ],
          [
            36.8442232,
            -1.2406465
          ],
          [
            36.8443841,
            -1.2422616
          ],
          [
            36.8445316,
            -1.2434469
          ],
          [
            36.8445718,
            -1.2437151
          ],
          [
            36.8446617,
            -1.2440355
          ],
          [
            36.8447824,
            -1.2443667
          ],
          [
            36.8450492,
            -1.2449189
          ],
          [
            36.8455953,
            -1.2460742
          ],
          [
            36.8458164,
            -1.24652
          ],
          [
            36.846047,
            -1.246886
          ],
          [
            36.8462911,
            -1.2471998
          ],
          [
            36.8467395,
            -1.2476617
          ],
          [
            36.8468852,
            -1.2478179
          ],
          [
            36.8470227,
            -1.2480333
          ],
          [
            36.8471312,
            -1.2483149
          ],
          [
            36.8471897,
            -1.2485875
          ],
          [
            36.8471917,
            -1.2488088
          ],
          [
            36.8471736,
            -1.2490246
          ],
          [
            36.8471376,
            -1.2491708
          ],
          [
            36.8469943,
            -1.2494985
          ],
          [
            36.846799,
            -1.2498789
          ],
          [
            36.8465886,
            -1.2502659
          ],
          [
            36.8462793,
            -1.2508873
          ],
          [
            36.8462241,
            -1.2509805
          ],
          [
            36.8461232,
            -1.251167
          ],
          [
            36.8448743,
            -1.2533701
          ],
          [
            36.843783,
            -1.2553531
          ],
          [
            36.8434126,
            -1.2560564
          ],
          [
            36.8432797,
            -1.2563944
          ],
          [
            36.8431608,
            -1.2567372
          ],
          [
            36.8429905,
            -1.2572553
          ]
        ]
      }
    },
    {
      "type": "Feature",
      "id": "way/643633827",
      "properties": {
        "way_id": 643633827,
        "way_version": 3,
        "node_ids": [
          6056561535,
          8548442697,
          6056561536
        ],
        "highway": "service",
        "name": "Ridgeways Springs"
      },
      "geometry": {
        "type": "LineString",
        "coordinates": [
          [
            36.8434069,
            -1.2308296
          ],
          [
            36.8421763,
            -1.2295352
          ],
          [
            36.8415964,
            -1.2289033
          ]
        ]
      }
    },
    {
      "type": "Feature",
      "id": "way/658223802",
      "properties": {
        "way_id": 658223802,
        "way_version": 8,
        "node_ids": [
          6164115701,
          6164115704,
          272328872,
          272328873,
          272328875,
          272328876,
          6274732002,
          272328877,
          272328878,
          272328879,
          6274732003,
          272328880,
          272328881,
          272328882,
          272328883,
          272328884,
          2647386430,
          272328885,
          8526822672,
          272328886,
          272328887,
          12199176125,
          12199176126,
          260382944
        ],
        "access": "yes",
        "highway": "residential",
        "name": "Tara Road"
      },
      "geometry": {
        "type": "LineString",
        "coordinates": [
          [
            36.8360759,
            -1.2301086
          ],
          [
            36.8359086,
            -1.2300517
          ],
          [
            36.835496,
            -1.2299097
          ],
          [
            36.8350394,
            -1.2296954
          ],
          [
            36.8344654,
            -1.2292898
          ],
          [
            36.8336132,
            -1.228626
          ],
          [
            36.833094,
            -1.2281987
          ],
          [
            36.8325515,
            -1.2277517
          ],
          [
            36.831992,
            -1.2272815
          ],
          [
            36.8314505,
            -1.2268638
          ],
          [
            36.8313425,
            -1.2267989
          ],
          [
            36.8311829,
            -1.2267129
          ],
          [
            36.8307839,
            -1.2265448
          ],
          [
            36.83008,
            -1.226296
          ],
          [
            36.8292303,
            -1.2260042
          ],
          [
            36.8285008,
            -1.2257468
          ],
          [
            36.828436,
            -1.2257164
          ],
          [
            36.8278321,
            -1.2254078
          ],
          [
            36.8274951,
            -1.2251788
          ],
          [
            36.8274345,
            -1.2251377
          ],
          [
            36.827228,
            -1.2249345
          ],
          [
            36.8271495,
            -1.2249118
          ],
          [
            36.8270557,
            -1.2248233
          ],
          [
            36.8269786,
            -1.2246993
          ]
        ]
      }
    },
    {
      "type": "Feature",
      "id": "way/658223805",
      "properties": {
        "way_id": 658223805,
        "way_version": 2,
        "node_ids": [
          272328870,
          6164115702,
          6164115703,
          6164115701
        ],
        "highway": "residential",
        "name": "Tala Road",
        "oneway": "yes"
      },
      "geometry": {
        "type": "LineString",
        "coordinates": [
          [
            36.8371313,
            -1.2304994
          ],
          [
            36.8369045,
            -1.2304128
          ],
          [
            36.8366607,
            -1.2303327
          ],
          [
            36.8360759,
            -1.2301086
          ]
        ]
      }
    },
    {
      "type": "Feature",
      "id": "way/658223807",
      "properties": {
        "way_id": 658223807,
        "way_version": 2,
        "node_ids": [
          6164115704,
          6164115705,
          6164115706,
          6164115711,
          6164115707,
          6164115718,
          6164115708,
          6164115709,
          6164115710,
          272328870
        ],
        "highway": "residential",
        "name": "Tala Road",
        "oneway": "yes"
      },
      "geometry": {
        "type": "LineString",
        "coordinates": [
          [
            36.8359086,
            -1.2300517
          ],
          [
            36.836218,
            -1.2301041
          ],
          [
            36.8364677,
            -1.2301549
          ],
          [
            36.8365214,
            -1.2301716
          ],
          [
            36.8366655,
            -1.2302162
          ],
          [
            36.8367134,
            -1.2302366
          ],
          [
            36.8367703,
            -1.2302607
          ],
          [
            36.8368835,
            -1.2303199
          ],
          [
            36.8369755,
            -1.2303738
          ],
          [
            36.8371313,
            -1.2304994
          ]
        ]
      }
    },
    {
      "type": "Feature",
      "id": "way/658223810",
      "properties": {
        "way_id": 658223810,
        "way_version": 1,
        "node_ids": [
          6164115711,
          6164115712,
          6164115713,
          6164115714
        ],
        "highway": "residential",
        "oneway": "yes"
      },
      "geometry": {
        "type": "LineString",
        "coordinates": [
          [
            36.8365214,
            -1.2301716
          ],
          [
            36.8365924,
            -1.230144
          ],
          [
            36.8366216,
            -1.230126
          ],
          [
            36.836662,
            -1.2300847
          ]
        ]
      }
    },
    {
      "type": "Feature",
      "id": "way/658223812",
      "properties": {
        "way_id": 658223812,
        "way_version": 1,
        "node_ids": [
          6164115714,
          6164115715,
          6164115716,
          6164115717,
          6164115718
        ],
        "highway": "residential",
        "oneway": "yes"
      },
      "geometry": {
        "type": "LineString",
        "coordinates": [
          [
            36.836662,
            -1.2300847
          ],
          [
            36.8366655,
            -1.230138
          ],
          [
            36.8366749,
            -1.2301741
          ],
          [
            36.8366887,
            -1.2302016
          ],
          [
            36.8367134,
            -1.2302366
          ]
        ]
      }
    },
    {
      "type": "Feature",
      "id": "way/658223814",
      "properties": {
        "way_id": 658223814,
        "way_version": 1,
        "node_ids": [
          6164115714,
          6164115719
        ],
        "highway": "residential"
      },
      "geometry": {
        "type": "LineString",
        "coordinates": [
          [
            36.836662,
            -1.2300847
          ],
          [
            36.8368283,
            -1.2296773
          ]
        ]
      }
    },
    {
      "type": "Feature",
      "id": "way/658223816",
      "properties": {
        "way_id": 658223816,
        "way_version": 1,
        "node_ids": [
          6164115720,
          6164115723,
          6164115721,
          6164115719,
          6164115722
        ],
        "highway": "residential"
      },
      "geometry": {
        "type": "LineString",
        "coordinates": [
          [
            36.8378656,
            -1.2301795
          ],
          [
            36.8375677,
            -1.2300622
          ],
          [
            36.8369495,
            -1.2297235
          ],
          [
            36.8368283,
            -1.2296773
          ],
          [
            36.8366811,
            -1.2296538
          ]
        ]
      }
    },
    {
      "type": "Feature",
      "id": "way/658223818",
      "properties": {
        "way_id": 658223818,
        "way_version": 1,
        "node_ids": [
          6164115723,
          6164115758,
          6164115724,
          6164115725,
          6164115726,
          6164115727,
          6164115728,
          6164115759,
          6164115729,
          6164115730,
          6164115731,
          6164115732,
          6164115733,
          6164115734,
          6164115735,
          6164115755,
          6164115736,
          6164115737,
          6164115757,
          6164115738,
          6164115739,
          6164115740,
          6164115722,
          6164115741,
          6164115742,
          6164115743,
          6164115744,
          6164115745,
          6164115747,
          6164115746
        ],
        "highway": "residential"
      },
      "geometry": {
        "type": "LineString",
        "coordinates": [
          [
            36.8375677,
            -1.2300622
          ],
          [
            36.8382123,
            -1.2287834
          ],
          [
            36.8386142,
            -1.2279861
          ],
          [
            36.8386174,
            -1.2279476
          ],
          [
            36.8385998,
            -1.2279123
          ],
          [
            36.8385645,
            -1.2278963
          ],
          [
            36.8385244,
            -1.2278931
          ],
          [
            36.8378063,
            -1.2280081
          ],
          [
            36.8371325,
            -1.2281159
          ],
          [
            36.8370908,
            -1.2281304
          ],
          [
            36.8370587,
            -1.228156
          ],
          [
            36.8370315,
            -1.2281945
          ],
          [
            36.8370138,
            -1.228241
          ],
          [
            36.8368951,
            -1.2286338
          ],
          [
            36.8368839,
            -1.2287124
          ],
          [
            36.8368658,
            -1.2287843
          ],
          [
            36.8368855,
            -1.2288374
          ],
          [
            36.8368903,
            -1.2289721
          ],
          [
            36.8368851,
            -1.2290099
          ],
          [
            36.8368727,
            -1.2291003
          ],
          [
            36.8368422,
            -1.229219
          ],
          [
            36.8367989,
            -1.2293649
          ],
          [
            36.8366811,
            -1.2296538
          ],
          [
            36.8366435,
            -1.229725
          ],
          [
            36.8366162,
            -1.2297459
          ],
          [
            36.8365823,
            -1.229755
          ],
          [
            36.8365497,
            -1.2297563
          ],
          [
            36.8365106,
            -1.2297485
          ],
          [
            36.8358319,
            -1.2295004
          ],
          [
            36.835496,
            -1.2293721
          ]
        ]
      }
    },
    {
      "type": "Feature",
      "id": "way/658223822",
      "properties": {
        "way_id": 658223822,
        "way_version": 1,
        "node_ids": [
          6164115747,
          6164115748,
          6164115749,
          6164115750,
          6164115751,
          6164115752,
          6164115753,
          6164115754
        ],
        "highway": "residential"
      },
      "geometry": {
        "type": "LineString",
        "coordinates": [
          [
            36.8358319,
            -1.2295004
          ],
          [
            36.8364452,
            -1.2291463
          ],
          [
            36.8364842,
            -1.2291203
          ],
          [
            36.8365129,
            -1.2290904
          ],
          [
            36.836535,
            -1.2290513
          ],
          [
            36.8365702,
            -1.2289679
          ],
          [
            36.8366366,
            -1.2288221
          ],
          [
            36.8367026,
            -1.2286851
          ]
        ]
      }
    },
    {
      "type": "Feature",
      "id": "way/661357406",
      "properties": {
        "way_id": 661357406,
        "way_version": 4,
        "node_ids": [
          6191599515,
          6191599516,
          8548442689,
          6191599517,
          6191599518,
          6191599519,
          8548442694,
          8548442695,
          8548442713,
          6191599522
        ],
        "highway": "service"
      },
      "geometry": {
        "type": "LineString",
        "coordinates": [
          [
            36.8411453,
            -1.229866
          ],
          [
            36.8412498,
            -1.2298631
          ],
          [
            36.8412838,
            -1.229869
          ],
          [
            36.8413193,
            -1.229892
          ],
          [
            36.8414102,
            -1.2300217
          ],
          [
            36.8414205,
            -1.2300682
          ],
          [
            36.8414316,
            -1.2301137
          ],
          [
            36.8414343,
            -1.2301429
          ],
          [
            36.8414316,
            -1.2301637
          ],
          [
            36.8414004,
            -1.2302203
          ]
        ]
      }
    },
    {
      "type": "Feature",
      "id": "way/661357408",
      "properties": {
        "way_id": 661357408,
        "way_version": 2,
        "node_ids": [
          6191599526,
          6191599527,
          6191599528,
          6191599529
        ],
        "highway": "secondary_link",
        "oneway": "yes"
      },
      "geometry": {
        "type": "LineString",
        "coordinates": [
          [
            36.8409432,
            -1.2292275
          ],
          [
            36.8409263,
            -1.229293
          ],
          [
            36.8409105,
            -1.2293424
          ],
          [
            36.8408925,
            -1.2294819
          ]
        ]
      }
    },
    {
      "type": "Feature",
      "id": "way/692748275",
      "properties": {
        "way_id": 692748275,
        "way_version": 4,
        "node_ids": [
          6503767357,
          6503768697,
          13769449752,
          13769374300,
          13769344200,
          6159312406
        ],
        "highway": "track",
        "name": "Wangari Maathai Trail"
      },
      "geometry": {
        "type": "LineString",
        "coordinates": [
          [
            36.8393955,
            -1.2379639
          ],
          [
            36.8397236,
            -1.2381014
          ],
          [
            36.8433135,
            -1.2396058
          ],
          [
            36.8437836,
            -1.2398028
          ],
          [
            36.8435464,
            -1.2397034
          ],
          [
            36.8439087,
            -1.2398552
          ]
        ]
      }
    },
    {
      "type": "Feature",
      "id": "way/692748276",
      "properties": {
        "way_id": 692748276,
        "way_version": 1,
        "node_ids": [
          6503767356,
          6503767357
        ],
        "bridge": "yes",
        "highway": "track",
        "layer": "1",
        "name": "Wangari Maathai Trail"
      },
      "geometry": {
        "type": "LineString",
        "coordinates": [
          [
            36.8392492,
            -1.2378987
          ],
          [
            36.8393955,
            -1.2379639
          ]
        ]
      }
    },
    {
      "type": "Feature",
      "id": "way/692748279",
      "properties": {
        "way_id": 692748279,
        "way_version": 2,
        "node_ids": [
          6503768686,
          6503768687,
          2068386428
        ],
        "highway": "path",
        "surface": "dirt"
      },
      "geometry": {
        "type": "LineString",
        "coordinates": [
          [
            36.8242907,
            -1.2331621
          ],
          [
            36.8243311,
            -1.2333951
          ],
          [
            36.8243761,
            -1.2336645
          ]
        ]
      }
    },
    {
      "type": "Feature",
      "id": "way/692748280",
      "properties": {
        "way_id": 692748280,
        "way_version": 2,
        "node_ids": [
          2068386376,
          6503768686
        ],
        "bridge": "yes",
        "highway": "path",
        "layer": "1",
        "surface": "dirt"
      },
      "geometry": {
        "type": "LineString",
        "coordinates": [
          [
            36.8243849,
            -1.232944
          ],
          [
            36.8242907,
            -1.2331621
          ]
        ]
      }
    },
    {
      "type": "Feature",
      "id": "way/692748282",
      "properties": {
        "way_id": 692748282,
        "way_version": 2,
        "node_ids": [
          6503768690,
          6503768691,
          12330726052,
          6503768692,
          747730055
        ],
        "highway": "footway",
        "surface": "dirt"
      },
      "geometry": {
        "type": "LineString",
        "coordinates": [
          [
            36.8285638,
            -1.2298029
          ],
          [
            36.8285443,
            -1.2296272
          ],
          [
            36.8286087,
            -1.2293739
          ],
          [
            36.8285532,
            -1.2292032
          ],
          [
            36.8283857,
            -1.2289647
          ]
        ]
      }
    },
    {
      "type": "Feature",
      "id": "way/692748283",
      "properties": {
        "way_id": 692748283,
        "way_version": 2,
        "node_ids": [
          6503768695,
          13769333317,
          6503768696
        ],
        "highway": "footway"
      },
      "geometry": {
        "type": "LineString",
        "coordinates": [
          [
            36.8376661,
            -1.2355053
          ],
          [
            36.8371818,
            -1.2362546
          ],
          [
            36.8368248,
            -1.236807
          ]
        ]
      }
    },
    {
      "type": "Feature",
      "id": "way/692748284",
      "properties": {
        "way_id": 692748284,
        "way_version": 2,
        "node_ids": [
          2847824369,
          13769333327,
          6503768697
        ],
        "highway": "footway",
        "surface": "dirt"
      },
      "geometry": {
        "type": "LineString",
        "coordinates": [
          [
            36.8404999,
            -1.2374955
          ],
          [
            36.8401151,
            -1.2377958
          ],
          [
            36.8397236,
            -1.2381014
          ]
        ]
      }
    },
    {
      "type": "Feature",
      "id": "way/692748293",
      "properties": {
        "way_id": 692748293,
        "way_version": 4,
        "node_ids": [
          1562490578,
          2068386632,
          1562490577,
          1562490575,
          2068386610,
          2068386605,
          1562490576,
          1562490579,
          1562490574,
          1562490573,
          1562490572,
          747730044,
          1562490580,
          2068386574,
          747730028
        ],
        "highway": "path",
        "surface": "dirt"
      },
      "geometry": {
        "type": "LineString",
        "coordinates": [
          [
            36.8296896,
            -1.2393893
          ],
          [
            36.829631,
            -1.239201
          ],
          [
            36.829556,
            -1.239034
          ],
          [
            36.829491,
            -1.238749
          ],
          [
            36.829387,
            -1.238557
          ],
          [
            36.829177,
            -1.238305
          ],
          [
            36.828986,
            -1.237874
          ],
          [
            36.828782,
            -1.237666
          ],
          [
            36.828684,
            -1.237618
          ],
          [
            36.828674,
            -1.237595
          ],
          [
            36.828734,
            -1.237505
          ],
          [
            36.828757,
            -1.237324
          ],
          [
            36.82873,
            -1.23707
          ],
          [
            36.828672,
            -1.236859
          ],
          [
            36.828673,
            -1.236668
          ]
        ]
      }
    },
    {
      "type": "Feature",
      "id": "way/826489074",
      "properties": {
        "way_id": 826489074,
        "way_version": 1,
        "node_ids": [
          7716741679,
          7716741678,
          7716741677
        ],
        "highway": "secondary_link",
        "source": "digitalglobe"
      },
      "geometry": {
        "type": "LineString",
        "coordinates": [
          [
            36.8418516,
            -1.231161
          ],
          [
            36.8419486,
            -1.2310338
          ],
          [
            36.8420086,
            -1.2308935
          ]
        ]
      }
    },
    {
      "type": "Feature",
      "id": "way/920692694",
      "properties": {
        "way_id": 920692694,
        "way_version": 1,
        "node_ids": [
          8548442675,
          8548442674,
          8548442673
        ],
        "highway": "service"
      },
      "geometry": {
        "type": "LineString",
        "coordinates": [
          [
            36.8410077,
            -1.2296613
          ],
          [
            36.8411292,
            -1.2296082
          ],
          [
            36.8412127,
            -1.2295627
          ]
        ]
      }
    },
    {
      "type": "Feature",
      "id": "way/920692695",
      "properties": {
        "way_id": 920692695,
        "way_version": 1,
        "node_ids": [
          8548442677,
          8548442676
        ],
        "highway": "service"
      },
      "geometry": {
        "type": "LineString",
        "coordinates": [
          [
            36.8410909,
            -1.2297861
          ],
          [
            36.8412442,
            -1.2296884
          ]
        ]
      }
    },
    {
      "type": "Feature",
      "id": "way/920692696",
      "properties": {
        "way_id": 920692696,
        "way_version": 1,
        "node_ids": [
          8548442679,
          8548442678
        ],
        "highway": "service"
      },
      "geometry": {
        "type": "LineString",
        "coordinates": [
          [
            36.8415186,
            -1.2299308
          ],
          [
            36.8414167,
            -1.2298124
          ]
        ]
      }
    },
    {
      "type": "Feature",
      "id": "way/920692697",
      "properties": {
        "way_id": 920692697,
        "way_version": 2,
        "node_ids": [
          6191599517,
          8548442678,
          8548442687,
          8548442686,
          8548442685,
          8548442684,
          8548442683,
          8548442682,
          8548442681,
          8548442680,
          8548442679,
          6191599518
        ],
        "highway": "service"
      },
      "geometry": {
        "type": "LineString",
        "coordinates": [
          [
            36.8413193,
            -1.229892
          ],
          [
            36.8414167,
            -1.2298124
          ],
          [
            36.8414454,
            -1.2297889
          ],
          [
            36.8414682,
            -1.2297742
          ],
          [
            36.8414906,
            -1.2297712
          ],
          [
            36.8415067,
            -1.2297779
          ],
          [
            36.8415617,
            -1.2298375
          ],
          [
            36.8415684,
            -1.2298633
          ],
          [
            36.8415667,
            -1.2298781
          ],
          [
            36.841556,
            -1.2298979
          ],
          [
            36.8415186,
            -1.2299308
          ],
          [
            36.8414102,
            -1.2300217
          ]
        ]
      }
    },
    {
      "type": "Feature",
      "id": "way/920692698",
      "properties": {
        "way_id": 920692698,
        "way_version": 1,
        "node_ids": [
          8548442699,
          8548442698,
          8548442697
        ],
        "highway": "service"
      },
      "geometry": {
        "type": "LineString",
        "coordinates": [
          [
            36.8418279,
            -1.2297588
          ],
          [
            36.84207,
            -1.2296059
          ],
          [
            36.8421763,
            -1.2295352
          ]
        ]
      }
    },
    {
      "type": "Feature",
      "id": "way/920692699",
      "properties": {
        "way_id": 920692699,
        "way_version": 1,
        "node_ids": [
          8548442703,
          8548442700
        ],
        "highway": "service"
      },
      "geometry": {
        "type": "LineString",
        "coordinates": [
          [
            36.8420804,
            -1.2298328
          ],
          [
            36.8421391,
            -1.229915
          ]
        ]
      }
    },
    {
      "type": "Feature",
      "id": "way/920692700",
      "properties": {
        "way_id": 920692700,
        "way_version": 1,
        "node_ids": [
          8548442706,
          8548442705,
          8548442704,
          8548442703,
          8548442702,
          8548442701
        ],
        "highway": "service"
      },
      "geometry": {
        "type": "LineString",
        "coordinates": [
          [
            36.8414611,
            -1.2302921
          ],
          [
            36.8415882,
            -1.2301948
          ],
          [
            36.8416777,
            -1.2301335
          ],
          [
            36.8420804,
            -1.2298328
          ],
          [
            36.8421682,
            -1.2297712
          ],
          [
            36.8422142,
            -1.229747
          ]
        ]
      }
    },
    {
      "type": "Feature",
      "id": "way/920692702",
      "properties": {
        "way_id": 920692702,
        "way_version": 1,
        "node_ids": [
          8548474330,
          8548474329,
          8548474328,
          8548474327,
          8548474326,
          8548474325,
          8548442715,
          8548442714,
          8548442716,
          8548474318,
          8548474317,
          8548474324,
          8548474323,
          8548474322,
          8548474321,
          8548474320,
          8548474319
        ],
        "highway": "service"
      },
      "geometry": {
        "type": "LineString",
        "coordinates": [
          [
            36.8417445,
            -1.2305091
          ],
          [
            36.8418662,
            -1.2304503
          ],
          [
            36.8418943,
            -1.2304409
          ],
          [
            36.8419144,
            -1.2304412
          ],
          [
            36.8419309,
            -1.2304513
          ],
          [
            36.8420224,
            -1.2305786
          ],
          [
            36.8420338,
            -1.2305897
          ],
          [
            36.8421069,
            -1.2306239
          ],
          [
            36.8421201,
            -1.2306279
          ],
          [
            36.8421402,
            -1.2306309
          ],
          [
            36.8421642,
            -1.2306309
          ],
          [
            36.842185,
            -1.2306246
          ],
          [
            36.8426138,
            -1.2303373
          ],
          [
            36.8426306,
            -1.2303105
          ],
          [
            36.8426366,
            -1.230283
          ],
          [
            36.8426326,
            -1.2302569
          ],
          [
            36.842479,
            -1.2300718
          ]
        ]
      }
    },
    {
      "type": "Feature",
      "id": "way/920692703",
      "properties": {
        "way_id": 920692703,
        "way_version": 1,
        "node_ids": [
          8548474339,
          8548474338,
          8548442691,
          8548474337,
          8548474330,
          8548474336,
          8548474335,
          8548474334,
          8548474333,
          8548474332,
          8548474331
        ],
        "highway": "service"
      },
      "geometry": {
        "type": "LineString",
        "coordinates": [
          [
            36.8415384,
            -1.2303904
          ],
          [
            36.8416026,
            -1.2303976
          ],
          [
            36.8416224,
            -1.230404
          ],
          [
            36.8416408,
            -1.2304144
          ],
          [
            36.8417445,
            -1.2305091
          ],
          [
            36.8423382,
            -1.2310513
          ],
          [
            36.8423862,
            -1.2311069
          ],
          [
            36.8424023,
            -1.2311431
          ],
          [
            36.8424073,
            -1.231172
          ],
          [
            36.8424036,
            -1.2311978
          ],
          [
            36.8423868,
            -1.2312597
          ]
        ]
      }
    },
    {
      "type": "Feature",
      "id": "way/920692707",
      "properties": {
        "way_id": 920692707,
        "way_version": 1,
        "node_ids": [
          8548474365,
          8548474364
        ],
        "highway": "service"
      },
      "geometry": {
        "type": "LineString",
        "coordinates": [
          [
            36.8406192,
            -1.2293198
          ],
          [
            36.8404501,
            -1.2290307
          ]
        ]
      }
    },
    {
      "type": "Feature",
      "id": "way/920692708",
      "properties": {
        "way_id": 920692708,
        "way_version": 1,
        "node_ids": [
          8548474375,
          8548474374,
          8548474364,
          8548474373,
          8548474372,
          8548474371,
          8548474370,
          8548474369,
          8548474368,
          8548474363,
          8548474367,
          8548474362,
          8548474366,
          8548474365,
          8548474376,
          280247846
        ],
        "highway": "service"
      },
      "geometry": {
        "type": "LineString",
        "coordinates": [
          [
            36.8406095,
            -1.2289182
          ],
          [
            36.8405177,
            -1.2289794
          ],
          [
            36.8404501,
            -1.2290307
          ],
          [
            36.8404278,
            -1.2290575
          ],
          [
            36.840409,
            -1.229093
          ],
          [
            36.8404043,
            -1.2291205
          ],
          [
            36.8404238,
            -1.2291487
          ],
          [
            36.8404533,
            -1.2291949
          ],
          [
            36.8404874,
            -1.2292734
          ],
          [
            36.8404997,
            -1.2292955
          ],
          [
            36.8405113,
            -1.229303
          ],
          [
            36.8405269,
            -1.2293105
          ],
          [
            36.8405416,
            -1.2293169
          ],
          [
            36.8406192,
            -1.2293198
          ],
          [
            36.8407644,
            -1.2293102
          ],
          [
            36.840796,
            -1.2292995
          ]
        ]
      }
    },
    {
      "type": "Feature",
      "id": "way/920692709",
      "properties": {
        "way_id": 920692709,
        "way_version": 1,
        "node_ids": [
          6159125528,
          8548474381,
          8548474380,
          8548474379,
          8548474390,
          8548474382,
          8548474378,
          8548474377,
          8548474376
        ],
        "highway": "service"
      },
      "geometry": {
        "type": "LineString",
        "coordinates": [
          [
            36.8410367,
            -1.2297065
          ],
          [
            36.8408868,
            -1.2297215
          ],
          [
            36.8408657,
            -1.2297152
          ],
          [
            36.8408399,
            -1.2296961
          ],
          [
            36.8408053,
            -1.2296649
          ],
          [
            36.8406833,
            -1.229506
          ],
          [
            36.8406773,
            -1.2294249
          ],
          [
            36.8406846,
            -1.2293619
          ],
          [
            36.8407644,
            -1.2293102
          ]
        ]
      }
    },
    {
      "type": "Feature",
      "id": "way/920692710",
      "properties": {
        "way_id": 920692710,
        "way_version": 1,
        "node_ids": [
          8548474389,
          8548474388,
          8548474387,
          8548474386,
          8548474385,
          8548474384,
          8548474383,
          8548474382
        ],
        "highway": "service"
      },
      "geometry": {
        "type": "LineString",
        "coordinates": [
          [
            36.8399873,
            -1.2292017
          ],
          [
            36.8402092,
            -1.2295912
          ],
          [
            36.8402401,
            -1.2296267
          ],
          [
            36.840285,
            -1.2296515
          ],
          [
            36.8403279,
            -1.2296636
          ],
          [
            36.8403909,
            -1.2296595
          ],
          [
            36.8405975,
            -1.2295596
          ],
          [
            36.8406833,
            -1.229506
          ]
        ]
      }
    },
    {
      "type": "Feature",
      "id": "way/920692711",
      "properties": {
        "way_id": 920692711,
        "way_version": 1,
        "node_ids": [
          8548474394,
          8548474393,
          8548474392,
          8548474391,
          8548474390
        ],
        "highway": "service"
      },
      "geometry": {
        "type": "LineString",
        "coordinates": [
          [
            36.8403761,
            -1.2300504
          ],
          [
            36.8404754,
            -1.2298962
          ],
          [
            36.8405089,
            -1.2298614
          ],
          [
            36.8405679,
            -1.2298158
          ],
          [
            36.8408053,
            -1.2296649
          ]
        ]
      }
    },
    {
      "type": "Feature",
      "id": "way/920692714",
      "properties": {
        "way_id": 920692714,
        "way_version": 1,
        "node_ids": [
          8548474410,
          8548474409,
          8548474408
        ],
        "highway": "service"
      },
      "geometry": {
        "type": "LineString",
        "coordinates": [
          [
            36.840739,
            -1.2304211
          ],
          [
            36.8412399,
            -1.2301523
          ],
          [
            36.8413146,
            -1.2301036
          ]
        ]
      }
    },
    {
      "type": "Feature",
      "id": "way/920696777",
      "properties": {
        "way_id": 920696777,
        "way_version": 1,
        "node_ids": [
          8548507870,
          8548507869,
          8548507868,
          8548507846,
          8548507867,
          8548507866,
          8548507865,
          8548507864,
          8548507863,
          8548507862,
          8548507861,
          8548507860,
          8548507859,
          8548507858
        ],
        "highway": "service"
      },
      "geometry": {
        "type": "LineString",
        "coordinates": [
          [
            36.8430377,
            -1.2310945
          ],
          [
            36.8431522,
            -1.2311787
          ],
          [
            36.8432368,
            -1.2312196
          ],
          [
            36.8435229,
            -1.2313073
          ],
          [
            36.8435955,
            -1.231304
          ],
          [
            36.84369,
            -1.2312658
          ],
          [
            36.8437769,
            -1.2312246
          ],
          [
            36.8438376,
            -1.2311867
          ],
          [
            36.8438731,
            -1.2311589
          ],
          [
            36.8439928,
            -1.2310908
          ],
          [
            36.8440142,
            -1.2310794
          ],
          [
            36.8440357,
            -1.231061
          ],
          [
            36.8440646,
            -1.2310449
          ],
          [
            36.8441215,
            -1.2310355
          ]
        ]
      }
    },
    {
      "type": "Feature",
      "id": "way/1013539597",
      "properties": {
        "way_id": 1013539597,
        "way_version": 3,
        "node_ids": [
          6159312406,
          2847824296,
          2847824297,
          2847824298,
          13769374299,
          2847824299,
          2847824300,
          2847824301,
          2847824302,
          2847824288,
          2847824303,
          2847824304,
          2847824305,
          2847824289,
          2847824306,
          2847824307,
          2847824308,
          2847824309,
          2847824310,
          2847824311,
          2847824312,
          2847824290,
          2847824313,
          2847824314,
          2847824315,
          2847824316,
          2847824317,
          2847824318,
          2847824319,
          2847824291,
          2847824320
        ],
        "bicycle": "yes",
        "highway": "footway",
        "name": "Fika Bikeshare",
        "surface": "dirt"
      },
      "geometry": {
        "type": "LineString",
        "coordinates": [
          [
            36.8439087,
            -1.2398552
          ],
          [
            36.843907,
            -1.239722
          ],
          [
            36.843909,
            -1.239578
          ],
          [
            36.843871,
            -1.239402
          ],
          [
            36.8438627,
            -1.2392868
          ],
          [
            36.843845,
            -1.239043
          ],
          [
            36.843817,
            -1.238865
          ],
          [
            36.843825,
            -1.238794
          ],
          [
            36.843808,
            -1.238724
          ],
          [
            36.843802,
            -1.238435
          ],
          [
            36.843765,
            -1.238297
          ],
          [
            36.843707,
            -1.237909
          ],
          [
            36.8435946,
            -1.2377321
          ],
          [
            36.843502,
            -1.237624
          ],
          [
            36.8434199,
            -1.2376245
          ],
          [
            36.8433108,
            -1.2374484
          ],
          [
            36.8431164,
            -1.2373836
          ],
          [
            36.8430076,
            -1.2373141
          ],
          [
            36.8429395,
            -1.2372725
          ],
          [
            36.842866,
            -1.237199
          ],
          [
            36.842809,
            -1.237156
          ],
          [
            36.842692,
            -1.237019
          ],
          [
            36.842644,
            -1.236884
          ],
          [
            36.842645,
            -1.236631
          ],
          [
            36.842663,
            -1.236562
          ],
          [
            36.84269,
            -1.236277
          ],
          [
            36.842759,
            -1.23589
          ],
          [
            36.842896,
            -1.235598
          ],
          [
            36.842905,
            -1.235527
          ],
          [
            36.842881,
            -1.235459
          ],
          [
            36.842677,
            -1.2352874
          ]
        ]
      }
    },
    {
      "type": "Feature",
      "id": "way/1013539598",
      "properties": {
        "way_id": 1013539598,
        "way_version": 1,
        "node_ids": [
          2847824320,
          9350977947
        ],
        "bridge": "yes",
        "highway": "footway",
        "layer": "1",
        "name": "Fika Bikeshare"
      },
      "geometry": {
        "type": "LineString",
        "coordinates": [
          [
            36.842677,
            -1.2352874
          ],
          [
            36.8425351,
            -1.2351962
          ]
        ]
      }
    },
    {
      "type": "Feature",
      "id": "way/1136914474",
      "properties": {
        "way_id": 1136914474,
        "way_version": 4,
        "node_ids": [
          747730084,
          11240466007,
          11240466006,
          11240466005,
          11240466004,
          1554843704,
          2068386558,
          1554843739,
          2068386553
        ],
        "handrail": "yes",
        "highway": "steps",
        "incline": "up",
        "surface": "dirt"
      },
      "geometry": {
        "type": "LineString",
        "coordinates": [
          [
            36.829256,
            -1.237042
          ],
          [
            36.8293286,
            -1.2370176
          ],
          [
            36.829366,
            -1.2369415
          ],
          [
            36.829334,
            -1.2369156
          ],
          [
            36.8293638,
            -1.2368784
          ],
          [
            36.8295212,
            -1.2368889
          ],
          [
            36.8295543,
            -1.2368507
          ],
          [
            36.8294667,
            -1.236746
          ],
          [
            36.8295373,
            -1.2366521
          ]
        ]
      }
    },
    {
      "type": "Feature",
      "id": "way/1332841838",
      "properties": {
        "way_id": 1332841838,
        "way_version": 1,
        "node_ids": [
          12330726060,
          2847949524,
          2847949527,
          2847949528,
          2847949531,
          2847949532,
          2847949533,
          747730039,
          2847949534,
          2847949535,
          2847949536,
          2847949537,
          2847949538,
          2847949539,
          2847949540,
          747730076,
          2847949541,
          2847949542,
          2847949543,
          2847949544,
          2847949545,
          2847949546,
          2847949547,
          2847949548,
          9810327703,
          6503768693,
          747730061,
          2847949550,
          2847949551,
          2847949552,
          2847949553,
          2847949554,
          747730096,
          2847949555,
          2847949556,
          2847949557,
          2847949558,
          2847949559,
          2847949560,
          2847949561,
          2847949562,
          747730082,
          2847949563,
          2847949564,
          2847949565,
          2847949566,
          2847949567,
          2847949568,
          2847949569,
          2847949570,
          2847949571,
          2847949572,
          747730120,
          2847949573,
          2847949574,
          2847949575,
          2847949576,
          2847949577,
          2847949578,
          2847949579,
          747730104,
          2847949580,
          2847949581,
          2847949582,
          2847949583,
          2847949584,
          2847949585,
          747730047,
          2847949586,
          2847949587,
          2847949588,
          2847949589,
          2847824295,
          2847949590,
          2847949591,
          747730069,
          2847949592,
          2847949593,
          2847949594,
          747730106,
          2847949595,
          2847949596,
          2847949597,
          747730087,
          2847949598,
          2847949599,
          2847949600,
          747730033,
          2847949701,
          2847949702,
          2847949703,
          747730110,
          2847949704,
          2847949705,
          272329805,
          272328863
        ],
        "highway": "footway",
        "name": "Tara Path",
        "surface": "dirt"
      },
      "geometry": {
        "type": "LineString",
        "coordinates": [
          [
            36.8282662,
            -1.2287508
          ],
          [
            36.8282331,
            -1.2287178
          ],
          [
            36.8281269,
            -1.228614
          ],
          [
            36.8280834,
            -1.2284738
          ],
          [
            36.8280432,
            -1.2283453
          ],
          [
            36.8280742,
            -1.2282451
          ],
          [
            36.8281085,
            -1.2280242
          ],
          [
            36.828153,
            -1.22772
          ],
          [
            36.82819,
            -1.227544
          ],
          [
            36.8282,
            -1.227401
          ],
          [
            36.828237,
            -1.227263
          ],
          [
            36.828214,
            -1.227157
          ],
          [
            36.828225,
            -1.227124
          ],
          [
            36.828314,
            -1.227011
          ],
          [
            36.828401,
            -1.226739
          ],
          [
            36.828468,
            -1.226658
          ],
          [
            36.828607,
            -1.226695
          ],
          [
            36.828729,
            -1.226769
          ],
          [
            36.828831,
            -1.226805
          ],
          [
            36.82888,
            -1.226857
          ],
          [
            36.829076,
            -1.226947
          ],
          [
            36.829147,
            -1.22695
          ],
          [
            36.829215,
            -1.226971
          ],
          [
            36.829375,
            -1.227054
          ],
          [
            36.829406,
            -1.2270765
          ],
          [
            36.829521,
            -1.22716
          ],
          [
            36.830095,
            -1.227453
          ],
          [
            36.830326,
            -1.227552
          ],
          [
            36.830634,
            -1.227646
          ],
          [
            36.831058,
            -1.227845
          ],
          [
            36.83113,
            -1.227854
          ],
          [
            36.831195,
            -1.227883
          ],
          [
            36.831469,
            -1.228054
          ],
          [
            36.831612,
            -1.228165
          ],
          [
            36.83172,
            -1.228304
          ],
          [
            36.831752,
            -1.228369
          ],
          [
            36.831803,
            -1.228578
          ],
          [
            36.831862,
            -1.228748
          ],
          [
            36.832079,
            -1.22916
          ],
          [
            36.832241,
            -1.229397
          ],
          [
            36.832259,
            -1.229464
          ],
          [
            36.832368,
            -1.229691
          ],
          [
            36.832731,
            -1.23018
          ],
          [
            36.832799,
            -1.230307
          ],
          [
            36.832835,
            -1.230409
          ],
          [
            36.83288,
            -1.230462
          ],
          [
            36.832942,
            -1.230498
          ],
          [
            36.832964,
            -1.230562
          ],
          [
            36.833249,
            -1.231015
          ],
          [
            36.833305,
            -1.23106
          ],
          [
            36.833589,
            -1.231382
          ],
          [
            36.833737,
            -1.231485
          ],
          [
            36.833835,
            -1.231531
          ],
          [
            36.8339626,
            -1.2315938
          ],
          [
            36.8341448,
            -1.2316766
          ],
          [
            36.8342846,
            -1.23171
          ],
          [
            36.8343582,
            -1.2317569
          ],
          [
            36.8344707,
            -1.2317921
          ],
          [
            36.8347398,
            -1.2319112
          ],
          [
            36.8349632,
            -1.232032
          ],
          [
            36.835125,
            -1.232228
          ],
          [
            36.835207,
            -1.232425
          ],
          [
            36.835316,
            -1.232569
          ],
          [
            36.835421,
            -1.232667
          ],
          [
            36.835463,
            -1.232725
          ],
          [
            36.835704,
            -1.232941
          ],
          [
            36.835765,
            -1.232978
          ],
          [
            36.835835,
            -1.232992
          ],
          [
            36.835979,
            -1.232982
          ],
          [
            36.83629,
            -1.233071
          ],
          [
            36.836721,
            -1.233088
          ],
          [
            36.836994,
            -1.233181
          ],
          [
            36.8370948,
            -1.233241
          ],
          [
            36.837147,
            -1.233272
          ],
          [
            36.837251,
            -1.233282
          ],
          [
            36.837341,
            -1.233222
          ],
          [
            36.837506,
            -1.233031
          ],
          [
            36.837695,
            -1.232863
          ],
          [
            36.838139,
            -1.232495
          ],
          [
            36.838238,
            -1.232455
          ],
          [
            36.838309,
            -1.232464
          ],
          [
            36.838371,
            -1.2325
          ],
          [
            36.838684,
            -1.232799
          ],
          [
            36.838751,
            -1.232823
          ],
          [
            36.838822,
            -1.232815
          ],
          [
            36.838884,
            -1.232779
          ],
          [
            36.839395,
            -1.232269
          ],
          [
            36.839507,
            -1.23218
          ],
          [
            36.839607,
            -1.232137
          ],
          [
            36.840262,
            -1.231936
          ],
          [
            36.840327,
            -1.231905
          ],
          [
            36.840379,
            -1.231856
          ],
          [
            36.840409,
            -1.231791
          ],
          [
            36.840414,
            -1.231719
          ],
          [
            36.8403783,
            -1.2311901
          ],
          [
            36.8403463,
            -1.2309895
          ]
        ]
      }
    },
    {
      "type": "Feature",
      "id": "way/1332841839",
      "properties": {
        "way_id": 1332841839,
        "way_version": 3,
        "node_ids": [
          1554843709,
          2847943998,
          2847943999,
          2847944000,
          2847949501,
          2847949502,
          2847949503,
          2847949504,
          2847949505,
          11952038429,
          2847949506,
          2847949507,
          2847949508,
          2847949509,
          2847949510,
          2847949511,
          747730090,
          2847949512,
          2847949513,
          2847949514,
          2847949515,
          2847949516,
          13768253221,
          747730114,
          2847949517,
          2847949518,
          2847949519,
          2847949520,
          2847949521,
          747730055,
          12330717255,
          2847949523
        ],
        "highway": "path",
        "name": "Tara Path",
        "surface": "dirt"
      },
      "geometry": {
        "type": "LineString",
        "coordinates": [
          [
            36.8265215,
            -1.2342925
          ],
          [
            36.82637,
            -1.23432
          ],
          [
            36.826262,
            -1.234231
          ],
          [
            36.826262,
            -1.233726
          ],
          [
            36.826303,
            -1.23344
          ],
          [
            36.826296,
            -1.233406
          ],
          [
            36.826219,
            -1.233285
          ],
          [
            36.8263355,
            -1.2331894
          ],
          [
            36.8264041,
            -1.233024
          ],
          [
            36.8264884,
            -1.2327648
          ],
          [
            36.826527,
            -1.232496
          ],
          [
            36.826647,
            -1.232239
          ],
          [
            36.826688,
            -1.232026
          ],
          [
            36.826806,
            -1.231572
          ],
          [
            36.826865,
            -1.231254
          ],
          [
            36.826967,
            -1.23095
          ],
          [
            36.827097,
            -1.23039
          ],
          [
            36.827138,
            -1.230178
          ],
          [
            36.827176,
            -1.229857
          ],
          [
            36.8271996,
            -1.2298171
          ],
          [
            36.827353,
            -1.229751
          ],
          [
            36.827452,
            -1.229649
          ],
          [
            36.8276472,
            -1.2295833
          ],
          [
            36.8278207,
            -1.2295249
          ],
          [
            36.827921,
            -1.229479
          ],
          [
            36.8280529,
            -1.2294138
          ],
          [
            36.8282727,
            -1.2291957
          ],
          [
            36.8283172,
            -1.2291411
          ],
          [
            36.8283671,
            -1.2290602
          ],
          [
            36.8283857,
            -1.2289647
          ],
          [
            36.8283336,
            -1.2288667
          ],
          [
            36.8283058,
            -1.2288142
          ]
        ]
      }
    },
    {
      "type": "Feature",
      "id": "way/1504644448",
      "properties": {
        "way_id": 1504644448,
        "way_version": 2,
        "node_ids": [
          11240465998,
          13768222683,
          13768222684,
          13768222685,
          13768222686,
          13768222687,
          13768222688,
          13768222689,
          13768222690,
          13768222691,
          13768222692,
          13768222693,
          13768222694,
          13768222695,
          13768222696,
          13768222697,
          13768222698,
          13768222699,
          13768222700,
          13768253201,
          13768253202,
          13768253203,
          13768253204,
          13768253205,
          13768253206,
          13768253207,
          13768253208,
          13768253209,
          13768253210,
          13768253211,
          13768253212,
          13768253213,
          13768253214,
          13768253215,
          13768253216,
          13768253217,
          13768253218,
          13768253219,
          13768253220,
          13768253221,
          13768253222,
          13768253223,
          13768253224,
          6503768691
        ],
        "bicycle": "permissive",
        "foot": "designated",
        "highway": "footway",
        "mtb:scale": "1",
        "source": "Strava Global Heatmap"
      },
      "geometry": {
        "type": "LineString",
        "coordinates": [
          [
            36.8213075,
            -1.2253684
          ],
          [
            36.8215792,
            -1.2257269
          ],
          [
            36.821752,
            -1.2259252
          ],
          [
            36.8219957,
            -1.2260565
          ],
          [
            36.8224149,
            -1.2262669
          ],
          [
            36.8226014,
            -1.2264115
          ],
          [
            36.8227134,
            -1.2265272
          ],
          [
            36.8228004,
            -1.2266779
          ],
          [
            36.8228596,
            -1.2268286
          ],
          [
            36.8229647,
            -1.2270412
          ],
          [
            36.8230913,
            -1.2272284
          ],
          [
            36.8231977,
            -1.2273831
          ],
          [
            36.823384,
            -1.2276265
          ],
          [
            36.8235227,
            -1.2276909
          ],
          [
            36.8236646,
            -1.2277586
          ],
          [
            36.8237239,
            -1.227839
          ],
          [
            36.8237914,
            -1.2279566
          ],
          [
            36.8238822,
            -1.2280308
          ],
          [
            36.8240127,
            -1.2280735
          ],
          [
            36.8241792,
            -1.2280825
          ],
          [
            36.8244132,
            -1.2281118
          ],
          [
            36.8245099,
            -1.228168
          ],
          [
            36.8246676,
            -1.2282873
          ],
          [
            36.8248295,
            -1.2283749
          ],
          [
            36.8250199,
            -1.2284636
          ],
          [
            36.8252831,
            -1.2285827
          ],
          [
            36.8254901,
            -1.2286928
          ],
          [
            36.8256576,
            -1.2287864
          ],
          [
            36.8258285,
            -1.2288605
          ],
          [
            36.8261033,
            -1.2289866
          ],
          [
            36.8263036,
            -1.2290541
          ],
          [
            36.8265173,
            -1.2291507
          ],
          [
            36.8266566,
            -1.229184
          ],
          [
            36.8267511,
            -1.2292334
          ],
          [
            36.8268636,
            -1.2293189
          ],
          [
            36.8269839,
            -1.2293952
          ],
          [
            36.8270986,
            -1.2294536
          ],
          [
            36.8272776,
            -1.2295147
          ],
          [
            36.827417,
            -1.2295535
          ],
          [
            36.8276472,
            -1.2295833
          ],
          [
            36.8278688,
            -1.2295897
          ],
          [
            36.8280858,
            -1.2295857
          ],
          [
            36.8283309,
            -1.2296138
          ],
          [
            36.8285443,
            -1.2296272
          ]
        ]
      }
    },
    {
      "type": "Feature",
      "id": "way/1504673113",
      "properties": {
        "way_id": 1504673113,
        "way_version": 1,
        "node_ids": [
          13768277790,
          13768277791,
          13768277792,
          13768277793,
          13768277794
        ],
        "bicycle": "designated",
        "foot": "designated",
        "highway": "path",
        "mtb:scale": "2",
        "source": "Strava Global Heatmap"
      },
      "geometry": {
        "type": "LineString",
        "coordinates": [
          [
            36.822495,
            -1.2336447
          ],
          [
            36.8229567,
            -1.2335209
          ],
          [
            36.8232649,
            -1.2333975
          ],
          [
            36.8236011,
            -1.2332237
          ],
          [
            36.8237977,
            -1.2330979
          ]
        ]
      }
    },
    {
      "type": "Feature",
      "id": "way/1504822990",
      "properties": {
        "way_id": 1504822990,
        "way_version": 1,
        "node_ids": [
          2847949509,
          13769328758,
          13769328759,
          13769328760,
          13769328761,
          13769328762,
          13769328763,
          13769328764,
          13769328765,
          13769328766,
          13769328767,
          13769328768,
          13769328769,
          13769328770,
          13769328771,
          13769328772,
          13769328773,
          13769328774,
          13769328775,
          13769328776,
          13769328777,
          13769328778,
          13769328779,
          13769328780,
          13769328781,
          13769328782,
          13769328783,
          13769328784,
          13769328785,
          13769328786,
          13769328787,
          13769328788,
          13769328789,
          13769328790,
          13769328791,
          13769328792,
          13769328793,
          13769328794,
          13769328795,
          13769328796,
          13769328797,
          13769328798,
          13769328799,
          13769328800,
          13769333301,
          13769333302,
          13769333303,
          13769333304,
          13769333305,
          13769333306,
          13769333307,
          13769333308,
          13769333309,
          13769333310,
          13769333311,
          13769333312,
          13769333313,
          13769333314,
          13769333315,
          13769333316,
          13769333317,
          13769333318,
          13769333319,
          13769333320,
          13769333321,
          13769333322,
          13769333323,
          13769333324,
          13769333325,
          13769333326,
          13769333327
        ],
        "bicycle": "designated",
        "foot": "designated",
        "highway": "path",
        "mtb:scale": "1",
        "source": "Strava Global Heatmap"
      },
      "geometry": {
        "type": "LineString",
        "coordinates": [
          [
            36.826806,
            -1.231572
          ],
          [
            36.8271296,
            -1.2316695
          ],
          [
            36.8274798,
            -1.2317463
          ],
          [
            36.827767,
            -1.231935
          ],
          [
            36.8279701,
            -1.2320957
          ],
          [
            36.8282578,
            -1.232139
          ],
          [
            36.8285044,
            -1.2322306
          ],
          [
            36.8287223,
            -1.2323793
          ],
          [
            36.8289288,
            -1.2326024
          ],
          [
            36.8291868,
            -1.2327568
          ],
          [
            36.8294105,
            -1.2327855
          ],
          [
            36.8295827,
            -1.2328859
          ],
          [
            36.8297993,
            -1.2330172
          ],
          [
            36.8299158,
            -1.2330832
          ],
          [
            36.8300574,
            -1.2330455
          ],
          [
            36.8302431,
            -1.2331083
          ],
          [
            36.8304036,
            -1.2331554
          ],
          [
            36.830539,
            -1.2331617
          ],
          [
            36.8306334,
            -1.2332809
          ],
          [
            36.8306775,
            -1.2334599
          ],
          [
            36.8308297,
            -1.233486
          ],
          [
            36.8309494,
            -1.2336368
          ],
          [
            36.8310721,
            -1.2337466
          ],
          [
            36.8312074,
            -1.2337906
          ],
          [
            36.8313145,
            -1.2337937
          ],
          [
            36.8314246,
            -1.2338911
          ],
          [
            36.8315411,
            -1.2339758
          ],
          [
            36.8316962,
            -1.2340421
          ],
          [
            36.8318537,
            -1.2341237
          ],
          [
            36.8319701,
            -1.2342336
          ],
          [
            36.8321464,
            -1.2342838
          ],
          [
            36.8323415,
            -1.2343152
          ],
          [
            36.8325493,
            -1.2342995
          ],
          [
            36.8327129,
            -1.2343058
          ],
          [
            36.8328256,
            -1.2344923
          ],
          [
            36.8329641,
            -1.2345802
          ],
          [
            36.8331624,
            -1.2346681
          ],
          [
            36.8333827,
            -1.2347592
          ],
          [
            36.8335338,
            -1.2348596
          ],
          [
            36.8337105,
            -1.2349648
          ],
          [
            36.8339088,
            -1.2351124
          ],
          [
            36.8340693,
            -1.235216
          ],
          [
            36.8342204,
            -1.235282
          ],
          [
            36.8343054,
            -1.2354421
          ],
          [
            36.8344282,
            -1.2354986
          ],
          [
            36.834589,
            -1.2355022
          ],
          [
            36.8348063,
            -1.2354938
          ],
          [
            36.8349498,
            -1.2355253
          ],
          [
            36.8351608,
            -1.2355148
          ],
          [
            36.8352347,
            -1.2356243
          ],
          [
            36.8353317,
            -1.23574
          ],
          [
            36.8354808,
            -1.2357841
          ],
          [
            36.8356348,
            -1.2357757
          ],
          [
            36.8357614,
            -1.2358535
          ],
          [
            36.83585,
            -1.2358746
          ],
          [
            36.8359998,
            -1.235862
          ],
          [
            36.8362462,
            -1.235928
          ],
          [
            36.8365116,
            -1.2360359
          ],
          [
            36.8367874,
            -1.2361156
          ],
          [
            36.8370553,
            -1.2362167
          ],
          [
            36.8371818,
            -1.2362546
          ],
          [
            36.8376516,
            -1.2364837
          ],
          [
            36.8378923,
            -1.236534
          ],
          [
            36.8381787,
            -1.2366043
          ],
          [
            36.8384369,
            -1.236726
          ],
          [
            36.8386731,
            -1.2369399
          ],
          [
            36.8390112,
            -1.237071
          ],
          [
            36.8393023,
            -1.2371132
          ],
          [
            36.8396498,
            -1.2372116
          ],
          [
            36.8398611,
            -1.2374692
          ],
          [
            36.8401151,
            -1.2377958
          ]
        ]
      }
    },
    {
      "type": "Feature",
      "id": "way/1504829330",
      "properties": {
        "way_id": 1504829330,
        "way_version": 1,
        "node_ids": [
          13769333327,
          13769344181,
          13769344182,
          13769344183,
          13769344184,
          13769344185,
          13769344186,
          13769344187,
          13769344188,
          13769344189,
          13769344190,
          13769344191,
          13769344192,
          13769344193,
          13769344194,
          2847824359
        ],
        "bicycle": "designated",
        "foot": "designated",
        "highway": "path",
        "mtb:scale": "2",
        "source": "Strava Global Heatmap"
      },
      "geometry": {
        "type": "LineString",
        "coordinates": [
          [
            36.8401151,
            -1.2377958
          ],
          [
            36.8403743,
            -1.2379232
          ],
          [
            36.840551,
            -1.2378937
          ],
          [
            36.840849,
            -1.2379455
          ],
          [
            36.8410366,
            -1.2380782
          ],
          [
            36.8412942,
            -1.2381113
          ],
          [
            36.8415949,
            -1.2381133
          ],
          [
            36.8418304,
            -1.2381465
          ],
          [
            36.8420732,
            -1.2381944
          ],
          [
            36.8423455,
            -1.2381797
          ],
          [
            36.8426104,
            -1.2382055
          ],
          [
            36.8428533,
            -1.2382608
          ],
          [
            36.8431734,
            -1.2383087
          ],
          [
            36.8432734,
            -1.2381832
          ],
          [
            36.8432734,
            -1.2379215
          ],
          [
            36.8432069,
            -1.2376485
          ]
        ]
      }
    }
  ]
}
