{
  "type": "FeatureCollection",
  "meta": {
    "graph_asset_id": "karura-contigs-ride-from-karura-map-patched-from-karura-map-r13626194-r15417497-w24040003-20260518T180127799396Z-karura-map-patches-v1-749f0e98b5c5",
    "asset_kind": "contig_graph",
    "source_path": "data/karura_contigs.json",
    "area_id": "sigiria",
    "area_name": "Sigiria Forest",
    "boundary_refs": [
      "w24040003"
    ]
  },
  "features": [
    {
      "type": "Feature",
      "properties": {
        "contig_id": 5,
        "length_m": 143.222,
        "segment_count": 3,
        "way_names": [
          "Thigiri Close"
        ],
        "way_ids": [
          24025000
        ],
        "endpoint_node_ids": [
          271325679,
          828458426
        ],
        "node_ids": [
          271325679,
          12397324789,
          6351598650,
          828458426
        ],
        "tags": {
          "local:boundary_refs": "w24040003",
          "local:boundary_zone": "buffer"
        },
        "elevations_m": [
          1734.0,
          1731.0,
          1730.0,
          1731.0
        ]
      },
      "geometry": {
        "type": "LineString",
        "coordinates": [
          [
            36.794832,
            -1.238482
          ],
          [
            36.795405,
            -1.238816
          ],
          [
            36.795848,
            -1.239083
          ],
          [
            36.795941,
            -1.239137
          ]
        ]
      }
    },
    {
      "type": "Feature",
      "properties": {
        "contig_id": 79,
        "length_m": 192.176,
        "segment_count": 1,
        "way_names": [],
        "way_ids": [
          69025148
        ],
        "endpoint_node_ids": [
          828458423,
          828458426
        ],
        "node_ids": [
          828458423,
          828458426
        ],
        "tags": {
          "local:boundary_refs": "w24040003",
          "local:boundary_zone": "core"
        },
        "elevations_m": [
          1735.0,
          1731.0
        ]
      },
      "geometry": {
        "type": "LineString",
        "coordinates": [
          [
            36.795094,
            -1.240644
          ],
          [
            36.795941,
            -1.239137
          ]
        ]
      }
    },
    {
      "type": "Feature",
      "properties": {
        "contig_id": 80,
        "length_m": 7.92,
        "segment_count": 1,
        "way_names": [],
        "way_ids": [
          69025148
        ],
        "endpoint_node_ids": [
          828458423,
          2847789394
        ],
        "node_ids": [
          828458423,
          2847789394
        ],
        "tags": {
          "local:boundary_refs": "w24040003",
          "local:boundary_zone": "core"
        },
        "elevations_m": [
          1735.0,
          1735.0
        ]
      },
      "geometry": {
        "type": "LineString",
        "coordinates": [
          [
            36.795094,
            -1.240644
          ],
          [
            36.79503,
            -1.240612
          ]
        ]
      }
    },
    {
      "type": "Feature",
      "properties": {
        "contig_id": 81,
        "length_m": 15.261,
        "segment_count": 3,
        "way_names": [
          "Mukeu Trail"
        ],
        "way_ids": [
          280717984,
          755810765
        ],
        "endpoint_node_ids": [
          828458423,
          13845622502
        ],
        "node_ids": [
          828458423,
          6377041323,
          2847798073,
          13845622502
        ],
        "tags": {
          "local:boundary_refs": "w24040003",
          "local:boundary_zone": "core"
        },
        "elevations_m": [
          1735.0,
          1736.0,
          1736.0,
          1736.0
        ]
      },
      "geometry": {
        "type": "LineString",
        "coordinates": [
          [
            36.795094,
            -1.240644
          ],
          [
            36.795168,
            -1.240661
          ],
          [
            36.795183,
            -1.24067
          ],
          [
            36.79522,
            -1.240693
          ]
        ]
      }
    },
    {
      "type": "Feature",
      "properties": {
        "contig_id": 82,
        "length_m": 183.387,
        "segment_count": 2,
        "way_names": [],
        "way_ids": [
          678347532
        ],
        "endpoint_node_ids": [
          828458425,
          6351733415
        ],
        "node_ids": [
          828458425,
          6351598648,
          6351733415
        ],
        "tags": {
          "local:boundary_refs": "w24040003",
          "local:boundary_zone": "buffer"
        },
        "elevations_m": [
          1731.0,
          1732.0,
          1734.0
        ]
      },
      "geometry": {
        "type": "LineString",
        "coordinates": [
          [
            36.797515,
            -1.236117
          ],
          [
            36.797502,
            -1.236161
          ],
          [
            36.796791,
            -1.237598
          ]
        ]
      }
    },
    {
      "type": "Feature",
      "properties": {
        "contig_id": 83,
        "length_m": 195.534,
        "segment_count": 1,
        "way_names": [],
        "way_ids": [
          69025148
        ],
        "endpoint_node_ids": [
          828458426,
          6351733415
        ],
        "node_ids": [
          828458426,
          6351733415
        ],
        "tags": {
          "local:boundary_refs": "w24040003",
          "local:boundary_zone": "core"
        },
        "elevations_m": [
          1731.0,
          1734.0
        ]
      },
      "geometry": {
        "type": "LineString",
        "coordinates": [
          [
            36.795941,
            -1.239137
          ],
          [
            36.796791,
            -1.237598
          ]
        ]
      }
    },
    {
      "type": "Feature",
      "properties": {
        "contig_id": 84,
        "length_m": 22.324,
        "segment_count": 1,
        "way_names": [],
        "way_ids": [
          69025148
        ],
        "endpoint_node_ids": [
          828458427,
          2847789394
        ],
        "node_ids": [
          828458427,
          2847789394
        ],
        "tags": {
          "local:boundary_refs": "w24040003",
          "local:boundary_zone": "buffer"
        },
        "elevations_m": [
          1734.0,
          1735.0
        ]
      },
      "geometry": {
        "type": "LineString",
        "coordinates": [
          [
            36.794851,
            -1.240521
          ],
          [
            36.79503,
            -1.240612
          ]
        ]
      }
    },
    {
      "type": "Feature",
      "properties": {
        "contig_id": 109,
        "length_m": 11.259,
        "segment_count": 1,
        "way_names": [
          "KFEET Track"
        ],
        "way_ids": [
          60200207
        ],
        "endpoint_node_ids": [
          2026570598,
          2847941633
        ],
        "node_ids": [
          2026570598,
          2847941633
        ],
        "tags": {
          "local:boundary_refs": "r13626194,w24040003",
          "local:boundary_zone": "buffer",
          "local:unavailable_until": "2026-06-30"
        },
        "elevations_m": [
          1667.0,
          1666.0
        ]
      },
      "geometry": {
        "type": "LineString",
        "coordinates": [
          [
            36.816034,
            -1.247154
          ],
          [
            36.815935,
            -1.247174
          ]
        ]
      }
    },
    {
      "type": "Feature",
      "properties": {
        "contig_id": 111,
        "length_m": 16.535,
        "segment_count": 1,
        "way_names": [
          "Limuru Road"
        ],
        "way_ids": [
          40315869
        ],
        "endpoint_node_ids": [
          2026570610,
          6366642358
        ],
        "node_ids": [
          2026570610,
          6366642358
        ],
        "tags": {
          "local:boundary_refs": "w24040003",
          "local:boundary_zone": "core"
        },
        "elevations_m": [
          1675.0,
          1675.0
        ]
      },
      "geometry": {
        "type": "LineString",
        "coordinates": [
          [
            36.816841,
            -1.248607
          ],
          [
            36.816981,
            -1.248657
          ]
        ]
      }
    },
    {
      "type": "Feature",
      "properties": {
        "contig_id": 112,
        "length_m": 43.029,
        "segment_count": 2,
        "way_names": [
          "Limuru Road"
        ],
        "way_ids": [
          40315869
        ],
        "endpoint_node_ids": [
          2026570610,
          7687042100
        ],
        "node_ids": [
          2026570610,
          6366642362,
          7687042100
        ],
        "tags": {
          "local:boundary_refs": "r13626194,w24040003",
          "local:boundary_zone": "buffer"
        },
        "elevations_m": [
          1675.0,
          1674.0,
          1672.0
        ]
      },
      "geometry": {
        "type": "LineString",
        "coordinates": [
          [
            36.816841,
            -1.248607
          ],
          [
            36.816644,
            -1.248492
          ],
          [
            36.816515,
            -1.248399
          ]
        ]
      }
    },
    {
      "type": "Feature",
      "properties": {
        "contig_id": 113,
        "length_m": 101.581,
        "segment_count": 5,
        "way_names": [
          "Limuru Road"
        ],
        "way_ids": [
          40315869
        ],
        "endpoint_node_ids": [
          2026570612,
          8519953643
        ],
        "node_ids": [
          2026570612,
          8547923495,
          6366563554,
          2026570572,
          5352474505,
          8519953643
        ],
        "tags": {
          "local:boundary_refs": "w24040003",
          "local:boundary_zone": "buffer"
        },
        "elevations_m": [
          1683.0,
          1682.0,
          1681.0,
          1677.0,
          1675.0,
          1677.0
        ]
      },
      "geometry": {
        "type": "LineString",
        "coordinates": [
          [
            36.819104,
            -1.249059
          ],
          [
            36.818974,
            -1.249034
          ],
          [
            36.818825,
            -1.249018
          ],
          [
            36.818519,
            -1.248956
          ],
          [
            36.81839,
            -1.248909
          ],
          [
            36.818208,
            -1.248924
          ]
        ]
      }
    },
    {
      "type": "Feature",
      "properties": {
        "contig_id": 146,
        "length_m": 89.931,
        "segment_count": 4,
        "way_names": [
          "Limuru Road"
        ],
        "way_ids": [
          40315869
        ],
        "endpoint_node_ids": [
          2413983773,
          6366642371
        ],
        "node_ids": [
          2413983773,
          6366642373,
          2026570601,
          6366642372,
          6366642371
        ],
        "tags": {
          "local:boundary_refs": "w24040003",
          "local:boundary_zone": "core"
        },
        "elevations_m": [
          1691.0,
          1688.0,
          1683.0,
          1680.0,
          1678.0
        ]
      },
      "geometry": {
        "type": "LineString",
        "coordinates": [
          [
            36.813842,
            -1.24307
          ],
          [
            36.81389,
            -1.24333
          ],
          [
            36.813967,
            -1.243602
          ],
          [
            36.814024,
            -1.243751
          ],
          [
            36.814064,
            -1.243845
          ]
        ]
      }
    },
    {
      "type": "Feature",
      "properties": {
        "contig_id": 147,
        "length_m": 25.778,
        "segment_count": 1,
        "way_names": [
          "Limuru Road"
        ],
        "way_ids": [
          770407194
        ],
        "endpoint_node_ids": [
          2413983773,
          6366642374
        ],
        "node_ids": [
          2413983773,
          6366642374
        ],
        "tags": {
          "local:boundary_refs": "w24040003",
          "local:boundary_zone": "core"
        },
        "elevations_m": [
          1691.0,
          1690.0
        ]
      },
      "geometry": {
        "type": "LineString",
        "coordinates": [
          [
            36.813842,
            -1.24307
          ],
          [
            36.813794,
            -1.242843
          ]
        ]
      }
    },
    {
      "type": "Feature",
      "properties": {
        "contig_id": 148,
        "length_m": 23.477,
        "segment_count": 1,
        "way_names": [],
        "way_ids": [
          770407195
        ],
        "endpoint_node_ids": [
          2413983773,
          7191425670
        ],
        "node_ids": [
          2413983773,
          7191425670
        ],
        "tags": {
          "local:boundary_refs": "w24040003",
          "local:boundary_zone": "core"
        },
        "elevations_m": [
          1691.0,
          1690.0
        ]
      },
      "geometry": {
        "type": "LineString",
        "coordinates": [
          [
            36.813842,
            -1.24307
          ],
          [
            36.813827,
            -1.24286
          ]
        ]
      }
    },
    {
      "type": "Feature",
      "properties": {
        "contig_id": 149,
        "length_m": 65.653,
        "segment_count": 1,
        "way_names": [
          "Limuru Road"
        ],
        "way_ids": [
          770407194
        ],
        "endpoint_node_ids": [
          2413983779,
          2458494726
        ],
        "node_ids": [
          2413983779,
          2458494726
        ],
        "tags": {
          "local:boundary_refs": "w24040003",
          "local:boundary_zone": "buffer"
        },
        "elevations_m": [
          1691.0,
          1681.0
        ]
      },
      "geometry": {
        "type": "LineString",
        "coordinates": [
          [
            36.813566,
            -1.241639
          ],
          [
            36.813688,
            -1.242217
          ]
        ]
      }
    },
    {
      "type": "Feature",
      "properties": {
        "contig_id": 150,
        "length_m": 70.686,
        "segment_count": 1,
        "way_names": [
          "Limuru Road"
        ],
        "way_ids": [
          770407194
        ],
        "endpoint_node_ids": [
          2458494726,
          6366642374
        ],
        "node_ids": [
          2458494726,
          6366642374
        ],
        "tags": {
          "local:boundary_refs": "r13626194,w24040003",
          "local:boundary_zone": "buffer"
        },
        "elevations_m": [
          1681.0,
          1690.0
        ]
      },
      "geometry": {
        "type": "LineString",
        "coordinates": [
          [
            36.813688,
            -1.242217
          ],
          [
            36.813794,
            -1.242843
          ]
        ]
      }
    },
    {
      "type": "Feature",
      "properties": {
        "contig_id": 155,
        "length_m": 15.886,
        "segment_count": 2,
        "way_names": [],
        "way_ids": [
          280718274
        ],
        "endpoint_node_ids": [
          2847788830,
          13845622302
        ],
        "node_ids": [
          2847788830,
          2847788843,
          13845622302
        ],
        "tags": {
          "local:boundary_refs": "w24040003",
          "local:boundary_zone": "core"
        },
        "elevations_m": [
          1721.0,
          1721.0,
          1721.0
        ]
      },
      "geometry": {
        "type": "LineString",
        "coordinates": [
          [
            36.797793,
            -1.243022
          ],
          [
            36.797742,
            -1.243073
          ],
          [
            36.797671,
            -1.243078
          ]
        ]
      }
    },
    {
      "type": "Feature",
      "properties": {
        "contig_id": 156,
        "length_m": 171.963,
        "segment_count": 12,
        "way_names": [],
        "way_ids": [
          280718274
        ],
        "endpoint_node_ids": [
          2847788830,
          2847788854
        ],
        "node_ids": [
          2847788830,
          2847788844,
          2847788845,
          2847788846,
          2847788847,
          2847788848,
          2847788849,
          2847788850,
          2847788831,
          2847788851,
          2847788852,
          2847788853,
          2847788854
        ],
        "tags": {
          "local:boundary_refs": "w24040003",
          "local:boundary_zone": "core"
        },
        "elevations_m": [
          1721.0,
          1721.0,
          1720.0,
          1722.0,
          1724.0,
          1726.0,
          1728.0,
          1730.0,
          1730.0,
          1732.0,
          1732.0,
          1733.0,
          1733.0
        ]
      },
      "geometry": {
        "type": "LineString",
        "coordinates": [
          [
            36.797793,
            -1.243022
          ],
          [
            36.797792,
            -1.24295
          ],
          [
            36.797696,
            -1.242795
          ],
          [
            36.797687,
            -1.242687
          ],
          [
            36.797624,
            -1.24248
          ],
          [
            36.797562,
            -1.242401
          ],
          [
            36.797542,
            -1.242295
          ],
          [
            36.797551,
            -1.242187
          ],
          [
            36.797522,
            -1.242122
          ],
          [
            36.797566,
            -1.242023
          ],
          [
            36.79762,
            -1.241974
          ],
          [
            36.797682,
            -1.241843
          ],
          [
            36.797754,
            -1.2416
          ]
        ]
      }
    },
    {
      "type": "Feature",
      "properties": {
        "contig_id": 157,
        "length_m": 176.357,
        "segment_count": 5,
        "way_names": [],
        "way_ids": [
          457597907
        ],
        "endpoint_node_ids": [
          2847788830,
          13845622301
        ],
        "node_ids": [
          2847788830,
          4537141143,
          4537141144,
          4537141145,
          4537141146,
          13845622301
        ],
        "tags": {
          "local:boundary_refs": "w24040003",
          "local:boundary_zone": "core"
        },
        "elevations_m": [
          1721.0,
          1721.0,
          1721.0,
          1723.0,
          1723.0,
          1724.0
        ]
      },
      "geometry": {
        "type": "LineString",
        "coordinates": [
          [
            36.797793,
            -1.243022
          ],
          [
            36.797883,
            -1.243496
          ],
          [
            36.798044,
            -1.243689
          ],
          [
            36.798258,
            -1.244
          ],
          [
            36.798462,
            -1.244183
          ],
          [
            36.798633,
            -1.244288
          ]
        ]
      }
    },
    {
      "type": "Feature",
      "properties": {
        "contig_id": 158,
        "length_m": 489.8,
        "segment_count": 19,
        "way_names": [],
        "way_ids": [
          527787863
        ],
        "endpoint_node_ids": [
          2847788830,
          4537141156
        ],
        "node_ids": [
          2847788830,
          5130412387,
          5130412386,
          5130412385,
          5130412384,
          5130412383,
          5130412382,
          5130412381,
          5130412380,
          5130412379,
          5130412378,
          5130412377,
          5130412376,
          5130412375,
          5130412374,
          5130412373,
          5130412372,
          5130412371,
          5130412370,
          4537141156
        ],
        "tags": {
          "local:boundary_refs": "w24040003",
          "local:boundary_zone": "core"
        },
        "elevations_m": [
          1721.0,
          1721.0,
          1721.0,
          1720.0,
          1719.0,
          1721.0,
          1720.0,
          1719.0,
          1719.0,
          1720.0,
          1720.0,
          1721.0,
          1722.0,
          1723.0,
          1724.0,
          1722.0,
          1720.0,
          1716.0,
          1716.0,
          1721.0
        ]
      },
      "geometry": {
        "type": "LineString",
        "coordinates": [
          [
            36.797793,
            -1.243022
          ],
          [
            36.797932,
            -1.242845
          ],
          [
            36.79814,
            -1.242831
          ],
          [
            36.79838,
            -1.242754
          ],
          [
            36.798593,
            -1.242772
          ],
          [
            36.798796,
            -1.242671
          ],
          [
            36.798989,
            -1.242721
          ],
          [
            36.799091,
            -1.242853
          ],
          [
            36.799236,
            -1.242887
          ],
          [
            36.799383,
            -1.242907
          ],
          [
            36.799507,
            -1.242998
          ],
          [
            36.799691,
            -1.243136
          ],
          [
            36.799897,
            -1.243272
          ],
          [
            36.800045,
            -1.243334
          ],
          [
            36.800257,
            -1.243248
          ],
          [
            36.800468,
            -1.243428
          ],
          [
            36.800659,
            -1.243649
          ],
          [
            36.801023,
            -1.243792
          ],
          [
            36.800986,
            -1.243995
          ],
          [
            36.800638,
            -1.244246
          ]
        ]
      }
    },
    {
      "type": "Feature",
      "properties": {
        "contig_id": 159,
        "length_m": 41.688,
        "segment_count": 3,
        "way_names": [],
        "way_ids": [
          280718274
        ],
        "endpoint_node_ids": [
          2847788854,
          2847799256
        ],
        "node_ids": [
          2847788854,
          2847788855,
          2847788856,
          2847799256
        ],
        "tags": {
          "local:boundary_refs": "w24040003",
          "local:boundary_zone": "core"
        },
        "elevations_m": [
          1733.0,
          1733.0,
          1733.0,
          1733.0
        ]
      },
      "geometry": {
        "type": "LineString",
        "coordinates": [
          [
            36.797754,
            -1.2416
          ],
          [
            36.797813,
            -1.241467
          ],
          [
            36.797898,
            -1.24135
          ],
          [
            36.797978,
            -1.241322
          ]
        ]
      }
    },
    {
      "type": "Feature",
      "properties": {
        "contig_id": 160,
        "length_m": 287.225,
        "segment_count": 11,
        "way_names": [],
        "way_ids": [
          1516388848
        ],
        "endpoint_node_ids": [
          2847788854,
          13845622380
        ],
        "node_ids": [
          2847788854,
          13845622370,
          13845622371,
          13845622372,
          13845622373,
          13845622374,
          13845622375,
          13845622376,
          13845622377,
          13845622378,
          13845622379,
          13845622380
        ],
        "tags": {
          "local:boundary_refs": "w24040003",
          "local:boundary_zone": "core"
        },
        "elevations_m": [
          1733.0,
          1735.0,
          1735.0,
          1736.0,
          1736.0,
          1735.0,
          1735.0,
          1735.0,
          1734.0,
          1735.0,
          1736.0,
          1736.0
        ]
      },
      "geometry": {
        "type": "LineString",
        "coordinates": [
          [
            36.797754,
            -1.2416
          ],
          [
            36.797322,
            -1.241549
          ],
          [
            36.797224,
            -1.241526
          ],
          [
            36.797092,
            -1.241534
          ],
          [
            36.796977,
            -1.241396
          ],
          [
            36.796791,
            -1.241338
          ],
          [
            36.796696,
            -1.241333
          ],
          [
            36.796584,
            -1.241408
          ],
          [
            36.79633,
            -1.24133
          ],
          [
            36.796061,
            -1.24111
          ],
          [
            36.795816,
            -1.240768
          ],
          [
            36.795628,
            -1.240564
          ]
        ]
      }
    },
    {
      "type": "Feature",
      "properties": {
        "contig_id": 161,
        "length_m": 50.921,
        "segment_count": 3,
        "way_names": [],
        "way_ids": [
          280718274
        ],
        "endpoint_node_ids": [
          2847788859,
          2847799256
        ],
        "node_ids": [
          2847788859,
          2847788858,
          2847788857,
          2847799256
        ],
        "tags": {
          "local:boundary_refs": "w24040003",
          "local:boundary_zone": "core"
        },
        "elevations_m": [
          1732.0,
          1733.0,
          1733.0,
          1733.0
        ]
      },
      "geometry": {
        "type": "LineString",
        "coordinates": [
          [
            36.798348,
            -1.241062
          ],
          [
            36.798246,
            -1.2411
          ],
          [
            36.798116,
            -1.241227
          ],
          [
            36.797978,
            -1.241322
          ]
        ]
      }
    },
    {
      "type": "Feature",
      "properties": {
        "contig_id": 162,
        "length_m": 70.919,
        "segment_count": 5,
        "way_names": [],
        "way_ids": [
          280718274
        ],
        "endpoint_node_ids": [
          2847788859,
          2847788862
        ],
        "node_ids": [
          2847788859,
          2847788860,
          2847788832,
          2847788861,
          2847788833,
          2847788862
        ],
        "tags": {
          "local:boundary_refs": "w24040003",
          "local:boundary_zone": "core"
        },
        "elevations_m": [
          1732.0,
          1731.0,
          1730.0,
          1729.0,
          1729.0,
          1728.0
        ]
      },
      "geometry": {
        "type": "LineString",
        "coordinates": [
          [
            36.798348,
            -1.241062
          ],
          [
            36.798408,
            -1.241023
          ],
          [
            36.798551,
            -1.240998
          ],
          [
            36.798725,
            -1.240946
          ],
          [
            36.798905,
            -1.24092
          ],
          [
            36.798947,
            -1.24088
          ]
        ]
      }
    },
    {
      "type": "Feature",
      "properties": {
        "contig_id": 163,
        "length_m": 79.167,
        "segment_count": 2,
        "way_names": [],
        "way_ids": [
          1516388866
        ],
        "endpoint_node_ids": [
          2847788859,
          2847788873
        ],
        "node_ids": [
          2847788859,
          13845622509,
          2847788873
        ],
        "tags": {
          "local:boundary_refs": "w24040003",
          "local:boundary_zone": "core"
        },
        "elevations_m": [
          1732.0,
          1730.0,
          1730.0
        ]
      },
      "geometry": {
        "type": "LineString",
        "coordinates": [
          [
            36.798348,
            -1.241062
          ],
          [
            36.798756,
            -1.241116
          ],
          [
            36.799052,
            -1.241063
          ]
        ]
      }
    },
    {
      "type": "Feature",
      "properties": {
        "contig_id": 164,
        "length_m": 95.683,
        "segment_count": 5,
        "way_names": [],
        "way_ids": [
          280718274
        ],
        "endpoint_node_ids": [
          2847788862,
          2847799158
        ],
        "node_ids": [
          2847788862,
          2847788863,
          2847788864,
          2847788865,
          2847788866,
          2847799158
        ],
        "tags": {
          "local:boundary_refs": "w24040003",
          "local:boundary_zone": "core"
        },
        "elevations_m": [
          1728.0,
          1727.0,
          1725.0,
          1724.0,
          1722.0,
          1721.0
        ]
      },
      "geometry": {
        "type": "LineString",
        "coordinates": [
          [
            36.798947,
            -1.24088
          ],
          [
            36.79894,
            -1.240719
          ],
          [
            36.79892,
            -1.240589
          ],
          [
            36.798888,
            -1.240449
          ],
          [
            36.798837,
            -1.240196
          ],
          [
            36.798789,
            -1.240037
          ]
        ]
      }
    },
    {
      "type": "Feature",
      "properties": {
        "contig_id": 165,
        "length_m": 23.577,
        "segment_count": 2,
        "way_names": [],
        "way_ids": [
          280718275
        ],
        "endpoint_node_ids": [
          2847788862,
          2847788873
        ],
        "node_ids": [
          2847788862,
          2847788872,
          2847788873
        ],
        "tags": {
          "local:boundary_refs": "w24040003",
          "local:boundary_zone": "core"
        },
        "elevations_m": [
          1728.0,
          1729.0,
          1730.0
        ]
      },
      "geometry": {
        "type": "LineString",
        "coordinates": [
          [
            36.798947,
            -1.24088
          ],
          [
            36.799028,
            -1.241037
          ],
          [
            36.799052,
            -1.241063
          ]
        ]
      }
    },
    {
      "type": "Feature",
      "properties": {
        "contig_id": 166,
        "length_m": 215.827,
        "segment_count": 13,
        "way_names": [],
        "way_ids": [
          280718275
        ],
        "endpoint_node_ids": [
          2847788871,
          2847788873
        ],
        "node_ids": [
          2847788871,
          2847788883,
          2847788882,
          2847788881,
          2847788880,
          2847788870,
          2847788879,
          2847788878,
          2847788869,
          2847788877,
          2847788876,
          2847788875,
          2847788874,
          2847788873
        ],
        "tags": {
          "local:boundary_refs": "w24040003",
          "local:boundary_zone": "core"
        },
        "elevations_m": [
          1726.0,
          1725.0,
          1725.0,
          1725.0,
          1726.0,
          1729.0,
          1730.0,
          1731.0,
          1731.0,
          1730.0,
          1730.0,
          1730.0,
          1730.0,
          1730.0
        ]
      },
      "geometry": {
        "type": "LineString",
        "coordinates": [
          [
            36.800406,
            -1.242179
          ],
          [
            36.800358,
            -1.242133
          ],
          [
            36.800307,
            -1.242035
          ],
          [
            36.800296,
            -1.241888
          ],
          [
            36.800227,
            -1.241718
          ],
          [
            36.799971,
            -1.241574
          ],
          [
            36.799883,
            -1.241456
          ],
          [
            36.799794,
            -1.241297
          ],
          [
            36.799716,
            -1.241218
          ],
          [
            36.79962,
            -1.241164
          ],
          [
            36.799548,
            -1.24115
          ],
          [
            36.799402,
            -1.24117
          ],
          [
            36.79915,
            -1.241113
          ],
          [
            36.799052,
            -1.241063
          ]
        ]
      }
    },
    {
      "type": "Feature",
      "properties": {
        "contig_id": 167,
        "length_m": 60.173,
        "segment_count": 4,
        "way_names": [],
        "way_ids": [
          280718275
        ],
        "endpoint_node_ids": [
          2847788871,
          2847799276
        ],
        "node_ids": [
          2847788871,
          2847788884,
          2847788885,
          2847788886,
          2847799276
        ],
        "tags": {
          "local:boundary_refs": "w24040003",
          "local:boundary_zone": "core"
        },
        "elevations_m": [
          1726.0,
          1725.0,
          1725.0,
          1725.0,
          1725.0
        ]
      },
      "geometry": {
        "type": "LineString",
        "coordinates": [
          [
            36.800406,
            -1.242179
          ],
          [
            36.800346,
            -1.242352
          ],
          [
            36.800357,
            -1.242529
          ],
          [
            36.80037,
            -1.242565
          ],
          [
            36.800412,
            -1.242701
          ]
        ]
      }
    },
    {
      "type": "Feature",
      "properties": {
        "contig_id": 168,
        "length_m": 266.246,
        "segment_count": 12,
        "way_names": [],
        "way_ids": [
          280718276
        ],
        "endpoint_node_ids": [
          2847788871,
          2847799146
        ],
        "node_ids": [
          2847788871,
          2847788897,
          2847788896,
          2847788895,
          2847788894,
          2847788893,
          2847788887,
          2847788892,
          2847788891,
          2847788890,
          2847788889,
          2847788888,
          2847799146
        ],
        "tags": {
          "local:boundary_refs": "w24040003",
          "local:boundary_zone": "core"
        },
        "elevations_m": [
          1726.0,
          1726.0,
          1725.0,
          1724.0,
          1723.0,
          1724.0,
          1724.0,
          1723.0,
          1723.0,
          1722.0,
          1721.0,
          1721.0,
          1722.0
        ]
      },
      "geometry": {
        "type": "LineString",
        "coordinates": [
          [
            36.800406,
            -1.242179
          ],
          [
            36.800509,
            -1.24206
          ],
          [
            36.800773,
            -1.241618
          ],
          [
            36.800773,
            -1.241507
          ],
          [
            36.80074,
            -1.241365
          ],
          [
            36.800731,
            -1.241218
          ],
          [
            36.800756,
            -1.241074
          ],
          [
            36.800858,
            -1.240922
          ],
          [
            36.801043,
            -1.240743
          ],
          [
            36.80128,
            -1.240461
          ],
          [
            36.801387,
            -1.240361
          ],
          [
            36.801426,
            -1.240299
          ],
          [
            36.801435,
            -1.240156
          ]
        ]
      }
    },
    {
      "type": "Feature",
      "properties": {
        "contig_id": 169,
        "length_m": 16.927,
        "segment_count": 2,
        "way_names": [],
        "way_ids": [
          280717988
        ],
        "endpoint_node_ids": [
          2847798044,
          2847799254
        ],
        "node_ids": [
          2847798044,
          2847799255,
          2847799254
        ],
        "tags": {
          "local:boundary_refs": "w24040003",
          "local:boundary_zone": "core"
        },
        "elevations_m": [
          1738.0,
          1737.0,
          1737.0
        ]
      },
      "geometry": {
        "type": "LineString",
        "coordinates": [
          [
            36.795335,
            -1.240766
          ],
          [
            36.79533,
            -1.240674
          ],
          [
            36.795348,
            -1.240617
          ]
        ]
      }
    },
    {
      "type": "Feature",
      "properties": {
        "contig_id": 170,
        "length_m": 15.175,
        "segment_count": 1,
        "way_names": [
          "Mukeu Trail"
        ],
        "way_ids": [
          280717984
        ],
        "endpoint_node_ids": [
          2847798044,
          13845622502
        ],
        "node_ids": [
          2847798044,
          13845622502
        ],
        "tags": {
          "local:boundary_refs": "w24040003",
          "local:boundary_zone": "core"
        },
        "elevations_m": [
          1738.0,
          1736.0
        ]
      },
      "geometry": {
        "type": "LineString",
        "coordinates": [
          [
            36.795335,
            -1.240766
          ],
          [
            36.79522,
            -1.240693
          ]
        ]
      }
    },
    {
      "type": "Feature",
      "properties": {
        "contig_id": 171,
        "length_m": 7.196,
        "segment_count": 1,
        "way_names": [
          "Mukeu Trail"
        ],
        "way_ids": [
          280717984
        ],
        "endpoint_node_ids": [
          2847798044,
          13845622508
        ],
        "node_ids": [
          2847798044,
          13845622508
        ],
        "tags": {
          "local:boundary_refs": "w24040003",
          "local:boundary_zone": "core"
        },
        "elevations_m": [
          1738.0,
          1738.0
        ]
      },
      "geometry": {
        "type": "LineString",
        "coordinates": [
          [
            36.795335,
            -1.240766
          ],
          [
            36.795386,
            -1.240805
          ]
        ]
      }
    },
    {
      "type": "Feature",
      "properties": {
        "contig_id": 172,
        "length_m": 179.864,
        "segment_count": 8,
        "way_names": [
          "Mukeu Trail"
        ],
        "way_ids": [
          280717984
        ],
        "endpoint_node_ids": [
          2847798059,
          2847798944
        ],
        "node_ids": [
          2847798059,
          2847798950,
          2847798949,
          2847798948,
          2847798947,
          2847798946,
          2847798945,
          2847798058,
          2847798944
        ],
        "tags": {
          "local:boundary_refs": "w24040003",
          "local:boundary_zone": "core"
        },
        "elevations_m": [
          1702.0,
          1703.0,
          1708.0,
          1710.0,
          1709.0,
          1709.0,
          1709.0,
          1708.0,
          1706.0
        ]
      },
      "geometry": {
        "type": "LineString",
        "coordinates": [
          [
            36.809849,
            -1.24268
          ],
          [
            36.809797,
            -1.242728
          ],
          [
            36.809641,
            -1.24297
          ],
          [
            36.809637,
            -1.243185
          ],
          [
            36.809667,
            -1.243289
          ],
          [
            36.809639,
            -1.243393
          ],
          [
            36.809642,
            -1.243501
          ],
          [
            36.809675,
            -1.243641
          ],
          [
            36.809682,
            -1.244217
          ]
        ]
      }
    },
    {
      "type": "Feature",
      "properties": {
        "contig_id": 173,
        "length_m": 97.176,
        "segment_count": 4,
        "way_names": [
          "Mukeu Trail"
        ],
        "way_ids": [
          280717984
        ],
        "endpoint_node_ids": [
          2847798059,
          13845622366
        ],
        "node_ids": [
          2847798059,
          2847798951,
          2847798952,
          2847798953,
          13845622366
        ],
        "tags": {
          "local:boundary_refs": "w24040003",
          "local:boundary_zone": "core"
        },
        "elevations_m": [
          1702.0,
          1700.0,
          1700.0,
          1701.0,
          1701.0
        ]
      },
      "geometry": {
        "type": "LineString",
        "coordinates": [
          [
            36.809849,
            -1.24268
          ],
          [
            36.810054,
            -1.242611
          ],
          [
            36.810318,
            -1.242495
          ],
          [
            36.810527,
            -1.242441
          ],
          [
            36.81068,
            -1.242428
          ]
        ]
      }
    },
    {
      "type": "Feature",
      "properties": {
        "contig_id": 174,
        "length_m": 11.399,
        "segment_count": 1,
        "way_names": [
          "Sigiria Trail"
        ],
        "way_ids": [
          280717985
        ],
        "endpoint_node_ids": [
          2847798059,
          13845622369
        ],
        "node_ids": [
          2847798059,
          13845622369
        ],
        "tags": {
          "local:boundary_refs": "w24040003",
          "local:boundary_zone": "core"
        },
        "elevations_m": [
          1702.0,
          1703.0
        ]
      },
      "geometry": {
        "type": "LineString",
        "coordinates": [
          [
            36.809849,
            -1.24268
          ],
          [
            36.809747,
            -1.242677
          ]
        ]
      }
    },
    {
      "type": "Feature",
      "properties": {
        "contig_id": 175,
        "length_m": 247.513,
        "segment_count": 13,
        "way_names": [],
        "way_ids": [
          280718274
        ],
        "endpoint_node_ids": [
          2847798096,
          13845622302
        ],
        "node_ids": [
          2847798096,
          2847788834,
          2847788835,
          2847788836,
          2847788827,
          2847788837,
          2847788838,
          2847788828,
          2847788839,
          2847788840,
          2847788841,
          2847788829,
          2847788842,
          13845622302
        ],
        "tags": {
          "local:boundary_refs": "w24040003",
          "local:boundary_zone": "core"
        },
        "elevations_m": [
          1731.0,
          1732.0,
          1732.0,
          1730.0,
          1728.0,
          1727.0,
          1728.0,
          1727.0,
          1727.0,
          1726.0,
          1725.0,
          1723.0,
          1721.0,
          1721.0
        ]
      },
      "geometry": {
        "type": "LineString",
        "coordinates": [
          [
            36.796028,
            -1.243888
          ],
          [
            36.795912,
            -1.243775
          ],
          [
            36.795956,
            -1.243677
          ],
          [
            36.796132,
            -1.243445
          ],
          [
            36.796285,
            -1.24335
          ],
          [
            36.796499,
            -1.243305
          ],
          [
            36.796737,
            -1.243218
          ],
          [
            36.796827,
            -1.243157
          ],
          [
            36.796858,
            -1.243093
          ],
          [
            36.796915,
            -1.243049
          ],
          [
            36.797022,
            -1.243034
          ],
          [
            36.79724,
            -1.243048
          ],
          [
            36.79749,
            -1.24309
          ],
          [
            36.797671,
            -1.243078
          ]
        ]
      }
    },
    {
      "type": "Feature",
      "properties": {
        "contig_id": 176,
        "length_m": 452.184,
        "segment_count": 27,
        "way_names": [
          "Mukeu Trail"
        ],
        "way_ids": [
          280717984
        ],
        "endpoint_node_ids": [
          2847798096,
          13845622508
        ],
        "node_ids": [
          2847798096,
          2847798095,
          2847798094,
          2847798093,
          2847798048,
          2847798092,
          2847798091,
          2847798090,
          2847798089,
          2847798047,
          2847798088,
          2847798087,
          2847798086,
          2847798085,
          2847798084,
          2847798083,
          2847798082,
          2847798081,
          2847798080,
          2847798079,
          2847798046,
          2847798078,
          2847798077,
          2847798076,
          2847798075,
          2847798074,
          2847798045,
          13845622508
        ],
        "tags": {
          "local:boundary_refs": "w24040003",
          "local:boundary_zone": "core"
        },
        "elevations_m": [
          1731.0,
          1732.0,
          1732.0,
          1733.0,
          1733.0,
          1735.0,
          1735.0,
          1735.0,
          1736.0,
          1736.0,
          1735.0,
          1735.0,
          1735.0,
          1735.0,
          1733.0,
          1733.0,
          1732.0,
          1732.0,
          1731.0,
          1730.0,
          1731.0,
          1731.0,
          1732.0,
          1733.0,
          1734.0,
          1735.0,
          1738.0,
          1738.0
        ]
      },
      "geometry": {
        "type": "LineString",
        "coordinates": [
          [
            36.796028,
            -1.243888
          ],
          [
            36.795963,
            -1.243857
          ],
          [
            36.795883,
            -1.243793
          ],
          [
            36.795777,
            -1.243773
          ],
          [
            36.795676,
            -1.243734
          ],
          [
            36.795522,
            -1.243643
          ],
          [
            36.795223,
            -1.243519
          ],
          [
            36.795112,
            -1.243431
          ],
          [
            36.794948,
            -1.24324
          ],
          [
            36.794939,
            -1.243133
          ],
          [
            36.794978,
            -1.243036
          ],
          [
            36.794992,
            -1.242893
          ],
          [
            36.795015,
            -1.242865
          ],
          [
            36.795034,
            -1.242797
          ],
          [
            36.79515,
            -1.242616
          ],
          [
            36.795203,
            -1.242447
          ],
          [
            36.79532,
            -1.242316
          ],
          [
            36.795346,
            -1.242251
          ],
          [
            36.795407,
            -1.242162
          ],
          [
            36.795506,
            -1.241898
          ],
          [
            36.795618,
            -1.241714
          ],
          [
            36.795635,
            -1.241645
          ],
          [
            36.79571,
            -1.241525
          ],
          [
            36.795717,
            -1.241453
          ],
          [
            36.795751,
            -1.241354
          ],
          [
            36.795745,
            -1.241283
          ],
          [
            36.795592,
            -1.240962
          ],
          [
            36.795386,
            -1.240805
          ]
        ]
      }
    },
    {
      "type": "Feature",
      "properties": {
        "contig_id": 177,
        "length_m": 281.897,
        "segment_count": 8,
        "way_names": [
          "Mukeu Trail"
        ],
        "way_ids": [
          280717984
        ],
        "endpoint_node_ids": [
          2847798096,
          13845560500
        ],
        "node_ids": [
          2847798096,
          2847798097,
          2847798098,
          2847798049,
          2847798099,
          2847798100,
          2847798901,
          2847798902,
          13845560500
        ],
        "tags": {
          "local:boundary_refs": "w24040003",
          "local:boundary_zone": "core"
        },
        "elevations_m": [
          1731.0,
          1733.0,
          1734.0,
          1729.0,
          1727.0,
          1727.0,
          1727.0,
          1728.0,
          1728.0
        ]
      },
      "geometry": {
        "type": "LineString",
        "coordinates": [
          [
            36.796028,
            -1.243888
          ],
          [
            36.796298,
            -1.243989
          ],
          [
            36.796856,
            -1.244236
          ],
          [
            36.797401,
            -1.244415
          ],
          [
            36.797868,
            -1.244603
          ],
          [
            36.797971,
            -1.244631
          ],
          [
            36.798151,
            -1.244646
          ],
          [
            36.798323,
            -1.244695
          ],
          [
            36.798407,
            -1.244738
          ]
        ]
      }
    },
    {
      "type": "Feature",
      "properties": {
        "contig_id": 178,
        "length_m": 47.987,
        "segment_count": 2,
        "way_names": [
          "Mukeu Trail"
        ],
        "way_ids": [
          280717984
        ],
        "endpoint_node_ids": [
          2847798906,
          2847798907
        ],
        "node_ids": [
          2847798906,
          2847798051,
          2847798907
        ],
        "tags": {
          "local:boundary_refs": "w24040003",
          "local:boundary_zone": "core"
        },
        "elevations_m": [
          1726.0,
          1724.0,
          1723.0
        ]
      },
      "geometry": {
        "type": "LineString",
        "coordinates": [
          [
            36.800222,
            -1.244522
          ],
          [
            36.80056,
            -1.2444
          ],
          [
            36.800626,
            -1.244371
          ]
        ]
      }
    },
    {
      "type": "Feature",
      "properties": {
        "contig_id": 179,
        "length_m": 212.992,
        "segment_count": 5,
        "way_names": [
          "Mukeu Trail"
        ],
        "way_ids": [
          280717984
        ],
        "endpoint_node_ids": [
          2847798906,
          13845560500
        ],
        "node_ids": [
          2847798906,
          2847798905,
          2847798904,
          2847798050,
          2847798903,
          13845560500
        ],
        "tags": {
          "local:boundary_refs": "w24040003",
          "local:boundary_zone": "core"
        },
        "elevations_m": [
          1726.0,
          1730.0,
          1728.0,
          1729.0,
          1730.0,
          1728.0
        ]
      },
      "geometry": {
        "type": "LineString",
        "coordinates": [
          [
            36.800222,
            -1.244522
          ],
          [
            36.799691,
            -1.244616
          ],
          [
            36.798954,
            -1.2449
          ],
          [
            36.798847,
            -1.244914
          ],
          [
            36.798706,
            -1.24489
          ],
          [
            36.798407,
            -1.244738
          ]
        ]
      }
    },
    {
      "type": "Feature",
      "properties": {
        "contig_id": 180,
        "length_m": 190.219,
        "segment_count": 10,
        "way_names": [],
        "way_ids": [
          280720860
        ],
        "endpoint_node_ids": [
          2847798906,
          2847823993
        ],
        "node_ids": [
          2847798906,
          2847824002,
          2847824001,
          2847824000,
          2847823999,
          2847823998,
          2847823997,
          2847823996,
          2847823995,
          2847823994,
          2847823993
        ],
        "tags": {
          "local:boundary_refs": "w24040003",
          "local:boundary_zone": "core"
        },
        "elevations_m": [
          1726.0,
          1727.0,
          1727.0,
          1729.0,
          1729.0,
          1728.0,
          1728.0,
          1726.0,
          1723.0,
          1721.0,
          1719.0
        ]
      },
      "geometry": {
        "type": "LineString",
        "coordinates": [
          [
            36.800222,
            -1.244522
          ],
          [
            36.800332,
            -1.244577
          ],
          [
            36.800341,
            -1.244612
          ],
          [
            36.800332,
            -1.24472
          ],
          [
            36.800352,
            -1.244937
          ],
          [
            36.800408,
            -1.245182
          ],
          [
            36.800411,
            -1.245255
          ],
          [
            36.800467,
            -1.245426
          ],
          [
            36.800519,
            -1.245782
          ],
          [
            36.800557,
            -1.245921
          ],
          [
            36.800562,
            -1.246138
          ]
        ]
      }
    },
    {
      "type": "Feature",
      "properties": {
        "contig_id": 181,
        "length_m": 142.591,
        "segment_count": 6,
        "way_names": [
          "Mukeu Trail"
        ],
        "way_ids": [
          280717984
        ],
        "endpoint_node_ids": [
          2847798907,
          2847798912
        ],
        "node_ids": [
          2847798907,
          2847798908,
          2847798909,
          2847798910,
          2847798911,
          2847798052,
          2847798912
        ],
        "tags": {
          "local:boundary_refs": "w24040003",
          "local:boundary_zone": "core"
        },
        "elevations_m": [
          1723.0,
          1722.0,
          1719.0,
          1716.0,
          1719.0,
          1720.0,
          1720.0
        ]
      },
      "geometry": {
        "type": "LineString",
        "coordinates": [
          [
            36.800626,
            -1.244371
          ],
          [
            36.800755,
            -1.244343
          ],
          [
            36.800895,
            -1.244307
          ],
          [
            36.80123,
            -1.244178
          ],
          [
            36.801588,
            -1.244141
          ],
          [
            36.801729,
            -1.244112
          ],
          [
            36.801871,
            -1.244132
          ]
        ]
      }
    },
    {
      "type": "Feature",
      "properties": {
        "contig_id": 182,
        "length_m": 13.903,
        "segment_count": 1,
        "way_names": [],
        "way_ids": [
          457597907
        ],
        "endpoint_node_ids": [
          2847798907,
          4537141156
        ],
        "node_ids": [
          2847798907,
          4537141156
        ],
        "tags": {
          "local:boundary_refs": "w24040003",
          "local:boundary_zone": "core"
        },
        "elevations_m": [
          1723.0,
          1721.0
        ]
      },
      "geometry": {
        "type": "LineString",
        "coordinates": [
          [
            36.800626,
            -1.244371
          ],
          [
            36.800638,
            -1.244246
          ]
        ]
      }
    },
    {
      "type": "Feature",
      "properties": {
        "contig_id": 183,
        "length_m": 247.385,
        "segment_count": 5,
        "way_names": [
          "Mukeu Trail"
        ],
        "way_ids": [
          280717984
        ],
        "endpoint_node_ids": [
          2847798912,
          2847798916
        ],
        "node_ids": [
          2847798912,
          2847798913,
          2847798914,
          2847798053,
          2847798915,
          2847798916
        ],
        "tags": {
          "local:boundary_refs": "w24040003",
          "local:boundary_zone": "core"
        },
        "elevations_m": [
          1720.0,
          1720.0,
          1715.0,
          1714.0,
          1713.0,
          1711.0
        ]
      },
      "geometry": {
        "type": "LineString",
        "coordinates": [
          [
            36.801871,
            -1.244132
          ],
          [
            36.802236,
            -1.244282
          ],
          [
            36.803349,
            -1.244786
          ],
          [
            36.803557,
            -1.244927
          ],
          [
            36.803658,
            -1.245026
          ],
          [
            36.803839,
            -1.245144
          ]
        ]
      }
    },
    {
      "type": "Feature",
      "properties": {
        "contig_id": 184,
        "length_m": 103.806,
        "segment_count": 6,
        "way_names": [
          "Thigiri Trail"
        ],
        "way_ids": [
          280717989
        ],
        "endpoint_node_ids": [
          2847798912,
          2847799281
        ],
        "node_ids": [
          2847798912,
          4542431293,
          2847799285,
          2847799284,
          2847799283,
          2847799282,
          2847799281
        ],
        "tags": {
          "local:boundary_refs": "w24040003",
          "local:boundary_zone": "core"
        },
        "elevations_m": [
          1720.0,
          1720.0,
          1719.0,
          1716.0,
          1716.0,
          1716.0,
          1716.0
        ]
      },
      "geometry": {
        "type": "LineString",
        "coordinates": [
          [
            36.801871,
            -1.244132
          ],
          [
            36.801755,
            -1.244042
          ],
          [
            36.801679,
            -1.243975
          ],
          [
            36.801417,
            -1.24386
          ],
          [
            36.801303,
            -1.24378
          ],
          [
            36.801187,
            -1.243719
          ],
          [
            36.801071,
            -1.243663
          ]
        ]
      }
    },
    {
      "type": "Feature",
      "properties": {
        "contig_id": 185,
        "length_m": 19.754,
        "segment_count": 1,
        "way_names": [
          "Mukeu Trail"
        ],
        "way_ids": [
          280717984
        ],
        "endpoint_node_ids": [
          2847798916,
          2847798917
        ],
        "node_ids": [
          2847798916,
          2847798917
        ],
        "tags": {
          "local:boundary_refs": "w24040003",
          "local:boundary_zone": "core"
        },
        "elevations_m": [
          1711.0,
          1711.0
        ]
      },
      "geometry": {
        "type": "LineString",
        "coordinates": [
          [
            36.803839,
            -1.245144
          ],
          [
            36.804001,
            -1.245217
          ]
        ]
      }
    },
    {
      "type": "Feature",
      "properties": {
        "contig_id": 186,
        "length_m": 213.654,
        "segment_count": 11,
        "way_names": [],
        "way_ids": [
          280720860
        ],
        "endpoint_node_ids": [
          2847798916,
          2847823981
        ],
        "node_ids": [
          2847798916,
          2847823971,
          2847823972,
          2847823973,
          2847823974,
          2847823975,
          2847823976,
          2847823977,
          2847823978,
          2847823979,
          2847823980,
          2847823981
        ],
        "tags": {
          "local:boundary_refs": "w24040003",
          "local:boundary_zone": "core"
        },
        "elevations_m": [
          1711.0,
          1712.0,
          1711.0,
          1711.0,
          1712.0,
          1712.0,
          1714.0,
          1715.0,
          1717.0,
          1718.0,
          1717.0,
          1716.0
        ]
      },
      "geometry": {
        "type": "LineString",
        "coordinates": [
          [
            36.803839,
            -1.245144
          ],
          [
            36.803695,
            -1.245104
          ],
          [
            36.803532,
            -1.245249
          ],
          [
            36.803493,
            -1.245309
          ],
          [
            36.803438,
            -1.245357
          ],
          [
            36.803325,
            -1.245542
          ],
          [
            36.803139,
            -1.245713
          ],
          [
            36.803089,
            -1.24581
          ],
          [
            36.802985,
            -1.245958
          ],
          [
            36.80283,
            -1.246108
          ],
          [
            36.80265,
            -1.246381
          ],
          [
            36.802611,
            -1.246481
          ]
        ]
      }
    },
    {
      "type": "Feature",
      "properties": {
        "contig_id": 187,
        "length_m": 350.876,
        "segment_count": 11,
        "way_names": [
          "Mukeu Trail"
        ],
        "way_ids": [
          280717984
        ],
        "endpoint_node_ids": [
          2847798917,
          2847798927
        ],
        "node_ids": [
          2847798917,
          2847798918,
          2847798919,
          2847798920,
          2847798921,
          2847798922,
          2847798054,
          2847798923,
          2847798924,
          2847798925,
          2847798926,
          2847798927
        ],
        "tags": {
          "local:boundary_refs": "w24040003",
          "local:boundary_zone": "core"
        },
        "elevations_m": [
          1711.0,
          1712.0,
          1714.0,
          1714.0,
          1715.0,
          1717.0,
          1718.0,
          1714.0,
          1712.0,
          1709.0,
          1709.0,
          1708.0
        ]
      },
      "geometry": {
        "type": "LineString",
        "coordinates": [
          [
            36.804001,
            -1.245217
          ],
          [
            36.804205,
            -1.245359
          ],
          [
            36.804583,
            -1.245481
          ],
          [
            36.804879,
            -1.245609
          ],
          [
            36.805283,
            -1.245844
          ],
          [
            36.805514,
            -1.246012
          ],
          [
            36.805669,
            -1.246103
          ],
          [
            36.806215,
            -1.246375
          ],
          [
            36.806319,
            -1.246475
          ],
          [
            36.80652,
            -1.246625
          ],
          [
            36.806596,
            -1.2467
          ],
          [
            36.806718,
            -1.246775
          ]
        ]
      }
    },
    {
      "type": "Feature",
      "properties": {
        "contig_id": 188,
        "length_m": 589.369,
        "segment_count": 38,
        "way_names": [],
        "way_ids": [
          280720859
        ],
        "endpoint_node_ids": [
          2847798917,
          2847823917
        ],
        "node_ids": [
          2847798917,
          2847823967,
          2847823966,
          2847823965,
          2847823964,
          2847823963,
          2847823962,
          2847823961,
          2847823960,
          2847823959,
          2847823958,
          2847823957,
          2847823956,
          2847823955,
          2847823933,
          2847823954,
          2847823953,
          2847823952,
          2847823951,
          2847823950,
          2847823949,
          2847823948,
          2847823947,
          2847823932,
          2847823946,
          2847823945,
          2847823944,
          2847823943,
          2847823942,
          2847823941,
          2847823940,
          2847823931,
          2847823939,
          2847823938,
          2847823937,
          2847823936,
          2847823935,
          2847823934,
          2847823917
        ],
        "tags": {
          "local:boundary_refs": "w24040003",
          "local:boundary_zone": "core"
        },
        "elevations_m": [
          1711.0,
          1712.0,
          1713.0,
          1712.0,
          1711.0,
          1710.0,
          1709.0,
          1709.0,
          1707.0,
          1707.0,
          1707.0,
          1708.0,
          1708.0,
          1707.0,
          1706.0,
          1705.0,
          1705.0,
          1705.0,
          1705.0,
          1704.0,
          1704.0,
          1704.0,
          1705.0,
          1706.0,
          1706.0,
          1709.0,
          1711.0,
          1712.0,
          1712.0,
          1714.0,
          1715.0,
          1715.0,
          1716.0,
          1715.0,
          1714.0,
          1713.0,
          1713.0,
          1712.0,
          1713.0
        ]
      },
      "geometry": {
        "type": "LineString",
        "coordinates": [
          [
            36.804001,
            -1.245217
          ],
          [
            36.804015,
            -1.245023
          ],
          [
            36.80413,
            -1.24484
          ],
          [
            36.804188,
            -1.244631
          ],
          [
            36.804186,
            -1.244522
          ],
          [
            36.804074,
            -1.244339
          ],
          [
            36.804059,
            -1.244268
          ],
          [
            36.804066,
            -1.244234
          ],
          [
            36.804157,
            -1.244122
          ],
          [
            36.804184,
            -1.244056
          ],
          [
            36.804163,
            -1.243841
          ],
          [
            36.804189,
            -1.243699
          ],
          [
            36.804202,
            -1.243666
          ],
          [
            36.804311,
            -1.24357
          ],
          [
            36.80437,
            -1.243478
          ],
          [
            36.80438,
            -1.243371
          ],
          [
            36.804347,
            -1.243306
          ],
          [
            36.804251,
            -1.243264
          ],
          [
            36.804212,
            -1.243203
          ],
          [
            36.804185,
            -1.2431
          ],
          [
            36.804122,
            -1.243012
          ],
          [
            36.804,
            -1.242934
          ],
          [
            36.803798,
            -1.242852
          ],
          [
            36.803768,
            -1.242833
          ],
          [
            36.803729,
            -1.242774
          ],
          [
            36.803716,
            -1.242558
          ],
          [
            36.80382,
            -1.242289
          ],
          [
            36.803844,
            -1.242184
          ],
          [
            36.803846,
            -1.242039
          ],
          [
            36.803885,
            -1.241864
          ],
          [
            36.803885,
            -1.241791
          ],
          [
            36.803848,
            -1.241729
          ],
          [
            36.80375,
            -1.241687
          ],
          [
            36.803487,
            -1.241443
          ],
          [
            36.803299,
            -1.241332
          ],
          [
            36.803185,
            -1.241242
          ],
          [
            36.80298,
            -1.24117
          ],
          [
            36.802917,
            -1.241135
          ],
          [
            36.80283,
            -1.241032
          ]
        ]
      }
    },
    {
      "type": "Feature",
      "properties": {
        "contig_id": 189,
        "length_m": 179.649,
        "segment_count": 5,
        "way_names": [
          "Mukeu Trail"
        ],
        "way_ids": [
          280717984
        ],
        "endpoint_node_ids": [
          2847798927,
          2847798930
        ],
        "node_ids": [
          2847798927,
          2847798055,
          2847798928,
          2847798929,
          2847798056,
          2847798930
        ],
        "tags": {
          "local:boundary_refs": "w24040003",
          "local:boundary_zone": "core"
        },
        "elevations_m": [
          1708.0,
          1706.0,
          1708.0,
          1707.0,
          1705.0,
          1705.0
        ]
      },
      "geometry": {
        "type": "LineString",
        "coordinates": [
          [
            36.806718,
            -1.246775
          ],
          [
            36.807572,
            -1.247156
          ],
          [
            36.807808,
            -1.247237
          ],
          [
            36.807948,
            -1.24727
          ],
          [
            36.808131,
            -1.247276
          ],
          [
            36.808235,
            -1.247282
          ]
        ]
      }
    },
    {
      "type": "Feature",
      "properties": {
        "contig_id": 190,
        "length_m": 118.111,
        "segment_count": 8,
        "way_names": [],
        "way_ids": [
          280720861
        ],
        "endpoint_node_ids": [
          2847798927,
          2847824013
        ],
        "node_ids": [
          2847798927,
          2847824007,
          2847824008,
          2847824009,
          2847824010,
          2847824011,
          2847824003,
          2847824012,
          2847824013
        ],
        "tags": {
          "local:boundary_refs": "w24040003",
          "local:boundary_zone": "core"
        },
        "elevations_m": [
          1708.0,
          1708.0,
          1708.0,
          1708.0,
          1709.0,
          1711.0,
          1714.0,
          1713.0,
          1712.0
        ]
      },
      "geometry": {
        "type": "LineString",
        "coordinates": [
          [
            36.806718,
            -1.246775
          ],
          [
            36.806597,
            -1.246809
          ],
          [
            36.80655,
            -1.246864
          ],
          [
            36.806501,
            -1.246962
          ],
          [
            36.806465,
            -1.247103
          ],
          [
            36.806397,
            -1.24727
          ],
          [
            36.80634,
            -1.247481
          ],
          [
            36.806366,
            -1.247541
          ],
          [
            36.806389,
            -1.247684
          ]
        ]
      }
    },
    {
      "type": "Feature",
      "properties": {
        "contig_id": 191,
        "length_m": 84.084,
        "segment_count": 3,
        "way_names": [],
        "way_ids": [
          280720862
        ],
        "endpoint_node_ids": [
          2847798930,
          2847824044
        ],
        "node_ids": [
          2847798930,
          2847824047,
          2847824045,
          2847824044
        ],
        "tags": {
          "local:boundary_refs": "w24040003",
          "local:boundary_zone": "core"
        },
        "elevations_m": [
          1705.0,
          1706.0,
          1703.0,
          1702.0
        ]
      },
      "geometry": {
        "type": "LineString",
        "coordinates": [
          [
            36.808235,
            -1.247282
          ],
          [
            36.808278,
            -1.247516
          ],
          [
            36.808484,
            -1.247672
          ],
          [
            36.808522,
            -1.24793
          ]
        ]
      }
    },
    {
      "type": "Feature",
      "properties": {
        "contig_id": 192,
        "length_m": 36.031,
        "segment_count": 1,
        "way_names": [
          "Mukeu Trail"
        ],
        "way_ids": [
          280717984
        ],
        "endpoint_node_ids": [
          2847798930,
          13845622417
        ],
        "node_ids": [
          2847798930,
          13845622417
        ],
        "tags": {
          "local:boundary_refs": "w24040003",
          "local:boundary_zone": "core"
        },
        "elevations_m": [
          1705.0,
          1704.0
        ]
      },
      "geometry": {
        "type": "LineString",
        "coordinates": [
          [
            36.808235,
            -1.247282
          ],
          [
            36.808549,
            -1.247202
          ]
        ]
      }
    },
    {
      "type": "Feature",
      "properties": {
        "contig_id": 193,
        "length_m": 293.564,
        "segment_count": 11,
        "way_names": [
          "Mukeu Trail"
        ],
        "way_ids": [
          280717984
        ],
        "endpoint_node_ids": [
          2847798944,
          13845622410
        ],
        "node_ids": [
          2847798944,
          2847798943,
          2847798942,
          2847798941,
          2847798940,
          2847798939,
          2847798057,
          2847798938,
          2847798937,
          2847798936,
          2847798935,
          13845622410
        ],
        "tags": {
          "local:boundary_refs": "w24040003",
          "local:boundary_zone": "core"
        },
        "elevations_m": [
          1706.0,
          1707.0,
          1706.0,
          1706.0,
          1705.0,
          1704.0,
          1706.0,
          1707.0,
          1705.0,
          1704.0,
          1704.0,
          1704.0
        ]
      },
      "geometry": {
        "type": "LineString",
        "coordinates": [
          [
            36.809682,
            -1.244217
          ],
          [
            36.809712,
            -1.244357
          ],
          [
            36.809714,
            -1.244609
          ],
          [
            36.809693,
            -1.244714
          ],
          [
            36.809753,
            -1.244802
          ],
          [
            36.809759,
            -1.245666
          ],
          [
            36.809705,
            -1.245909
          ],
          [
            36.809591,
            -1.246133
          ],
          [
            36.809537,
            -1.246338
          ],
          [
            36.809476,
            -1.246504
          ],
          [
            36.809455,
            -1.246682
          ],
          [
            36.809431,
            -1.246778
          ]
        ]
      }
    },
    {
      "type": "Feature",
      "properties": {
        "contig_id": 194,
        "length_m": 73.68,
        "segment_count": 1,
        "way_names": [],
        "way_ids": [
          1516388852
        ],
        "endpoint_node_ids": [
          2847798944,
          13845622395
        ],
        "node_ids": [
          2847798944,
          13845622395
        ],
        "tags": {
          "local:boundary_refs": "w24040003",
          "local:boundary_zone": "core"
        },
        "elevations_m": [
          1706.0,
          1706.0
        ]
      },
      "geometry": {
        "type": "LineString",
        "coordinates": [
          [
            36.809682,
            -1.244217
          ],
          [
            36.810337,
            -1.244116
          ]
        ]
      }
    },
    {
      "type": "Feature",
      "properties": {
        "contig_id": 195,
        "length_m": 718.17,
        "segment_count": 33,
        "way_names": [
          "Mukeu Trail"
        ],
        "way_ids": [
          280717984
        ],
        "endpoint_node_ids": [
          2847798978,
          13845622366
        ],
        "node_ids": [
          2847798978,
          2847798066,
          2847798977,
          2847798976,
          2847798975,
          2847798974,
          2847798065,
          2847798973,
          2847798972,
          2847798971,
          2847798970,
          2847798064,
          2847798969,
          2847798968,
          2847798063,
          11938174295,
          2847798967,
          2847798062,
          2847798966,
          2847798965,
          2847798964,
          2847798963,
          2847798962,
          2847798961,
          2847798960,
          2847798959,
          2847798958,
          2847798061,
          2847798957,
          2847798956,
          2847798955,
          2847798954,
          2847798060,
          13845622366
        ],
        "tags": {
          "local:boundary_refs": "w24040003",
          "local:boundary_zone": "core"
        },
        "elevations_m": [
          1666.0,
          1666.0,
          1666.0,
          1667.0,
          1667.0,
          1667.0,
          1666.0,
          1667.0,
          1670.0,
          1674.0,
          1676.0,
          1677.0,
          1679.0,
          1683.0,
          1684.0,
          1684.0,
          1683.0,
          1684.0,
          1685.0,
          1686.0,
          1686.0,
          1686.0,
          1686.0,
          1687.0,
          1688.0,
          1690.0,
          1692.0,
          1693.0,
          1694.0,
          1697.0,
          1699.0,
          1701.0,
          1701.0,
          1701.0
        ]
      },
      "geometry": {
        "type": "LineString",
        "coordinates": [
          [
            36.815028,
            -1.246635
          ],
          [
            36.814903,
            -1.246568
          ],
          [
            36.814819,
            -1.246499
          ],
          [
            36.814724,
            -1.246391
          ],
          [
            36.814625,
            -1.24616
          ],
          [
            36.814611,
            -1.24609
          ],
          [
            36.814529,
            -1.245931
          ],
          [
            36.814261,
            -1.245552
          ],
          [
            36.814098,
            -1.245362
          ],
          [
            36.813964,
            -1.245243
          ],
          [
            36.813897,
            -1.245217
          ],
          [
            36.813745,
            -1.245122
          ],
          [
            36.813548,
            -1.245034
          ],
          [
            36.81288,
            -1.244886
          ],
          [
            36.812668,
            -1.244851
          ],
          [
            36.812482,
            -1.244761
          ],
          [
            36.812327,
            -1.24464
          ],
          [
            36.812185,
            -1.244505
          ],
          [
            36.812101,
            -1.244409
          ],
          [
            36.812071,
            -1.244361
          ],
          [
            36.812001,
            -1.244156
          ],
          [
            36.811914,
            -1.24396
          ],
          [
            36.811907,
            -1.243889
          ],
          [
            36.811864,
            -1.243792
          ],
          [
            36.811679,
            -1.243491
          ],
          [
            36.811583,
            -1.243386
          ],
          [
            36.811482,
            -1.243239
          ],
          [
            36.811402,
            -1.243082
          ],
          [
            36.811346,
            -1.242914
          ],
          [
            36.811178,
            -1.242642
          ],
          [
            36.811045,
            -1.242522
          ],
          [
            36.810849,
            -1.242434
          ],
          [
            36.810778,
            -1.242419
          ],
          [
            36.81068,
            -1.242428
          ]
        ]
      }
    },
    {
      "type": "Feature",
      "properties": {
        "contig_id": 196,
        "length_m": 155.7,
        "segment_count": 10,
        "way_names": [
          "Mukeu Trail"
        ],
        "way_ids": [
          280717984
        ],
        "endpoint_node_ids": [
          2847798978,
          13845622467
        ],
        "node_ids": [
          2847798978,
          2847798979,
          2847798980,
          2847798981,
          2847798982,
          2847798983,
          2847798984,
          2847798067,
          2847798985,
          2847798986,
          13845622467
        ],
        "tags": {
          "local:boundary_refs": "w24040003",
          "local:boundary_zone": "core"
        },
        "elevations_m": [
          1666.0,
          1667.0,
          1668.0,
          1671.0,
          1670.0,
          1670.0,
          1668.0,
          1667.0,
          1667.0,
          1668.0,
          1668.0
        ]
      },
      "geometry": {
        "type": "LineString",
        "coordinates": [
          [
            36.815028,
            -1.246635
          ],
          [
            36.814964,
            -1.246678
          ],
          [
            36.814899,
            -1.246765
          ],
          [
            36.814834,
            -1.246931
          ],
          [
            36.814822,
            -1.247075
          ],
          [
            36.814866,
            -1.247211
          ],
          [
            36.814871,
            -1.247355
          ],
          [
            36.814827,
            -1.247451
          ],
          [
            36.814714,
            -1.247539
          ],
          [
            36.814467,
            -1.247583
          ],
          [
            36.814362,
            -1.247592
          ]
        ]
      }
    },
    {
      "type": "Feature",
      "properties": {
        "contig_id": 197,
        "length_m": 55.883,
        "segment_count": 2,
        "way_names": [],
        "way_ids": [
          742438873
        ],
        "endpoint_node_ids": [
          2847798978,
          6950727289
        ],
        "node_ids": [
          2847798978,
          6950727290,
          6950727289
        ],
        "tags": {
          "local:boundary_refs": "w24040003",
          "local:boundary_zone": "core"
        },
        "elevations_m": [
          1666.0,
          1664.0,
          1666.0
        ]
      },
      "geometry": {
        "type": "LineString",
        "coordinates": [
          [
            36.815028,
            -1.246635
          ],
          [
            36.815139,
            -1.246595
          ],
          [
            36.815523,
            -1.246576
          ]
        ]
      }
    },
    {
      "type": "Feature",
      "properties": {
        "contig_id": 198,
        "length_m": 427.175,
        "segment_count": 20,
        "way_names": [
          "Mukeu Trail"
        ],
        "way_ids": [
          280717984
        ],
        "endpoint_node_ids": [
          2847799103,
          13845622467
        ],
        "node_ids": [
          2847799103,
          2847798070,
          2847799102,
          2847799101,
          2847799000,
          2847798999,
          2847798998,
          2847798997,
          2847798069,
          2847798996,
          2847798995,
          2847798994,
          2847798993,
          2847798992,
          2847798991,
          2847798990,
          2847798068,
          2847798989,
          2847798988,
          2847798987,
          13845622467
        ],
        "tags": {
          "local:boundary_refs": "w24040003",
          "local:boundary_zone": "core"
        },
        "elevations_m": [
          1703.0,
          1703.0,
          1701.0,
          1700.0,
          1700.0,
          1700.0,
          1698.0,
          1695.0,
          1686.0,
          1683.0,
          1682.0,
          1680.0,
          1675.0,
          1673.0,
          1673.0,
          1671.0,
          1670.0,
          1668.0,
          1668.0,
          1668.0,
          1668.0
        ]
      },
      "geometry": {
        "type": "LineString",
        "coordinates": [
          [
            36.810791,
            -1.248387
          ],
          [
            36.811058,
            -1.248487
          ],
          [
            36.81127,
            -1.248529
          ],
          [
            36.81134,
            -1.248512
          ],
          [
            36.811436,
            -1.248463
          ],
          [
            36.811665,
            -1.248288
          ],
          [
            36.811708,
            -1.248234
          ],
          [
            36.81184,
            -1.248176
          ],
          [
            36.812157,
            -1.248114
          ],
          [
            36.812327,
            -1.248053
          ],
          [
            36.812433,
            -1.248043
          ],
          [
            36.812571,
            -1.248004
          ],
          [
            36.81293,
            -1.24801
          ],
          [
            36.813062,
            -1.247953
          ],
          [
            36.813115,
            -1.247905
          ],
          [
            36.813389,
            -1.247737
          ],
          [
            36.81356,
            -1.247679
          ],
          [
            36.813756,
            -1.247588
          ],
          [
            36.813967,
            -1.247548
          ],
          [
            36.814287,
            -1.247598
          ],
          [
            36.814362,
            -1.247592
          ]
        ]
      }
    },
    {
      "type": "Feature",
      "properties": {
        "contig_id": 199,
        "length_m": 170.056,
        "segment_count": 9,
        "way_names": [
          "Mukeu Trail"
        ],
        "way_ids": [
          280717984
        ],
        "endpoint_node_ids": [
          2847799103,
          2847799111
        ],
        "node_ids": [
          2847799103,
          2847799104,
          2847799105,
          2847799106,
          2847799107,
          2847799108,
          2847798071,
          2847799109,
          2847799110,
          2847799111
        ],
        "tags": {
          "local:boundary_refs": "w24040003",
          "local:boundary_zone": "core"
        },
        "elevations_m": [
          1703.0,
          1704.0,
          1702.0,
          1701.0,
          1701.0,
          1702.0,
          1703.0,
          1704.0,
          1704.0,
          1705.0
        ]
      },
      "geometry": {
        "type": "LineString",
        "coordinates": [
          [
            36.810791,
            -1.248387
          ],
          [
            36.810754,
            -1.248326
          ],
          [
            36.81073,
            -1.24813
          ],
          [
            36.810544,
            -1.247956
          ],
          [
            36.810483,
            -1.247849
          ],
          [
            36.810463,
            -1.247729
          ],
          [
            36.810403,
            -1.247649
          ],
          [
            36.810361,
            -1.247555
          ],
          [
            36.810199,
            -1.247497
          ],
          [
            36.80991,
            -1.247241
          ]
        ]
      }
    },
    {
      "type": "Feature",
      "properties": {
        "contig_id": 200,
        "length_m": 217.597,
        "segment_count": 12,
        "way_names": [],
        "way_ids": [
          759386825
        ],
        "endpoint_node_ids": [
          2847799103,
          7093322620
        ],
        "node_ids": [
          2847799103,
          7093322609,
          7093322610,
          7093322611,
          7093322612,
          7093322613,
          7093322614,
          7093322615,
          7093322616,
          7093322617,
          7093322618,
          7093322619,
          7093322620
        ],
        "tags": {
          "local:boundary_refs": "w24040003",
          "local:boundary_zone": "core"
        },
        "elevations_m": [
          1703.0,
          1703.0,
          1702.0,
          1700.0,
          1696.0,
          1694.0,
          1688.0,
          1687.0,
          1686.0,
          1685.0,
          1684.0,
          1681.0,
          1680.0
        ]
      },
      "geometry": {
        "type": "LineString",
        "coordinates": [
          [
            36.810791,
            -1.248387
          ],
          [
            36.810805,
            -1.248436
          ],
          [
            36.810867,
            -1.248586
          ],
          [
            36.810926,
            -1.248751
          ],
          [
            36.810941,
            -1.248912
          ],
          [
            36.810881,
            -1.249004
          ],
          [
            36.810721,
            -1.249271
          ],
          [
            36.810713,
            -1.249365
          ],
          [
            36.810548,
            -1.249438
          ],
          [
            36.810535,
            -1.249539
          ],
          [
            36.810362,
            -1.249575
          ],
          [
            36.810123,
            -1.249708
          ],
          [
            36.809968,
            -1.249743
          ]
        ]
      }
    },
    {
      "type": "Feature",
      "properties": {
        "contig_id": 201,
        "length_m": 59.113,
        "segment_count": 2,
        "way_names": [],
        "way_ids": [
          1427968754
        ],
        "endpoint_node_ids": [
          2847799111,
          13845622416
        ],
        "node_ids": [
          2847799111,
          13128031314,
          13845622416
        ],
        "tags": {
          "local:boundary_refs": "w24040003",
          "local:boundary_zone": "core"
        },
        "elevations_m": [
          1705.0,
          1706.0,
          1705.0
        ]
      },
      "geometry": {
        "type": "LineString",
        "coordinates": [
          [
            36.80991,
            -1.247241
          ],
          [
            36.809641,
            -1.24707
          ],
          [
            36.809458,
            -1.246961
          ]
        ]
      }
    },
    {
      "type": "Feature",
      "properties": {
        "contig_id": 202,
        "length_m": 523.657,
        "segment_count": 11,
        "way_names": [],
        "way_ids": [
          1516388862
        ],
        "endpoint_node_ids": [
          2847799111,
          13845622467
        ],
        "node_ids": [
          2847799111,
          13845622457,
          13845622458,
          13845622459,
          13845622460,
          13845622461,
          13845622462,
          13845622463,
          13845622464,
          13845622465,
          13845622466,
          13845622467
        ],
        "tags": {
          "local:boundary_refs": "w24040003",
          "local:boundary_zone": "core"
        },
        "elevations_m": [
          1705.0,
          1705.0,
          1704.0,
          1702.0,
          1695.0,
          1687.0,
          1684.0,
          1680.0,
          1673.0,
          1671.0,
          1669.0,
          1668.0
        ]
      },
      "geometry": {
        "type": "LineString",
        "coordinates": [
          [
            36.80991,
            -1.247241
          ],
          [
            36.810285,
            -1.247175
          ],
          [
            36.810715,
            -1.247311
          ],
          [
            36.810981,
            -1.247136
          ],
          [
            36.811566,
            -1.247093
          ],
          [
            36.811966,
            -1.247377
          ],
          [
            36.812197,
            -1.247484
          ],
          [
            36.812703,
            -1.247474
          ],
          [
            36.813171,
            -1.24741
          ],
          [
            36.813468,
            -1.247316
          ],
          [
            36.813924,
            -1.247423
          ],
          [
            36.814362,
            -1.247592
          ]
        ]
      }
    },
    {
      "type": "Feature",
      "properties": {
        "contig_id": 203,
        "length_m": 33.781,
        "segment_count": 2,
        "way_names": [
          "Sigiria Trail"
        ],
        "way_ids": [
          280717985
        ],
        "endpoint_node_ids": [
          2847799120,
          2847799233
        ],
        "node_ids": [
          2847799120,
          2847799178,
          2847799233
        ],
        "tags": {
          "local:boundary_refs": "w24040003",
          "local:boundary_zone": "core"
        },
        "elevations_m": [
          1726.0,
          1722.0,
          1720.0
        ]
      },
      "geometry": {
        "type": "LineString",
        "coordinates": [
          [
            36.798553,
            -1.23763
          ],
          [
            36.798495,
            -1.237746
          ],
          [
            36.79844,
            -1.237911
          ]
        ]
      }
    },
    {
      "type": "Feature",
      "properties": {
        "contig_id": 204,
        "length_m": 145.291,
        "segment_count": 5,
        "way_names": [
          "Sigiria Trail"
        ],
        "way_ids": [
          280717985
        ],
        "endpoint_node_ids": [
          2847799120,
          13845622368
        ],
        "node_ids": [
          2847799120,
          2847799179,
          2847799183,
          2847799184,
          2847799185,
          13845622368
        ],
        "tags": {
          "local:boundary_refs": "w24040003",
          "local:boundary_zone": "core"
        },
        "elevations_m": [
          1726.0,
          1727.0,
          1729.0,
          1729.0,
          1728.0,
          1729.0
        ]
      },
      "geometry": {
        "type": "LineString",
        "coordinates": [
          [
            36.798553,
            -1.23763
          ],
          [
            36.798429,
            -1.237536
          ],
          [
            36.797979,
            -1.237316
          ],
          [
            36.797689,
            -1.237117
          ],
          [
            36.797526,
            -1.237055
          ],
          [
            36.797408,
            -1.237016
          ]
        ]
      }
    },
    {
      "type": "Feature",
      "properties": {
        "contig_id": 205,
        "length_m": 99.667,
        "segment_count": 6,
        "way_names": [],
        "way_ids": [
          280717987
        ],
        "endpoint_node_ids": [
          2847799120,
          7093333518
        ],
        "node_ids": [
          2847799120,
          2847799230,
          2847799229,
          2847799228,
          2847799227,
          2847799226,
          7093333518
        ],
        "tags": {
          "local:boundary_refs": "w24040003",
          "local:boundary_zone": "core"
        },
        "elevations_m": [
          1726.0,
          1726.0,
          1726.0,
          1725.0,
          1724.0,
          1723.0,
          1723.0
        ]
      },
      "geometry": {
        "type": "LineString",
        "coordinates": [
          [
            36.798553,
            -1.23763
          ],
          [
            36.798692,
            -1.237671
          ],
          [
            36.798786,
            -1.237729
          ],
          [
            36.798937,
            -1.237837
          ],
          [
            36.799074,
            -1.237963
          ],
          [
            36.799233,
            -1.238056
          ],
          [
            36.799303,
            -1.238105
          ]
        ]
      }
    },
    {
      "type": "Feature",
      "properties": {
        "contig_id": 206,
        "length_m": 794.574,
        "segment_count": 21,
        "way_names": [
          "Sigiria Trail"
        ],
        "way_ids": [
          280717985
        ],
        "endpoint_node_ids": [
          2847799139,
          13845622369
        ],
        "node_ids": [
          2847799139,
          2847799115,
          2847799138,
          2847799137,
          2847799136,
          2847799135,
          2847799134,
          2847799133,
          2847799132,
          2847799131,
          2847799130,
          2847799129,
          2847799114,
          2847799128,
          2847799127,
          2847799126,
          2847799125,
          2847799113,
          2847799124,
          2847799123,
          2847799122,
          13845622369
        ],
        "tags": {
          "local:boundary_refs": "w24040003",
          "local:boundary_zone": "core"
        },
        "elevations_m": [
          1716.0,
          1714.0,
          1714.0,
          1714.0,
          1714.0,
          1713.0,
          1712.0,
          1711.0,
          1712.0,
          1713.0,
          1712.0,
          1711.0,
          1710.0,
          1711.0,
          1713.0,
          1712.0,
          1712.0,
          1711.0,
          1708.0,
          1706.0,
          1707.0,
          1703.0
        ]
      },
      "geometry": {
        "type": "LineString",
        "coordinates": [
          [
            36.803001,
            -1.240672
          ],
          [
            36.803324,
            -1.240805
          ],
          [
            36.803869,
            -1.241056
          ],
          [
            36.804056,
            -1.241185
          ],
          [
            36.804179,
            -1.24127
          ],
          [
            36.804365,
            -1.241378
          ],
          [
            36.804474,
            -1.241449
          ],
          [
            36.804868,
            -1.241655
          ],
          [
            36.80502,
            -1.241722
          ],
          [
            36.805516,
            -1.241901
          ],
          [
            36.805849,
            -1.24204
          ],
          [
            36.805997,
            -1.242091
          ],
          [
            36.806229,
            -1.242164
          ],
          [
            36.806476,
            -1.242227
          ],
          [
            36.806822,
            -1.242301
          ],
          [
            36.807284,
            -1.242331
          ],
          [
            36.807566,
            -1.242385
          ],
          [
            36.80812,
            -1.24256
          ],
          [
            36.808462,
            -1.242639
          ],
          [
            36.808751,
            -1.242667
          ],
          [
            36.809132,
            -1.24266
          ],
          [
            36.809747,
            -1.242677
          ]
        ]
      }
    },
    {
      "type": "Feature",
      "properties": {
        "contig_id": 207,
        "length_m": 171.524,
        "segment_count": 6,
        "way_names": [
          "Sigiria Trail"
        ],
        "way_ids": [
          280717985
        ],
        "endpoint_node_ids": [
          2847799139,
          2847799145
        ],
        "node_ids": [
          2847799139,
          2847799140,
          2847799141,
          2847799142,
          2847799143,
          2847799144,
          2847799145
        ],
        "tags": {
          "local:boundary_refs": "w24040003",
          "local:boundary_zone": "core"
        },
        "elevations_m": [
          1716.0,
          1716.0,
          1716.0,
          1716.0,
          1719.0,
          1720.0,
          1721.0
        ]
      },
      "geometry": {
        "type": "LineString",
        "coordinates": [
          [
            36.803001,
            -1.240672
          ],
          [
            36.802928,
            -1.240652
          ],
          [
            36.802869,
            -1.240631
          ],
          [
            36.802427,
            -1.240474
          ],
          [
            36.801847,
            -1.240279
          ],
          [
            36.801638,
            -1.240221
          ],
          [
            36.80154,
            -1.240178
          ]
        ]
      }
    },
    {
      "type": "Feature",
      "properties": {
        "contig_id": 208,
        "length_m": 44.553,
        "segment_count": 4,
        "way_names": [],
        "way_ids": [
          280720858
        ],
        "endpoint_node_ids": [
          2847799139,
          2847823917
        ],
        "node_ids": [
          2847799139,
          2847823914,
          2847823915,
          2847823916,
          2847823917
        ],
        "tags": {
          "local:boundary_refs": "w24040003",
          "local:boundary_zone": "core"
        },
        "elevations_m": [
          1716.0,
          1715.0,
          1714.0,
          1713.0,
          1713.0
        ]
      },
      "geometry": {
        "type": "LineString",
        "coordinates": [
          [
            36.803001,
            -1.240672
          ],
          [
            36.802965,
            -1.240737
          ],
          [
            36.802941,
            -1.240805
          ],
          [
            36.802866,
            -1.240929
          ],
          [
            36.80283,
            -1.241032
          ]
        ]
      }
    },
    {
      "type": "Feature",
      "properties": {
        "contig_id": 209,
        "length_m": 11.926,
        "segment_count": 1,
        "way_names": [
          "Sigiria Trail"
        ],
        "way_ids": [
          280717985
        ],
        "endpoint_node_ids": [
          2847799145,
          2847799146
        ],
        "node_ids": [
          2847799145,
          2847799146
        ],
        "tags": {
          "local:boundary_refs": "w24040003",
          "local:boundary_zone": "core"
        },
        "elevations_m": [
          1721.0,
          1722.0
        ]
      },
      "geometry": {
        "type": "LineString",
        "coordinates": [
          [
            36.80154,
            -1.240178
          ],
          [
            36.801435,
            -1.240156
          ]
        ]
      }
    },
    {
      "type": "Feature",
      "properties": {
        "contig_id": 210,
        "length_m": 148.008,
        "segment_count": 7,
        "way_names": [],
        "way_ids": [
          280717986
        ],
        "endpoint_node_ids": [
          2847799145,
          2847799195
        ],
        "node_ids": [
          2847799145,
          2847799189,
          2847799190,
          2847799191,
          2847799192,
          2847799193,
          2847799194,
          2847799195
        ],
        "tags": {
          "local:boundary_refs": "w24040003",
          "local:boundary_zone": "core"
        },
        "elevations_m": [
          1721.0,
          1722.0,
          1722.0,
          1721.0,
          1721.0,
          1721.0,
          1722.0,
          1722.0
        ]
      },
      "geometry": {
        "type": "LineString",
        "coordinates": [
          [
            36.80154,
            -1.240178
          ],
          [
            36.801591,
            -1.24005
          ],
          [
            36.801648,
            -1.239957
          ],
          [
            36.801778,
            -1.239832
          ],
          [
            36.80187,
            -1.239777
          ],
          [
            36.801922,
            -1.239726
          ],
          [
            36.802261,
            -1.239212
          ],
          [
            36.802346,
            -1.239145
          ]
        ]
      }
    },
    {
      "type": "Feature",
      "properties": {
        "contig_id": 211,
        "length_m": 192.446,
        "segment_count": 7,
        "way_names": [
          "Sigiria Trail"
        ],
        "way_ids": [
          280717985
        ],
        "endpoint_node_ids": [
          2847799146,
          2847799152
        ],
        "node_ids": [
          2847799146,
          2847799116,
          2847799147,
          2847799148,
          2847799149,
          2847799150,
          2847799151,
          2847799152
        ],
        "tags": {
          "local:boundary_refs": "w24040003",
          "local:boundary_zone": "core"
        },
        "elevations_m": [
          1722.0,
          1724.0,
          1726.0,
          1724.0,
          1722.0,
          1721.0,
          1720.0,
          1720.0
        ]
      },
      "geometry": {
        "type": "LineString",
        "coordinates": [
          [
            36.801435,
            -1.240156
          ],
          [
            36.801277,
            -1.240068
          ],
          [
            36.801012,
            -1.239954
          ],
          [
            36.800666,
            -1.23976
          ],
          [
            36.800279,
            -1.239566
          ],
          [
            36.800124,
            -1.239474
          ],
          [
            36.799987,
            -1.239357
          ],
          [
            36.799921,
            -1.239329
          ]
        ]
      }
    },
    {
      "type": "Feature",
      "properties": {
        "contig_id": 212,
        "length_m": 48.036,
        "segment_count": 2,
        "way_names": [
          "Sigiria Trail"
        ],
        "way_ids": [
          280717985
        ],
        "endpoint_node_ids": [
          2847799152,
          2847799153
        ],
        "node_ids": [
          2847799152,
          2847799117,
          2847799153
        ],
        "tags": {
          "local:boundary_refs": "w24040003",
          "local:boundary_zone": "core"
        },
        "elevations_m": [
          1720.0,
          1720.0,
          1722.0
        ]
      },
      "geometry": {
        "type": "LineString",
        "coordinates": [
          [
            36.799921,
            -1.239329
          ],
          [
            36.799851,
            -1.239343
          ],
          [
            36.799519,
            -1.239484
          ]
        ]
      }
    },
    {
      "type": "Feature",
      "properties": {
        "contig_id": 213,
        "length_m": 72.033,
        "segment_count": 6,
        "way_names": [],
        "way_ids": [
          280717986
        ],
        "endpoint_node_ids": [
          2847799152,
          2847799215
        ],
        "node_ids": [
          2847799152,
          2847799220,
          2847799219,
          2847799218,
          2847799217,
          2847799216,
          2847799215
        ],
        "tags": {
          "local:boundary_refs": "w24040003",
          "local:boundary_zone": "core"
        },
        "elevations_m": [
          1720.0,
          1719.0,
          1719.0,
          1720.0,
          1721.0,
          1724.0,
          1726.0
        ]
      },
      "geometry": {
        "type": "LineString",
        "coordinates": [
          [
            36.799921,
            -1.239329
          ],
          [
            36.799979,
            -1.239198
          ],
          [
            36.799982,
            -1.239161
          ],
          [
            36.800053,
            -1.239149
          ],
          [
            36.800114,
            -1.239111
          ],
          [
            36.800214,
            -1.238962
          ],
          [
            36.800325,
            -1.23887
          ]
        ]
      }
    },
    {
      "type": "Feature",
      "properties": {
        "contig_id": 214,
        "length_m": 104.327,
        "segment_count": 6,
        "way_names": [
          "Sigiria Trail"
        ],
        "way_ids": [
          280717985
        ],
        "endpoint_node_ids": [
          2847799153,
          2847799158
        ],
        "node_ids": [
          2847799153,
          2847799154,
          2847799155,
          2847799156,
          2847799157,
          2847799118,
          2847799158
        ],
        "tags": {
          "local:boundary_refs": "w24040003",
          "local:boundary_zone": "core"
        },
        "elevations_m": [
          1722.0,
          1722.0,
          1721.0,
          1721.0,
          1720.0,
          1719.0,
          1721.0
        ]
      },
      "geometry": {
        "type": "LineString",
        "coordinates": [
          [
            36.799519,
            -1.239484
          ],
          [
            36.79937,
            -1.239585
          ],
          [
            36.799264,
            -1.239683
          ],
          [
            36.799177,
            -1.239747
          ],
          [
            36.799034,
            -1.239783
          ],
          [
            36.798906,
            -1.23987
          ],
          [
            36.798789,
            -1.240037
          ]
        ]
      }
    },
    {
      "type": "Feature",
      "properties": {
        "contig_id": 215,
        "length_m": 177.396,
        "segment_count": 11,
        "way_names": [],
        "way_ids": [
          759389352
        ],
        "endpoint_node_ids": [
          2847799153,
          7093333518
        ],
        "node_ids": [
          2847799153,
          7093339033,
          7093339034,
          7093339035,
          7093339036,
          7093339037,
          7093339038,
          7093339039,
          7093339040,
          7093339041,
          7093339042,
          7093333518
        ],
        "tags": {
          "local:boundary_refs": "w24040003",
          "local:boundary_zone": "core"
        },
        "elevations_m": [
          1722.0,
          1722.0,
          1720.0,
          1719.0,
          1719.0,
          1718.0,
          1717.0,
          1719.0,
          1720.0,
          1721.0,
          1722.0,
          1723.0
        ]
      },
      "geometry": {
        "type": "LineString",
        "coordinates": [
          [
            36.799519,
            -1.239484
          ],
          [
            36.799509,
            -1.239434
          ],
          [
            36.799571,
            -1.239289
          ],
          [
            36.799614,
            -1.239122
          ],
          [
            36.799648,
            -1.238937
          ],
          [
            36.799605,
            -1.238767
          ],
          [
            36.799481,
            -1.238656
          ],
          [
            36.79945,
            -1.238455
          ],
          [
            36.799467,
            -1.238361
          ],
          [
            36.799253,
            -1.238232
          ],
          [
            36.799294,
            -1.238123
          ],
          [
            36.799303,
            -1.238105
          ]
        ]
      }
    },
    {
      "type": "Feature",
      "properties": {
        "contig_id": 216,
        "length_m": 251.657,
        "segment_count": 17,
        "way_names": [
          "Sigiria Trail"
        ],
        "way_ids": [
          280717985
        ],
        "endpoint_node_ids": [
          2847799158,
          2847799233
        ],
        "node_ids": [
          2847799158,
          2847799159,
          2847799160,
          2847799161,
          2847799162,
          2847799163,
          2847799164,
          2847799119,
          2847799165,
          2847799166,
          2847799167,
          2847799168,
          2847799169,
          2847799173,
          2847799174,
          2847799175,
          2847799176,
          2847799233
        ],
        "tags": {
          "local:boundary_refs": "w24040003",
          "local:boundary_zone": "core"
        },
        "elevations_m": [
          1721.0,
          1720.0,
          1717.0,
          1716.0,
          1716.0,
          1716.0,
          1717.0,
          1717.0,
          1716.0,
          1716.0,
          1715.0,
          1715.0,
          1716.0,
          1716.0,
          1717.0,
          1718.0,
          1719.0,
          1720.0
        ]
      },
      "geometry": {
        "type": "LineString",
        "coordinates": [
          [
            36.798789,
            -1.240037
          ],
          [
            36.798676,
            -1.23997
          ],
          [
            36.798671,
            -1.239741
          ],
          [
            36.79865,
            -1.239497
          ],
          [
            36.798632,
            -1.239401
          ],
          [
            36.798627,
            -1.23932
          ],
          [
            36.798628,
            -1.239175
          ],
          [
            36.798638,
            -1.239105
          ],
          [
            36.798551,
            -1.238929
          ],
          [
            36.798515,
            -1.238812
          ],
          [
            36.798503,
            -1.23874
          ],
          [
            36.798429,
            -1.238586
          ],
          [
            36.79842,
            -1.238469
          ],
          [
            36.798495,
            -1.238314
          ],
          [
            36.798499,
            -1.238192
          ],
          [
            36.798497,
            -1.238122
          ],
          [
            36.798477,
            -1.23801
          ],
          [
            36.79844,
            -1.237911
          ]
        ]
      }
    },
    {
      "type": "Feature",
      "properties": {
        "contig_id": 217,
        "length_m": 288.956,
        "segment_count": 15,
        "way_names": [],
        "way_ids": [
          280717986
        ],
        "endpoint_node_ids": [
          2847799195,
          2847799208
        ],
        "node_ids": [
          2847799195,
          2847799196,
          2847799197,
          2847799186,
          2847799198,
          2847799199,
          2847799200,
          2847799201,
          2847799202,
          2847799203,
          2847799204,
          2847799205,
          2847799206,
          2847799207,
          2847799187,
          2847799208
        ],
        "tags": {
          "local:boundary_refs": "w24040003",
          "local:boundary_zone": "core"
        },
        "elevations_m": [
          1722.0,
          1722.0,
          1721.0,
          1721.0,
          1721.0,
          1721.0,
          1719.0,
          1718.0,
          1717.0,
          1718.0,
          1718.0,
          1719.0,
          1718.0,
          1718.0,
          1718.0,
          1721.0
        ]
      },
      "geometry": {
        "type": "LineString",
        "coordinates": [
          [
            36.802346,
            -1.239145
          ],
          [
            36.802406,
            -1.239055
          ],
          [
            36.802595,
            -1.238834
          ],
          [
            36.802681,
            -1.238771
          ],
          [
            36.802688,
            -1.238737
          ],
          [
            36.802677,
            -1.238668
          ],
          [
            36.802479,
            -1.238509
          ],
          [
            36.802401,
            -1.238387
          ],
          [
            36.802282,
            -1.238305
          ],
          [
            36.802131,
            -1.238103
          ],
          [
            36.802046,
            -1.238036
          ],
          [
            36.801922,
            -1.237964
          ],
          [
            36.80174,
            -1.237694
          ],
          [
            36.801711,
            -1.237673
          ],
          [
            36.80143,
            -1.2376
          ],
          [
            36.80114,
            -1.237603
          ]
        ]
      }
    },
    {
      "type": "Feature",
      "properties": {
        "contig_id": 218,
        "length_m": 239.937,
        "segment_count": 7,
        "way_names": [],
        "way_ids": [
          1516388845
        ],
        "endpoint_node_ids": [
          2847799195,
          2847799208
        ],
        "node_ids": [
          2847799195,
          13845622332,
          13845622331,
          13845622330,
          13845622329,
          13845622328,
          13845622327,
          2847799208
        ],
        "tags": {
          "local:boundary_refs": "w24040003",
          "local:boundary_zone": "core"
        },
        "elevations_m": [
          1722.0,
          1722.0,
          1721.0,
          1720.0,
          1722.0,
          1719.0,
          1719.0,
          1721.0
        ]
      },
      "geometry": {
        "type": "LineString",
        "coordinates": [
          [
            36.802346,
            -1.239145
          ],
          [
            36.802211,
            -1.2389
          ],
          [
            36.802041,
            -1.238673
          ],
          [
            36.801817,
            -1.238665
          ],
          [
            36.801534,
            -1.238314
          ],
          [
            36.80153,
            -1.237889
          ],
          [
            36.801324,
            -1.237801
          ],
          [
            36.80114,
            -1.237603
          ]
        ]
      }
    },
    {
      "type": "Feature",
      "properties": {
        "contig_id": 219,
        "length_m": 927.074,
        "segment_count": 30,
        "way_names": [],
        "way_ids": [
          1516388845,
          1516388846
        ],
        "endpoint_node_ids": [
          2847799195,
          13845622362
        ],
        "node_ids": [
          2847799195,
          13845622333,
          13845622334,
          13845622335,
          13845622336,
          13845622337,
          13845622338,
          13845622339,
          13845622340,
          13845622341,
          13845622342,
          13845622343,
          13845622344,
          13845622345,
          13845622346,
          13845622347,
          13845622348,
          13845622349,
          13845622350,
          13845622351,
          13845622352,
          13845622353,
          13845622354,
          13845622355,
          13845622356,
          13845622357,
          13845622358,
          13845622359,
          13845622360,
          13845622361,
          13845622362
        ],
        "tags": {
          "local:boundary_refs": "w24040003",
          "local:boundary_zone": "core"
        },
        "elevations_m": [
          1722.0,
          1721.0,
          1720.0,
          1719.0,
          1717.0,
          1712.0,
          1711.0,
          1710.0,
          1708.0,
          1707.0,
          1706.0,
          1704.0,
          1703.0,
          1703.0,
          1701.0,
          1700.0,
          1697.0,
          1701.0,
          1700.0,
          1704.0,
          1703.0,
          1706.0,
          1706.0,
          1708.0,
          1703.0,
          1701.0,
          1701.0,
          1700.0,
          1702.0,
          1702.0,
          1704.0
        ]
      },
      "geometry": {
        "type": "LineString",
        "coordinates": [
          [
            36.802346,
            -1.239145
          ],
          [
            36.802483,
            -1.239283
          ],
          [
            36.802661,
            -1.239324
          ],
          [
            36.803113,
            -1.239804
          ],
          [
            36.803487,
            -1.239845
          ],
          [
            36.803844,
            -1.240045
          ],
          [
            36.803965,
            -1.240168
          ],
          [
            36.804144,
            -1.240215
          ],
          [
            36.804323,
            -1.24042
          ],
          [
            36.804405,
            -1.240582
          ],
          [
            36.804527,
            -1.240648
          ],
          [
            36.804822,
            -1.240862
          ],
          [
            36.804985,
            -1.241009
          ],
          [
            36.805033,
            -1.241136
          ],
          [
            36.805231,
            -1.241209
          ],
          [
            36.80538,
            -1.241294
          ],
          [
            36.805557,
            -1.241254
          ],
          [
            36.805962,
            -1.241598
          ],
          [
            36.806135,
            -1.241609
          ],
          [
            36.806292,
            -1.241765
          ],
          [
            36.806465,
            -1.24173
          ],
          [
            36.806852,
            -1.241817
          ],
          [
            36.807187,
            -1.241791
          ],
          [
            36.807606,
            -1.24191
          ],
          [
            36.807982,
            -1.241944
          ],
          [
            36.808215,
            -1.241957
          ],
          [
            36.808343,
            -1.242037
          ],
          [
            36.808512,
            -1.242032
          ],
          [
            36.808645,
            -1.242192
          ],
          [
            36.809107,
            -1.242291
          ],
          [
            36.80949,
            -1.242411
          ]
        ]
      }
    },
    {
      "type": "Feature",
      "properties": {
        "contig_id": 220,
        "length_m": 169.061,
        "segment_count": 8,
        "way_names": [],
        "way_ids": [
          280717986
        ],
        "endpoint_node_ids": [
          2847799208,
          2847799215
        ],
        "node_ids": [
          2847799208,
          2847799209,
          2847799210,
          2847799211,
          2847799212,
          2847799213,
          2847799214,
          2847799188,
          2847799215
        ],
        "tags": {
          "local:boundary_refs": "w24040003",
          "local:boundary_zone": "core"
        },
        "elevations_m": [
          1721.0,
          1722.0,
          1722.0,
          1722.0,
          1722.0,
          1722.0,
          1724.0,
          1726.0,
          1726.0
        ]
      },
      "geometry": {
        "type": "LineString",
        "coordinates": [
          [
            36.80114,
            -1.237603
          ],
          [
            36.801089,
            -1.237655
          ],
          [
            36.801017,
            -1.237779
          ],
          [
            36.800941,
            -1.237857
          ],
          [
            36.800861,
            -1.238019
          ],
          [
            36.800731,
            -1.238193
          ],
          [
            36.800538,
            -1.2385
          ],
          [
            36.800435,
            -1.238601
          ],
          [
            36.800325,
            -1.23887
          ]
        ]
      }
    },
    {
      "type": "Feature",
      "properties": {
        "contig_id": 221,
        "length_m": 474.039,
        "segment_count": 15,
        "way_names": [],
        "way_ids": [
          1516388845
        ],
        "endpoint_node_ids": [
          2847799208,
          13845622368
        ],
        "node_ids": [
          2847799208,
          13845622326,
          13845622325,
          13845622324,
          13845622323,
          13845622322,
          13845622321,
          13845622320,
          13845622319,
          13845622318,
          13845622317,
          13845622316,
          13845622315,
          13845622314,
          13845622313,
          13845622368
        ],
        "tags": {
          "local:boundary_refs": "w24040003",
          "local:boundary_zone": "core"
        },
        "elevations_m": [
          1721.0,
          1722.0,
          1725.0,
          1727.0,
          1728.0,
          1727.0,
          1726.0,
          1728.0,
          1730.0,
          1731.0,
          1730.0,
          1730.0,
          1730.0,
          1733.0,
          1732.0,
          1729.0
        ]
      },
      "geometry": {
        "type": "LineString",
        "coordinates": [
          [
            36.80114,
            -1.237603
          ],
          [
            36.801078,
            -1.237512
          ],
          [
            36.800799,
            -1.237451
          ],
          [
            36.800535,
            -1.237377
          ],
          [
            36.800395,
            -1.237231
          ],
          [
            36.800004,
            -1.236998
          ],
          [
            36.799834,
            -1.237063
          ],
          [
            36.799396,
            -1.237156
          ],
          [
            36.799209,
            -1.236976
          ],
          [
            36.798994,
            -1.236925
          ],
          [
            36.798753,
            -1.236806
          ],
          [
            36.798572,
            -1.236769
          ],
          [
            36.798238,
            -1.236626
          ],
          [
            36.798024,
            -1.236564
          ],
          [
            36.79755,
            -1.236806
          ],
          [
            36.797408,
            -1.237016
          ]
        ]
      }
    },
    {
      "type": "Feature",
      "properties": {
        "contig_id": 222,
        "length_m": 158.595,
        "segment_count": 6,
        "way_names": [],
        "way_ids": [
          280717987
        ],
        "endpoint_node_ids": [
          2847799215,
          7093333518
        ],
        "node_ids": [
          2847799215,
          2847799221,
          2847799222,
          2847799223,
          2847799224,
          2847799225,
          7093333518
        ],
        "tags": {
          "local:boundary_refs": "w24040003",
          "local:boundary_zone": "core"
        },
        "elevations_m": [
          1726.0,
          1724.0,
          1724.0,
          1724.0,
          1723.0,
          1719.0,
          1723.0
        ]
      },
      "geometry": {
        "type": "LineString",
        "coordinates": [
          [
            36.800325,
            -1.23887
          ],
          [
            36.800204,
            -1.238951
          ],
          [
            36.800146,
            -1.238905
          ],
          [
            36.800084,
            -1.238696
          ],
          [
            36.8,
            -1.238574
          ],
          [
            36.799718,
            -1.238397
          ],
          [
            36.799303,
            -1.238105
          ]
        ]
      }
    },
    {
      "type": "Feature",
      "properties": {
        "contig_id": 223,
        "length_m": 398.884,
        "segment_count": 19,
        "way_names": [],
        "way_ids": [
          280717988
        ],
        "endpoint_node_ids": [
          2847799231,
          2847799233
        ],
        "node_ids": [
          2847799231,
          2847799251,
          2847799250,
          2847799249,
          2847799248,
          2847799247,
          2847799246,
          2847799245,
          2847799244,
          2847799243,
          2847799242,
          2847799241,
          2847799240,
          2847799239,
          2847799238,
          2847799237,
          2847799236,
          2847799235,
          2847799234,
          2847799233
        ],
        "tags": {
          "local:boundary_refs": "w24040003",
          "local:boundary_zone": "core"
        },
        "elevations_m": [
          1733.0,
          1733.0,
          1733.0,
          1731.0,
          1727.0,
          1726.0,
          1725.0,
          1724.0,
          1724.0,
          1724.0,
          1724.0,
          1724.0,
          1724.0,
          1723.0,
          1722.0,
          1721.0,
          1720.0,
          1720.0,
          1719.0,
          1720.0
        ]
      },
      "geometry": {
        "type": "LineString",
        "coordinates": [
          [
            36.796159,
            -1.240555
          ],
          [
            36.796182,
            -1.24049
          ],
          [
            36.796249,
            -1.240405
          ],
          [
            36.796434,
            -1.240051
          ],
          [
            36.796792,
            -1.239507
          ],
          [
            36.796957,
            -1.239367
          ],
          [
            36.797142,
            -1.239251
          ],
          [
            36.797255,
            -1.239159
          ],
          [
            36.797301,
            -1.239104
          ],
          [
            36.797366,
            -1.23898
          ],
          [
            36.797447,
            -1.238906
          ],
          [
            36.797521,
            -1.238782
          ],
          [
            36.797662,
            -1.238617
          ],
          [
            36.79772,
            -1.238573
          ],
          [
            36.797889,
            -1.238507
          ],
          [
            36.797979,
            -1.238447
          ],
          [
            36.798022,
            -1.23839
          ],
          [
            36.798071,
            -1.238255
          ],
          [
            36.798183,
            -1.238068
          ],
          [
            36.79844,
            -1.237911
          ]
        ]
      }
    },
    {
      "type": "Feature",
      "properties": {
        "contig_id": 224,
        "length_m": 53.001,
        "segment_count": 3,
        "way_names": [],
        "way_ids": [
          280717988
        ],
        "endpoint_node_ids": [
          2847799231,
          13845622381
        ],
        "node_ids": [
          2847799231,
          2847799252,
          5128670226,
          13845622381
        ],
        "tags": {
          "local:boundary_refs": "w24040003",
          "local:boundary_zone": "core"
        },
        "elevations_m": [
          1733.0,
          1734.0,
          1734.0,
          1735.0
        ]
      },
      "geometry": {
        "type": "LineString",
        "coordinates": [
          [
            36.796159,
            -1.240555
          ],
          [
            36.796015,
            -1.240533
          ],
          [
            36.79587,
            -1.240441
          ],
          [
            36.795728,
            -1.240369
          ]
        ]
      }
    },
    {
      "type": "Feature",
      "properties": {
        "contig_id": 225,
        "length_m": 223.291,
        "segment_count": 6,
        "way_names": [
          "Thigiri Trail"
        ],
        "way_ids": [
          280717989
        ],
        "endpoint_node_ids": [
          2847799231,
          2847799256
        ],
        "node_ids": [
          2847799231,
          2847799260,
          2847799261,
          2847799262,
          2847799263,
          2847799264,
          2847799256
        ],
        "tags": {
          "local:boundary_refs": "w24040003",
          "local:boundary_zone": "core"
        },
        "elevations_m": [
          1733.0,
          1733.0,
          1732.0,
          1733.0,
          1734.0,
          1734.0,
          1733.0
        ]
      },
      "geometry": {
        "type": "LineString",
        "coordinates": [
          [
            36.796159,
            -1.240555
          ],
          [
            36.796261,
            -1.240645
          ],
          [
            36.796555,
            -1.240784
          ],
          [
            36.797488,
            -1.241075
          ],
          [
            36.797644,
            -1.241166
          ],
          [
            36.797879,
            -1.241335
          ],
          [
            36.797978,
            -1.241322
          ]
        ]
      }
    },
    {
      "type": "Feature",
      "properties": {
        "contig_id": 226,
        "length_m": 43.639,
        "segment_count": 3,
        "way_names": [],
        "way_ids": [
          280717988
        ],
        "endpoint_node_ids": [
          2847799254,
          5128670227
        ],
        "node_ids": [
          2847799254,
          2847799253,
          5128670228,
          5128670227
        ],
        "tags": {
          "local:boundary_refs": "w24040003",
          "local:boundary_zone": "core"
        },
        "elevations_m": [
          1737.0,
          1736.0,
          1736.0,
          1736.0
        ]
      },
      "geometry": {
        "type": "LineString",
        "coordinates": [
          [
            36.795348,
            -1.240617
          ],
          [
            36.795413,
            -1.240495
          ],
          [
            36.795411,
            -1.240398
          ],
          [
            36.795518,
            -1.240282
          ]
        ]
      }
    },
    {
      "type": "Feature",
      "properties": {
        "contig_id": 227,
        "length_m": 37.206,
        "segment_count": 3,
        "way_names": [],
        "way_ids": [
          1516388849
        ],
        "endpoint_node_ids": [
          2847799254,
          13845622380
        ],
        "node_ids": [
          2847799254,
          13845622382,
          13845622383,
          13845622380
        ],
        "tags": {
          "local:boundary_refs": "w24040003",
          "local:boundary_zone": "core"
        },
        "elevations_m": [
          1737.0,
          1737.0,
          1737.0,
          1736.0
        ]
      },
      "geometry": {
        "type": "LineString",
        "coordinates": [
          [
            36.795348,
            -1.240617
          ],
          [
            36.79544,
            -1.240681
          ],
          [
            36.795558,
            -1.240604
          ],
          [
            36.795628,
            -1.240564
          ]
        ]
      }
    },
    {
      "type": "Feature",
      "properties": {
        "contig_id": 228,
        "length_m": 322.411,
        "segment_count": 14,
        "way_names": [
          "Thigiri Trail"
        ],
        "way_ids": [
          280717989
        ],
        "endpoint_node_ids": [
          2847799256,
          2847799276
        ],
        "node_ids": [
          2847799256,
          2847799265,
          2847799266,
          2847799267,
          2847799257,
          2847799268,
          2847799269,
          2847799270,
          2847799271,
          2847799272,
          2847799273,
          2847799274,
          2847799275,
          2847799258,
          2847799276
        ],
        "tags": {
          "local:boundary_refs": "w24040003",
          "local:boundary_zone": "core"
        },
        "elevations_m": [
          1733.0,
          1732.0,
          1733.0,
          1731.0,
          1727.0,
          1725.0,
          1724.0,
          1724.0,
          1724.0,
          1724.0,
          1724.0,
          1724.0,
          1724.0,
          1724.0,
          1725.0
        ]
      },
      "geometry": {
        "type": "LineString",
        "coordinates": [
          [
            36.797978,
            -1.241322
          ],
          [
            36.798128,
            -1.241535
          ],
          [
            36.798355,
            -1.241713
          ],
          [
            36.798807,
            -1.24194
          ],
          [
            36.799361,
            -1.242226
          ],
          [
            36.799531,
            -1.242323
          ],
          [
            36.79969,
            -1.242419
          ],
          [
            36.799814,
            -1.242413
          ],
          [
            36.80003,
            -1.242412
          ],
          [
            36.80013,
            -1.242454
          ],
          [
            36.800189,
            -1.242497
          ],
          [
            36.800258,
            -1.242517
          ],
          [
            36.800289,
            -1.242531
          ],
          [
            36.800321,
            -1.242554
          ],
          [
            36.800412,
            -1.242701
          ]
        ]
      }
    },
    {
      "type": "Feature",
      "properties": {
        "contig_id": 229,
        "length_m": 133.875,
        "segment_count": 6,
        "way_names": [
          "Thigiri Trail"
        ],
        "way_ids": [
          280717989
        ],
        "endpoint_node_ids": [
          2847799276,
          2847799281
        ],
        "node_ids": [
          2847799276,
          2847799277,
          2847799278,
          2847799259,
          2847799279,
          2847799280,
          2847799281
        ],
        "tags": {
          "local:boundary_refs": "w24040003",
          "local:boundary_zone": "core"
        },
        "elevations_m": [
          1725.0,
          1725.0,
          1724.0,
          1720.0,
          1718.0,
          1717.0,
          1716.0
        ]
      },
      "geometry": {
        "type": "LineString",
        "coordinates": [
          [
            36.800412,
            -1.242701
          ],
          [
            36.800498,
            -1.243008
          ],
          [
            36.800551,
            -1.243103
          ],
          [
            36.800765,
            -1.243428
          ],
          [
            36.800932,
            -1.243571
          ],
          [
            36.800998,
            -1.243601
          ],
          [
            36.801071,
            -1.243663
          ]
        ]
      }
    },
    {
      "type": "Feature",
      "properties": {
        "contig_id": 230,
        "length_m": 378.485,
        "segment_count": 12,
        "way_names": [],
        "way_ids": [
          280720858
        ],
        "endpoint_node_ids": [
          2847799281,
          2847823917
        ],
        "node_ids": [
          2847799281,
          2847823930,
          2847823929,
          2847823928,
          2847823924,
          2847823923,
          2847823922,
          2847823912,
          2847823921,
          2847823920,
          2847823919,
          2847823918,
          2847823917
        ],
        "tags": {
          "local:boundary_refs": "w24040003",
          "local:boundary_zone": "core"
        },
        "elevations_m": [
          1716.0,
          1716.0,
          1714.0,
          1711.0,
          1711.0,
          1713.0,
          1714.0,
          1713.0,
          1714.0,
          1714.0,
          1713.0,
          1712.0,
          1713.0
        ]
      },
      "geometry": {
        "type": "LineString",
        "coordinates": [
          [
            36.801071,
            -1.243663
          ],
          [
            36.801265,
            -1.243571
          ],
          [
            36.801427,
            -1.243488
          ],
          [
            36.80167,
            -1.243271
          ],
          [
            36.802078,
            -1.243033
          ],
          [
            36.802147,
            -1.242751
          ],
          [
            36.802126,
            -1.242317
          ],
          [
            36.802176,
            -1.24207
          ],
          [
            36.802393,
            -1.241652
          ],
          [
            36.802497,
            -1.241503
          ],
          [
            36.802664,
            -1.241313
          ],
          [
            36.80272,
            -1.24122
          ],
          [
            36.80283,
            -1.241032
          ]
        ]
      }
    },
    {
      "type": "Feature",
      "properties": {
        "contig_id": 231,
        "length_m": 249.339,
        "segment_count": 15,
        "way_names": [],
        "way_ids": [
          280720860
        ],
        "endpoint_node_ids": [
          2847823981,
          2847823993
        ],
        "node_ids": [
          2847823981,
          2847823968,
          2847823982,
          2847823983,
          2847823984,
          2847823985,
          2847823986,
          2847823969,
          2847823987,
          2847823988,
          2847823989,
          2847823990,
          2847823991,
          2847823970,
          2847823992,
          2847823993
        ],
        "tags": {
          "local:boundary_refs": "w24040003",
          "local:boundary_zone": "core"
        },
        "elevations_m": [
          1716.0,
          1715.0,
          1715.0,
          1715.0,
          1716.0,
          1716.0,
          1713.0,
          1713.0,
          1714.0,
          1716.0,
          1716.0,
          1717.0,
          1717.0,
          1718.0,
          1718.0,
          1719.0
        ]
      },
      "geometry": {
        "type": "LineString",
        "coordinates": [
          [
            36.802611,
            -1.246481
          ],
          [
            36.802558,
            -1.24653
          ],
          [
            36.802434,
            -1.246605
          ],
          [
            36.802364,
            -1.24662
          ],
          [
            36.802076,
            -1.246587
          ],
          [
            36.80193,
            -1.246589
          ],
          [
            36.801751,
            -1.246614
          ],
          [
            36.801607,
            -1.2466
          ],
          [
            36.801508,
            -1.246556
          ],
          [
            36.801402,
            -1.246457
          ],
          [
            36.80134,
            -1.24642
          ],
          [
            36.800921,
            -1.246303
          ],
          [
            36.800706,
            -1.246271
          ],
          [
            36.800604,
            -1.246234
          ],
          [
            36.800583,
            -1.246207
          ],
          [
            36.800562,
            -1.246138
          ]
        ]
      }
    },
    {
      "type": "Feature",
      "properties": {
        "contig_id": 232,
        "length_m": 490.013,
        "segment_count": 17,
        "way_names": [],
        "way_ids": [
          1516388863
        ],
        "endpoint_node_ids": [
          2847823981,
          2847824013
        ],
        "node_ids": [
          2847823981,
          13845622468,
          13845622469,
          13845622470,
          13845622471,
          13845622472,
          13845622473,
          13845622474,
          13845622475,
          13845622476,
          13845622477,
          13845622478,
          13845622479,
          13845622480,
          13845622481,
          13845622482,
          13845622483,
          2847824013
        ],
        "tags": {
          "local:boundary_refs": "w24040003",
          "local:boundary_zone": "core"
        },
        "elevations_m": [
          1716.0,
          1717.0,
          1718.0,
          1719.0,
          1719.0,
          1720.0,
          1720.0,
          1718.0,
          1718.0,
          1718.0,
          1717.0,
          1717.0,
          1719.0,
          1719.0,
          1719.0,
          1717.0,
          1716.0,
          1712.0
        ]
      },
      "geometry": {
        "type": "LineString",
        "coordinates": [
          [
            36.802611,
            -1.246481
          ],
          [
            36.80304,
            -1.246506
          ],
          [
            36.803176,
            -1.246631
          ],
          [
            36.803365,
            -1.246601
          ],
          [
            36.803474,
            -1.246798
          ],
          [
            36.803693,
            -1.246883
          ],
          [
            36.80396,
            -1.246989
          ],
          [
            36.804287,
            -1.247119
          ],
          [
            36.804517,
            -1.24697
          ],
          [
            36.804684,
            -1.247057
          ],
          [
            36.80491,
            -1.247311
          ],
          [
            36.805165,
            -1.24738
          ],
          [
            36.805386,
            -1.247304
          ],
          [
            36.805631,
            -1.247268
          ],
          [
            36.805838,
            -1.247344
          ],
          [
            36.805933,
            -1.247528
          ],
          [
            36.806181,
            -1.247501
          ],
          [
            36.806389,
            -1.247684
          ]
        ]
      }
    },
    {
      "type": "Feature",
      "properties": {
        "contig_id": 233,
        "length_m": 931.524,
        "segment_count": 13,
        "way_names": [],
        "way_ids": [
          1516388864
        ],
        "endpoint_node_ids": [
          2847823993,
          13845622496
        ],
        "node_ids": [
          2847823993,
          13845622484,
          13845622485,
          13845622486,
          13845622487,
          13845622488,
          13845622489,
          13845622490,
          13845622491,
          13845622492,
          13845622493,
          13845622494,
          13845622495,
          13845622496
        ],
        "tags": {
          "local:boundary_refs": "w24040003",
          "local:boundary_zone": "core"
        },
        "elevations_m": [
          1719.0,
          1712.0,
          1715.0,
          1711.0,
          1710.0,
          1711.0,
          1710.0,
          1718.0,
          1711.0,
          1716.0,
          1717.0,
          1725.0,
          1736.0,
          1737.0
        ]
      },
      "geometry": {
        "type": "LineString",
        "coordinates": [
          [
            36.800562,
            -1.246138
          ],
          [
            36.800069,
            -1.246532
          ],
          [
            36.799587,
            -1.246519
          ],
          [
            36.798958,
            -1.246395
          ],
          [
            36.798401,
            -1.246445
          ],
          [
            36.797755,
            -1.24628
          ],
          [
            36.797242,
            -1.245989
          ],
          [
            36.796618,
            -1.245642
          ],
          [
            36.795929,
            -1.245201
          ],
          [
            36.795271,
            -1.244931
          ],
          [
            36.794867,
            -1.244512
          ],
          [
            36.794555,
            -1.244014
          ],
          [
            36.79448,
            -1.243399
          ],
          [
            36.794453,
            -1.242623
          ]
        ]
      }
    },
    {
      "type": "Feature",
      "properties": {
        "contig_id": 234,
        "length_m": 58.644,
        "segment_count": 3,
        "way_names": [],
        "way_ids": [
          280720861
        ],
        "endpoint_node_ids": [
          2847824013,
          13845622418
        ],
        "node_ids": [
          2847824013,
          2847824014,
          2847824015,
          13845622418
        ],
        "tags": {
          "local:boundary_refs": "w24040003",
          "local:boundary_zone": "core"
        },
        "elevations_m": [
          1712.0,
          1712.0,
          1710.0,
          1710.0
        ]
      },
      "geometry": {
        "type": "LineString",
        "coordinates": [
          [
            36.806389,
            -1.247684
          ],
          [
            36.806415,
            -1.247752
          ],
          [
            36.806533,
            -1.248018
          ],
          [
            36.806658,
            -1.248123
          ]
        ]
      }
    },
    {
      "type": "Feature",
      "properties": {
        "contig_id": 235,
        "length_m": 54.098,
        "segment_count": 5,
        "way_names": [],
        "way_ids": [
          280720861
        ],
        "endpoint_node_ids": [
          2847824019,
          13845622418
        ],
        "node_ids": [
          2847824019,
          2847824018,
          2847824017,
          2847824004,
          2847824016,
          13845622418
        ],
        "tags": {
          "local:boundary_refs": "w24040003",
          "local:boundary_zone": "core"
        },
        "elevations_m": [
          1707.0,
          1709.0,
          1710.0,
          1710.0,
          1710.0,
          1710.0
        ]
      },
      "geometry": {
        "type": "LineString",
        "coordinates": [
          [
            36.80695,
            -1.24846
          ],
          [
            36.806942,
            -1.248389
          ],
          [
            36.806956,
            -1.248356
          ],
          [
            36.806935,
            -1.24833
          ],
          [
            36.806784,
            -1.248228
          ],
          [
            36.806658,
            -1.248123
          ]
        ]
      }
    },
    {
      "type": "Feature",
      "properties": {
        "contig_id": 236,
        "length_m": 207.137,
        "segment_count": 12,
        "way_names": [],
        "way_ids": [
          280720861
        ],
        "endpoint_node_ids": [
          2847824019,
          2847824030
        ],
        "node_ids": [
          2847824019,
          2847824020,
          2847824021,
          2847824022,
          2847824023,
          2847824024,
          2847824025,
          2847824005,
          2847824026,
          2847824027,
          2847824028,
          2847824029,
          2847824030
        ],
        "tags": {
          "local:boundary_refs": "w24040003",
          "local:boundary_zone": "core"
        },
        "elevations_m": [
          1707.0,
          1705.0,
          1703.0,
          1702.0,
          1700.0,
          1695.0,
          1695.0,
          1695.0,
          1694.0,
          1693.0,
          1693.0,
          1690.0,
          1689.0
        ]
      },
      "geometry": {
        "type": "LineString",
        "coordinates": [
          [
            36.80695,
            -1.24846
          ],
          [
            36.807129,
            -1.248636
          ],
          [
            36.807154,
            -1.248742
          ],
          [
            36.807191,
            -1.248804
          ],
          [
            36.80721,
            -1.248911
          ],
          [
            36.807155,
            -1.249195
          ],
          [
            36.807174,
            -1.249375
          ],
          [
            36.807192,
            -1.249445
          ],
          [
            36.807282,
            -1.249555
          ],
          [
            36.807429,
            -1.24967
          ],
          [
            36.807529,
            -1.249726
          ],
          [
            36.807779,
            -1.249651
          ],
          [
            36.807832,
            -1.249705
          ]
        ]
      }
    },
    {
      "type": "Feature",
      "properties": {
        "contig_id": 237,
        "length_m": 192.338,
        "segment_count": 8,
        "way_names": [],
        "way_ids": [
          280720862
        ],
        "endpoint_node_ids": [
          2847824019,
          2847824037
        ],
        "node_ids": [
          2847824019,
          2847824038,
          2847824039,
          2847824040,
          2847824036,
          2847824041,
          2847824042,
          2847824043,
          2847824037
        ],
        "tags": {
          "local:boundary_refs": "w24040003",
          "local:boundary_zone": "core"
        },
        "elevations_m": [
          1707.0,
          1710.0,
          1705.0,
          1704.0,
          1703.0,
          1704.0,
          1704.0,
          1703.0,
          1702.0
        ]
      },
      "geometry": {
        "type": "LineString",
        "coordinates": [
          [
            36.80695,
            -1.24846
          ],
          [
            36.807097,
            -1.248401
          ],
          [
            36.807586,
            -1.248554
          ],
          [
            36.807658,
            -1.248567
          ],
          [
            36.807767,
            -1.248563
          ],
          [
            36.807902,
            -1.248509
          ],
          [
            36.808104,
            -1.248351
          ],
          [
            36.80838,
            -1.248171
          ],
          [
            36.808481,
            -1.248066
          ]
        ]
      }
    },
    {
      "type": "Feature",
      "properties": {
        "contig_id": 238,
        "length_m": 83.794,
        "segment_count": 6,
        "way_names": [],
        "way_ids": [
          280720861
        ],
        "endpoint_node_ids": [
          2847824030,
          7059361586
        ],
        "node_ids": [
          2847824030,
          2847824031,
          2847824032,
          2847824033,
          2847824034,
          2847824035,
          7059361586
        ],
        "tags": {
          "local:boundary_refs": "w24040003",
          "local:boundary_zone": "core"
        },
        "elevations_m": [
          1689.0,
          1691.0,
          1692.0,
          1692.0,
          1693.0,
          1694.0,
          1695.0
        ]
      },
      "geometry": {
        "type": "LineString",
        "coordinates": [
          [
            36.807832,
            -1.249705
          ],
          [
            36.807701,
            -1.249848
          ],
          [
            36.807681,
            -1.249933
          ],
          [
            36.807765,
            -1.250002
          ],
          [
            36.807896,
            -1.250067
          ],
          [
            36.807966,
            -1.250102
          ],
          [
            36.808103,
            -1.250127
          ]
        ]
      }
    },
    {
      "type": "Feature",
      "properties": {
        "contig_id": 239,
        "length_m": 118.652,
        "segment_count": 2,
        "way_names": [],
        "way_ids": [
          1516388856
        ],
        "endpoint_node_ids": [
          2847824030,
          13845622426
        ],
        "node_ids": [
          2847824030,
          13845622425,
          13845622426
        ],
        "tags": {
          "local:boundary_refs": "w24040003",
          "local:boundary_zone": "core"
        },
        "elevations_m": [
          1689.0,
          1682.0,
          1682.0
        ]
      },
      "geometry": {
        "type": "LineString",
        "coordinates": [
          [
            36.807832,
            -1.249705
          ],
          [
            36.808366,
            -1.249524
          ],
          [
            36.808828,
            -1.249323
          ]
        ]
      }
    },
    {
      "type": "Feature",
      "properties": {
        "contig_id": 240,
        "length_m": 15.794,
        "segment_count": 1,
        "way_names": [],
        "way_ids": [
          280720862
        ],
        "endpoint_node_ids": [
          2847824037,
          2847824044
        ],
        "node_ids": [
          2847824037,
          2847824044
        ],
        "tags": {
          "local:boundary_refs": "w24040003",
          "local:boundary_zone": "core"
        },
        "elevations_m": [
          1702.0,
          1702.0
        ]
      },
      "geometry": {
        "type": "LineString",
        "coordinates": [
          [
            36.808481,
            -1.248066
          ],
          [
            36.808522,
            -1.24793
          ]
        ]
      }
    },
    {
      "type": "Feature",
      "properties": {
        "contig_id": 241,
        "length_m": 220.515,
        "segment_count": 7,
        "way_names": [],
        "way_ids": [
          1516388855
        ],
        "endpoint_node_ids": [
          2847824037,
          13845622418
        ],
        "node_ids": [
          2847824037,
          13845622424,
          13845622423,
          13845622422,
          13845622421,
          13845622420,
          13845622419,
          13845622418
        ],
        "tags": {
          "local:boundary_refs": "w24040003",
          "local:boundary_zone": "core"
        },
        "elevations_m": [
          1702.0,
          1707.0,
          1709.0,
          1709.0,
          1710.0,
          1713.0,
          1711.0,
          1710.0
        ]
      },
      "geometry": {
        "type": "LineString",
        "coordinates": [
          [
            36.808481,
            -1.248066
          ],
          [
            36.808214,
            -1.247905
          ],
          [
            36.807835,
            -1.247805
          ],
          [
            36.807699,
            -1.247906
          ],
          [
            36.807483,
            -1.247916
          ],
          [
            36.807142,
            -1.248012
          ],
          [
            36.806801,
            -1.247985
          ],
          [
            36.806658,
            -1.248123
          ]
        ]
      }
    },
    {
      "type": "Feature",
      "properties": {
        "contig_id": 242,
        "length_m": 182.69,
        "segment_count": 7,
        "way_names": [],
        "way_ids": [
          1516388856
        ],
        "endpoint_node_ids": [
          2847824037,
          13845622426
        ],
        "node_ids": [
          2847824037,
          13845622432,
          13845622431,
          13845622430,
          13845622429,
          13845622428,
          13845622427,
          13845622426
        ],
        "tags": {
          "local:boundary_refs": "w24040003",
          "local:boundary_zone": "core"
        },
        "elevations_m": [
          1702.0,
          1699.0,
          1698.0,
          1696.0,
          1695.0,
          1691.0,
          1687.0,
          1682.0
        ]
      },
      "geometry": {
        "type": "LineString",
        "coordinates": [
          [
            36.808481,
            -1.248066
          ],
          [
            36.808653,
            -1.248297
          ],
          [
            36.808884,
            -1.248366
          ],
          [
            36.808975,
            -1.248556
          ],
          [
            36.808804,
            -1.248748
          ],
          [
            36.808674,
            -1.24897
          ],
          [
            36.808757,
            -1.249097
          ],
          [
            36.808828,
            -1.249323
          ]
        ]
      }
    },
    {
      "type": "Feature",
      "properties": {
        "contig_id": 243,
        "length_m": 54.375,
        "segment_count": 2,
        "way_names": [],
        "way_ids": [
          1516388853
        ],
        "endpoint_node_ids": [
          2847824044,
          13845622412
        ],
        "node_ids": [
          2847824044,
          13845622411,
          13845622412
        ],
        "tags": {
          "local:boundary_refs": "w24040003",
          "local:boundary_zone": "core"
        },
        "elevations_m": [
          1702.0,
          1701.0,
          1701.0
        ]
      },
      "geometry": {
        "type": "LineString",
        "coordinates": [
          [
            36.808522,
            -1.24793
          ],
          [
            36.808679,
            -1.247637
          ],
          [
            36.808715,
            -1.247485
          ]
        ]
      }
    },
    {
      "type": "Feature",
      "properties": {
        "contig_id": 273,
        "length_m": 17.85,
        "segment_count": 1,
        "way_names": [
          "KFEET Track"
        ],
        "way_ids": [
          60200207
        ],
        "endpoint_node_ids": [
          2847941633,
          6366642364
        ],
        "node_ids": [
          2847941633,
          6366642364
        ],
        "tags": {
          "local:boundary_refs": "r13626194,w24040003",
          "local:boundary_zone": "buffer"
        },
        "elevations_m": [
          1666.0,
          1664.0
        ]
      },
      "geometry": {
        "type": "LineString",
        "coordinates": [
          [
            36.815935,
            -1.247174
          ],
          [
            36.815783,
            -1.247227
          ]
        ]
      }
    },
    {
      "type": "Feature",
      "properties": {
        "contig_id": 310,
        "length_m": 120.839,
        "segment_count": 4,
        "way_names": [],
        "way_ids": [
          457597907
        ],
        "endpoint_node_ids": [
          4537141151,
          13845622301
        ],
        "node_ids": [
          4537141151,
          4537141150,
          4537141149,
          4537141148,
          13845622301
        ],
        "tags": {
          "local:boundary_refs": "w24040003",
          "local:boundary_zone": "core"
        },
        "elevations_m": [
          1728.0,
          1723.0,
          1725.0,
          1726.0,
          1724.0
        ]
      },
      "geometry": {
        "type": "LineString",
        "coordinates": [
          [
            36.799589,
            -1.244514
          ],
          [
            36.799428,
            -1.244367
          ],
          [
            36.799242,
            -1.244483
          ],
          [
            36.798843,
            -1.244417
          ],
          [
            36.798633,
            -1.244288
          ]
        ]
      }
    },
    {
      "type": "Feature",
      "properties": {
        "contig_id": 311,
        "length_m": 122.889,
        "segment_count": 5,
        "way_names": [],
        "way_ids": [
          457597907
        ],
        "endpoint_node_ids": [
          4537141151,
          4537141156
        ],
        "node_ids": [
          4537141151,
          4537141152,
          4537141153,
          4537141154,
          4537141155,
          4537141156
        ],
        "tags": {
          "local:boundary_refs": "w24040003",
          "local:boundary_zone": "core"
        },
        "elevations_m": [
          1728.0,
          1728.0,
          1724.0,
          1723.0,
          1722.0,
          1721.0
        ]
      },
      "geometry": {
        "type": "LineString",
        "coordinates": [
          [
            36.799589,
            -1.244514
          ],
          [
            36.799812,
            -1.244462
          ],
          [
            36.800071,
            -1.244351
          ],
          [
            36.800267,
            -1.244336
          ],
          [
            36.800487,
            -1.244226
          ],
          [
            36.800638,
            -1.244246
          ]
        ]
      }
    },
    {
      "type": "Feature",
      "properties": {
        "contig_id": 312,
        "length_m": 127.693,
        "segment_count": 4,
        "way_names": [],
        "way_ids": [
          1516388844
        ],
        "endpoint_node_ids": [
          4537141151,
          13845622309
        ],
        "node_ids": [
          4537141151,
          13845622312,
          13845622311,
          13845622310,
          13845622309
        ],
        "tags": {
          "local:boundary_refs": "w24040003",
          "local:boundary_zone": "core"
        },
        "elevations_m": [
          1728.0,
          1727.0,
          1728.0,
          1728.0,
          1726.0
        ]
      },
      "geometry": {
        "type": "LineString",
        "coordinates": [
          [
            36.799589,
            -1.244514
          ],
          [
            36.799268,
            -1.244634
          ],
          [
            36.798857,
            -1.244679
          ],
          [
            36.798662,
            -1.244645
          ],
          [
            36.798521,
            -1.244511
          ]
        ]
      }
    },
    {
      "type": "Feature",
      "properties": {
        "contig_id": 317,
        "length_m": 25.304,
        "segment_count": 2,
        "way_names": [],
        "way_ids": [
          280717988
        ],
        "endpoint_node_ids": [
          5128670227,
          13845622381
        ],
        "node_ids": [
          5128670227,
          2847799232,
          13845622381
        ],
        "tags": {
          "local:boundary_refs": "w24040003",
          "local:boundary_zone": "core"
        },
        "elevations_m": [
          1736.0,
          1736.0,
          1735.0
        ]
      },
      "geometry": {
        "type": "LineString",
        "coordinates": [
          [
            36.795518,
            -1.240282
          ],
          [
            36.795677,
            -1.240344
          ],
          [
            36.795728,
            -1.240369
          ]
        ]
      }
    },
    {
      "type": "Feature",
      "properties": {
        "contig_id": 318,
        "length_m": 30.589,
        "segment_count": 1,
        "way_names": [],
        "way_ids": [
          755810767
        ],
        "endpoint_node_ids": [
          5128670227,
          7059335490
        ],
        "node_ids": [
          5128670227,
          7059335490
        ],
        "tags": {
          "local:boundary_refs": "w24040003",
          "local:boundary_zone": "core"
        },
        "elevations_m": [
          1736.0,
          1736.0
        ]
      },
      "geometry": {
        "type": "LineString",
        "coordinates": [
          [
            36.795518,
            -1.240282
          ],
          [
            36.795599,
            -1.240019
          ]
        ]
      }
    },
    {
      "type": "Feature",
      "properties": {
        "contig_id": 329,
        "length_m": 8.658,
        "segment_count": 1,
        "way_names": [],
        "way_ids": [
          990222612
        ],
        "endpoint_node_ids": [
          6351598655,
          6351733415
        ],
        "node_ids": [
          6351598655,
          6351733415
        ],
        "tags": {
          "local:boundary_refs": "w24040003",
          "local:boundary_zone": "buffer"
        },
        "elevations_m": [
          1735.0,
          1734.0
        ]
      },
      "geometry": {
        "type": "LineString",
        "coordinates": [
          [
            36.796724,
            -1.237558
          ],
          [
            36.796791,
            -1.237598
          ]
        ]
      }
    },
    {
      "type": "Feature",
      "properties": {
        "contig_id": 330,
        "length_m": 140.412,
        "segment_count": 4,
        "way_names": [
          "Limuru Road"
        ],
        "way_ids": [
          40315869
        ],
        "endpoint_node_ids": [
          6366642358,
          8519953643
        ],
        "node_ids": [
          6366642358,
          2026570587,
          2026570504,
          6366642357,
          8519953643
        ],
        "tags": {
          "local:boundary_refs": "r13626194,w24040003",
          "local:boundary_zone": "buffer"
        },
        "elevations_m": [
          1675.0,
          1674.0,
          1671.0,
          1676.0,
          1677.0
        ]
      },
      "geometry": {
        "type": "LineString",
        "coordinates": [
          [
            36.816981,
            -1.248657
          ],
          [
            36.81723,
            -1.248678
          ],
          [
            36.817492,
            -1.248708
          ],
          [
            36.817931,
            -1.248815
          ],
          [
            36.818208,
            -1.248924
          ]
        ]
      }
    },
    {
      "type": "Feature",
      "properties": {
        "contig_id": 331,
        "length_m": 77.99,
        "segment_count": 2,
        "way_names": [
          "Limuru Road"
        ],
        "way_ids": [
          40315869
        ],
        "endpoint_node_ids": [
          6366642364,
          6950727289
        ],
        "node_ids": [
          6366642364,
          6366642365,
          6950727289
        ],
        "tags": {
          "local:boundary_refs": "w24040003",
          "local:boundary_zone": "core"
        },
        "elevations_m": [
          1664.0,
          1666.0,
          1666.0
        ]
      },
      "geometry": {
        "type": "LineString",
        "coordinates": [
          [
            36.815783,
            -1.247227
          ],
          [
            36.815556,
            -1.246665
          ],
          [
            36.815523,
            -1.246576
          ]
        ]
      }
    },
    {
      "type": "Feature",
      "properties": {
        "contig_id": 332,
        "length_m": 49.958,
        "segment_count": 1,
        "way_names": [
          "Limuru Road"
        ],
        "way_ids": [
          40315869
        ],
        "endpoint_node_ids": [
          6366642364,
          6893811241
        ],
        "node_ids": [
          6366642364,
          6893811241
        ],
        "tags": {
          "local:boundary_refs": "w24040003",
          "local:boundary_zone": "core"
        },
        "elevations_m": [
          1664.0,
          1664.0
        ]
      },
      "geometry": {
        "type": "LineString",
        "coordinates": [
          [
            36.815783,
            -1.247227
          ],
          [
            36.815934,
            -1.24765
          ]
        ]
      }
    },
    {
      "type": "Feature",
      "properties": {
        "contig_id": 333,
        "length_m": 136.816,
        "segment_count": 5,
        "way_names": [
          "Limuru Road"
        ],
        "way_ids": [
          40315869
        ],
        "endpoint_node_ids": [
          6366642368,
          6366642371
        ],
        "node_ids": [
          6366642368,
          2026570524,
          6366642370,
          6366642369,
          2026570575,
          6366642371
        ],
        "tags": {
          "local:boundary_refs": "r13626194,w24040003",
          "local:boundary_zone": "buffer"
        },
        "elevations_m": [
          1667.0,
          1669.0,
          1674.0,
          1675.0,
          1677.0,
          1678.0
        ]
      },
      "geometry": {
        "type": "LineString",
        "coordinates": [
          [
            36.814825,
            -1.244809
          ],
          [
            36.814668,
            -1.244567
          ],
          [
            36.814331,
            -1.244182
          ],
          [
            36.814223,
            -1.244065
          ],
          [
            36.814142,
            -1.243953
          ],
          [
            36.814064,
            -1.243845
          ]
        ]
      }
    },
    {
      "type": "Feature",
      "properties": {
        "contig_id": 334,
        "length_m": 211.709,
        "segment_count": 3,
        "way_names": [
          "Limuru Road"
        ],
        "way_ids": [
          40315869
        ],
        "endpoint_node_ids": [
          6366642368,
          6950727289
        ],
        "node_ids": [
          6366642368,
          6366642367,
          6366642366,
          6950727289
        ],
        "tags": {
          "local:boundary_refs": "w24040003",
          "local:boundary_zone": "core"
        },
        "elevations_m": [
          1667.0,
          1665.0,
          1662.0,
          1666.0
        ]
      },
      "geometry": {
        "type": "LineString",
        "coordinates": [
          [
            36.814825,
            -1.244809
          ],
          [
            36.814998,
            -1.24511
          ],
          [
            36.815367,
            -1.246147
          ],
          [
            36.815523,
            -1.246576
          ]
        ]
      }
    },
    {
      "type": "Feature",
      "properties": {
        "contig_id": 360,
        "length_m": 106.691,
        "segment_count": 6,
        "way_names": [
          "Limuru Road"
        ],
        "way_ids": [
          40315869
        ],
        "endpoint_node_ids": [
          6893811241,
          7687042100
        ],
        "node_ids": [
          6893811241,
          6366642359,
          12105744352,
          6366642360,
          12105744353,
          6366642361,
          7687042100
        ],
        "tags": {
          "local:boundary_refs": "w24040003",
          "local:boundary_zone": "core"
        },
        "elevations_m": [
          1664.0,
          1664.0,
          1664.0,
          1664.0,
          1667.0,
          1669.0,
          1672.0
        ]
      },
      "geometry": {
        "type": "LineString",
        "coordinates": [
          [
            36.815934,
            -1.24765
          ],
          [
            36.815976,
            -1.247715
          ],
          [
            36.816072,
            -1.247893
          ],
          [
            36.816183,
            -1.248061
          ],
          [
            36.816268,
            -1.248192
          ],
          [
            36.816396,
            -1.248302
          ],
          [
            36.816515,
            -1.248399
          ]
        ]
      }
    },
    {
      "type": "Feature",
      "properties": {
        "contig_id": 361,
        "length_m": 59.77,
        "segment_count": 3,
        "way_names": [],
        "way_ids": [
          736353610
        ],
        "endpoint_node_ids": [
          6893811241,
          6893811244
        ],
        "node_ids": [
          6893811241,
          6893811242,
          6893811243,
          6893811244
        ],
        "tags": {
          "local:boundary_refs": "w24040003",
          "local:boundary_zone": "core"
        },
        "elevations_m": [
          1664.0,
          1665.0,
          1666.0,
          1667.0
        ]
      },
      "geometry": {
        "type": "LineString",
        "coordinates": [
          [
            36.815934,
            -1.24765
          ],
          [
            36.815801,
            -1.247803
          ],
          [
            36.815663,
            -1.247881
          ],
          [
            36.815493,
            -1.247927
          ]
        ]
      }
    },
    {
      "type": "Feature",
      "properties": {
        "contig_id": 362,
        "length_m": 27.439,
        "segment_count": 1,
        "way_names": [],
        "way_ids": [
          736353610
        ],
        "endpoint_node_ids": [
          6893811244,
          6893811245
        ],
        "node_ids": [
          6893811244,
          6893811245
        ],
        "tags": {
          "local:boundary_refs": "r13626194,w24040003",
          "local:boundary_zone": "buffer"
        },
        "elevations_m": [
          1667.0,
          1666.0
        ]
      },
      "geometry": {
        "type": "LineString",
        "coordinates": [
          [
            36.815493,
            -1.247927
          ],
          [
            36.81525,
            -1.247973
          ]
        ]
      }
    },
    {
      "type": "Feature",
      "properties": {
        "contig_id": 363,
        "length_m": 138.639,
        "segment_count": 11,
        "way_names": [],
        "way_ids": [
          736353610
        ],
        "endpoint_node_ids": [
          6893811245,
          6893811256
        ],
        "node_ids": [
          6893811245,
          6893811246,
          6893811247,
          6893811248,
          6893811249,
          6893811250,
          6893811251,
          6893811252,
          6893811253,
          6893811254,
          6893811255,
          6893811256
        ],
        "tags": {
          "local:boundary_refs": "w24040003",
          "local:boundary_zone": "buffer"
        },
        "elevations_m": [
          1666.0,
          1665.0,
          1666.0,
          1666.0,
          1670.0,
          1673.0,
          1676.0,
          1678.0,
          1678.0,
          1677.0,
          1675.0,
          1672.0
        ]
      },
      "geometry": {
        "type": "LineString",
        "coordinates": [
          [
            36.81525,
            -1.247973
          ],
          [
            36.81505,
            -1.247978
          ],
          [
            36.814889,
            -1.247975
          ],
          [
            36.814799,
            -1.248026
          ],
          [
            36.814734,
            -1.248139
          ],
          [
            36.814732,
            -1.248219
          ],
          [
            36.814776,
            -1.248285
          ],
          [
            36.814852,
            -1.248323
          ],
          [
            36.814976,
            -1.248316
          ],
          [
            36.815045,
            -1.248313
          ],
          [
            36.815169,
            -1.248316
          ],
          [
            36.815254,
            -1.248286
          ]
        ]
      }
    },
    {
      "type": "Feature",
      "properties": {
        "contig_id": 364,
        "length_m": 35.336,
        "segment_count": 3,
        "way_names": [],
        "way_ids": [
          736353610
        ],
        "endpoint_node_ids": [
          6893811245,
          6893811256
        ],
        "node_ids": [
          6893811245,
          6893811258,
          6893811257,
          6893811256
        ],
        "tags": {
          "local:boundary_refs": "w24040003",
          "local:boundary_zone": "buffer"
        },
        "elevations_m": [
          1666.0,
          1667.0,
          1670.0,
          1672.0
        ]
      },
      "geometry": {
        "type": "LineString",
        "coordinates": [
          [
            36.81525,
            -1.247973
          ],
          [
            36.815272,
            -1.248067
          ],
          [
            36.815275,
            -1.248187
          ],
          [
            36.815254,
            -1.248286
          ]
        ]
      }
    },
    {
      "type": "Feature",
      "properties": {
        "contig_id": 365,
        "length_m": 21.555,
        "segment_count": 1,
        "way_names": [],
        "way_ids": [
          823366563
        ],
        "endpoint_node_ids": [
          6893811256,
          7687042096
        ],
        "node_ids": [
          6893811256,
          7687042096
        ],
        "tags": {
          "local:boundary_refs": "w24040003",
          "local:boundary_zone": "buffer"
        },
        "elevations_m": [
          1672.0,
          1672.0
        ]
      },
      "geometry": {
        "type": "LineString",
        "coordinates": [
          [
            36.815254,
            -1.248286
          ],
          [
            36.815434,
            -1.248358
          ]
        ]
      }
    },
    {
      "type": "Feature",
      "properties": {
        "contig_id": 366,
        "length_m": 148.403,
        "segment_count": 4,
        "way_names": [],
        "way_ids": [
          755810766
        ],
        "endpoint_node_ids": [
          7059335490,
          13845622380
        ],
        "node_ids": [
          7059335490,
          7059335486,
          7059335487,
          7059335488,
          13845622380
        ],
        "tags": {
          "local:boundary_refs": "w24040003",
          "local:boundary_zone": "core"
        },
        "elevations_m": [
          1736.0,
          1737.0,
          1736.0,
          1737.0,
          1736.0
        ]
      },
      "geometry": {
        "type": "LineString",
        "coordinates": [
          [
            36.795599,
            -1.240019
          ],
          [
            36.795516,
            -1.239978
          ],
          [
            36.795179,
            -1.240584
          ],
          [
            36.795443,
            -1.240729
          ],
          [
            36.795628,
            -1.240564
          ]
        ]
      }
    },
    {
      "type": "Feature",
      "properties": {
        "contig_id": 367,
        "length_m": 75.621,
        "segment_count": 2,
        "way_names": [],
        "way_ids": [
          755810766
        ],
        "endpoint_node_ids": [
          7059335490,
          13845622380
        ],
        "node_ids": [
          7059335490,
          7059335489,
          13845622380
        ],
        "tags": {
          "local:boundary_refs": "w24040003",
          "local:boundary_zone": "core"
        },
        "elevations_m": [
          1736.0,
          1735.0,
          1736.0
        ]
      },
      "geometry": {
        "type": "LineString",
        "coordinates": [
          [
            36.795599,
            -1.240019
          ],
          [
            36.795777,
            -1.240107
          ],
          [
            36.795628,
            -1.240564
          ]
        ]
      }
    },
    {
      "type": "Feature",
      "properties": {
        "contig_id": 368,
        "length_m": 31.105,
        "segment_count": 1,
        "way_names": [],
        "way_ids": [
          755810767
        ],
        "endpoint_node_ids": [
          7059335490,
          7059335491
        ],
        "node_ids": [
          7059335490,
          7059335491
        ],
        "tags": {
          "local:boundary_refs": "w24040003",
          "local:boundary_zone": "core"
        },
        "elevations_m": [
          1736.0,
          1734.0
        ]
      },
      "geometry": {
        "type": "LineString",
        "coordinates": [
          [
            36.795599,
            -1.240019
          ],
          [
            36.79577,
            -1.239798
          ]
        ]
      }
    },
    {
      "type": "Feature",
      "properties": {
        "contig_id": 369,
        "length_m": 124.641,
        "segment_count": 3,
        "way_names": [],
        "way_ids": [
          755810767
        ],
        "endpoint_node_ids": [
          7059335491,
          13845622389
        ],
        "node_ids": [
          7059335491,
          7059335492,
          7059335493,
          13845622389
        ],
        "tags": {
          "local:boundary_refs": "w24040003",
          "local:boundary_zone": "core"
        },
        "elevations_m": [
          1734.0,
          1730.0,
          1732.0,
          1736.0
        ]
      },
      "geometry": {
        "type": "LineString",
        "coordinates": [
          [
            36.79577,
            -1.239798
          ],
          [
            36.796024,
            -1.239395
          ],
          [
            36.796198,
            -1.239111
          ],
          [
            36.79638,
            -1.238857
          ]
        ]
      }
    },
    {
      "type": "Feature",
      "properties": {
        "contig_id": 370,
        "length_m": 149.476,
        "segment_count": 6,
        "way_names": [],
        "way_ids": [
          1516388850
        ],
        "endpoint_node_ids": [
          7059335491,
          13845622389
        ],
        "node_ids": [
          7059335491,
          13845622384,
          13845622385,
          13845622386,
          13845622387,
          13845622388,
          13845622389
        ],
        "tags": {
          "local:boundary_refs": "w24040003",
          "local:boundary_zone": "core"
        },
        "elevations_m": [
          1734.0,
          1733.0,
          1732.0,
          1729.0,
          1730.0,
          1732.0,
          1736.0
        ]
      },
      "geometry": {
        "type": "LineString",
        "coordinates": [
          [
            36.79577,
            -1.239798
          ],
          [
            36.795951,
            -1.23987
          ],
          [
            36.796063,
            -1.239823
          ],
          [
            36.796163,
            -1.239484
          ],
          [
            36.796243,
            -1.239246
          ],
          [
            36.796334,
            -1.239128
          ],
          [
            36.79638,
            -1.238857
          ]
        ]
      }
    },
    {
      "type": "Feature",
      "properties": {
        "contig_id": 371,
        "length_m": 224.872,
        "segment_count": 13,
        "way_names": [],
        "way_ids": [
          759386825
        ],
        "endpoint_node_ids": [
          7059361586,
          7093325693
        ],
        "node_ids": [
          7059361586,
          7093325705,
          7093325704,
          7093325703,
          7093325702,
          7093325701,
          7093325700,
          7093325699,
          7093325698,
          7093325697,
          7093325696,
          7093325695,
          7093325694,
          7093325693
        ],
        "tags": {
          "local:boundary_refs": "w24040003",
          "local:boundary_zone": "core"
        },
        "elevations_m": [
          1695.0,
          1696.0,
          1696.0,
          1697.0,
          1698.0,
          1700.0,
          1703.0,
          1705.0,
          1706.0,
          1708.0,
          1709.0,
          1708.0,
          1706.0,
          1705.0
        ]
      },
      "geometry": {
        "type": "LineString",
        "coordinates": [
          [
            36.808103,
            -1.250127
          ],
          [
            36.808153,
            -1.250223
          ],
          [
            36.808229,
            -1.250265
          ],
          [
            36.808305,
            -1.250332
          ],
          [
            36.808473,
            -1.250314
          ],
          [
            36.808528,
            -1.250422
          ],
          [
            36.808645,
            -1.250525
          ],
          [
            36.808736,
            -1.250699
          ],
          [
            36.808811,
            -1.250759
          ],
          [
            36.809063,
            -1.251034
          ],
          [
            36.809123,
            -1.251111
          ],
          [
            36.809112,
            -1.251291
          ],
          [
            36.809115,
            -1.25152
          ],
          [
            36.80912,
            -1.251627
          ]
        ]
      }
    },
    {
      "type": "Feature",
      "properties": {
        "contig_id": 372,
        "length_m": 412.757,
        "segment_count": 16,
        "way_names": [],
        "way_ids": [
          1516388860,
          1516388861
        ],
        "endpoint_node_ids": [
          7059361586,
          13845622456
        ],
        "node_ids": [
          7059361586,
          13845622441,
          13845622442,
          13845622443,
          13845622444,
          13845622445,
          13845622446,
          13845622447,
          13845622448,
          13845622449,
          13845622450,
          13845622451,
          13845622452,
          13845622453,
          13845622454,
          13845622455,
          13845622456
        ],
        "tags": {
          "local:boundary_refs": "w24040003",
          "local:boundary_zone": "core"
        },
        "elevations_m": [
          1695.0,
          1697.0,
          1696.0,
          1697.0,
          1699.0,
          1701.0,
          1704.0,
          1705.0,
          1704.0,
          1704.0,
          1705.0,
          1704.0,
          1704.0,
          1703.0,
          1701.0,
          1700.0,
          1699.0
        ]
      },
      "geometry": {
        "type": "LineString",
        "coordinates": [
          [
            36.808103,
            -1.250127
          ],
          [
            36.808001,
            -1.2504
          ],
          [
            36.807663,
            -1.250439
          ],
          [
            36.807521,
            -1.250514
          ],
          [
            36.807494,
            -1.250686
          ],
          [
            36.807319,
            -1.250866
          ],
          [
            36.807378,
            -1.251022
          ],
          [
            36.80721,
            -1.251159
          ],
          [
            36.80666,
            -1.251452
          ],
          [
            36.80644,
            -1.251629
          ],
          [
            36.806164,
            -1.25164
          ],
          [
            36.80605,
            -1.251813
          ],
          [
            36.805953,
            -1.251935
          ],
          [
            36.805961,
            -1.252021
          ],
          [
            36.806185,
            -1.251923
          ],
          [
            36.806325,
            -1.251868
          ],
          [
            36.806399,
            -1.25191
          ]
        ]
      }
    },
    {
      "type": "Feature",
      "properties": {
        "contig_id": 373,
        "length_m": 271.479,
        "segment_count": 12,
        "way_names": [],
        "way_ids": [
          759386825
        ],
        "endpoint_node_ids": [
          7093322620,
          7093322632
        ],
        "node_ids": [
          7093322620,
          7093322621,
          7093322622,
          7093322623,
          7093322624,
          7093322625,
          7093322626,
          7093322627,
          7093322628,
          7093322629,
          7093322630,
          7093322631,
          7093322632
        ],
        "tags": {
          "local:boundary_refs": "w24040003",
          "local:boundary_zone": "core"
        },
        "elevations_m": [
          1680.0,
          1681.0,
          1680.0,
          1685.0,
          1689.0,
          1694.0,
          1697.0,
          1701.0,
          1704.0,
          1710.0,
          1708.0,
          1707.0,
          1704.0
        ]
      },
      "geometry": {
        "type": "LineString",
        "coordinates": [
          [
            36.809968,
            -1.249743
          ],
          [
            36.809993,
            -1.249918
          ],
          [
            36.8097,
            -1.249807
          ],
          [
            36.809688,
            -1.250031
          ],
          [
            36.809835,
            -1.25018
          ],
          [
            36.809804,
            -1.250354
          ],
          [
            36.809849,
            -1.250518
          ],
          [
            36.809853,
            -1.250715
          ],
          [
            36.809884,
            -1.250902
          ],
          [
            36.809794,
            -1.251068
          ],
          [
            36.809874,
            -1.251307
          ],
          [
            36.80983,
            -1.251457
          ],
          [
            36.809794,
            -1.251641
          ]
        ]
      }
    },
    {
      "type": "Feature",
      "properties": {
        "contig_id": 374,
        "length_m": 141.119,
        "segment_count": 5,
        "way_names": [],
        "way_ids": [
          1516388857
        ],
        "endpoint_node_ids": [
          7093322620,
          13845622426
        ],
        "node_ids": [
          7093322620,
          13845622436,
          13845622435,
          13845622434,
          13845622433,
          13845622426
        ],
        "tags": {
          "local:boundary_refs": "w24040003",
          "local:boundary_zone": "core"
        },
        "elevations_m": [
          1680.0,
          1681.0,
          1681.0,
          1679.0,
          1681.0,
          1682.0
        ]
      },
      "geometry": {
        "type": "LineString",
        "coordinates": [
          [
            36.809968,
            -1.249743
          ],
          [
            36.809767,
            -1.249592
          ],
          [
            36.80946,
            -1.249472
          ],
          [
            36.809163,
            -1.249456
          ],
          [
            36.808961,
            -1.2493
          ],
          [
            36.808828,
            -1.249323
          ]
        ]
      }
    },
    {
      "type": "Feature",
      "properties": {
        "contig_id": 375,
        "length_m": 470.275,
        "segment_count": 29,
        "way_names": [],
        "way_ids": [
          759386825
        ],
        "endpoint_node_ids": [
          7093322632,
          13845622440
        ],
        "node_ids": [
          7093322632,
          7093322633,
          7093322634,
          7093322635,
          7093322636,
          7093322637,
          7093322638,
          7093322639,
          7093322640,
          7093322641,
          7093322642,
          7093322643,
          7093322644,
          7093322645,
          7093322646,
          7093322647,
          7093322648,
          7093322649,
          7093322650,
          7093322651,
          7093322652,
          7093322653,
          7093322654,
          7093322655,
          7093322656,
          7093322657,
          7093322658,
          7093322659,
          7093322660,
          13845622440
        ],
        "tags": {
          "local:boundary_refs": "w24040003",
          "local:boundary_zone": "core"
        },
        "elevations_m": [
          1704.0,
          1701.0,
          1700.0,
          1700.0,
          1700.0,
          1700.0,
          1700.0,
          1699.0,
          1698.0,
          1696.0,
          1694.0,
          1693.0,
          1692.0,
          1689.0,
          1689.0,
          1688.0,
          1688.0,
          1689.0,
          1689.0,
          1690.0,
          1689.0,
          1690.0,
          1691.0,
          1691.0,
          1690.0,
          1691.0,
          1692.0,
          1692.0,
          1692.0,
          1693.0
        ]
      },
      "geometry": {
        "type": "LineString",
        "coordinates": [
          [
            36.809794,
            -1.251641
          ],
          [
            36.809858,
            -1.251772
          ],
          [
            36.81008,
            -1.251841
          ],
          [
            36.810155,
            -1.251922
          ],
          [
            36.810192,
            -1.252036
          ],
          [
            36.810147,
            -1.252195
          ],
          [
            36.810261,
            -1.252426
          ],
          [
            36.810395,
            -1.252561
          ],
          [
            36.810429,
            -1.252697
          ],
          [
            36.810396,
            -1.252855
          ],
          [
            36.810393,
            -1.252976
          ],
          [
            36.810384,
            -1.253114
          ],
          [
            36.810369,
            -1.253212
          ],
          [
            36.810378,
            -1.253391
          ],
          [
            36.810221,
            -1.253469
          ],
          [
            36.810096,
            -1.253481
          ],
          [
            36.809973,
            -1.253392
          ],
          [
            36.80991,
            -1.253342
          ],
          [
            36.809904,
            -1.253309
          ],
          [
            36.809835,
            -1.253235
          ],
          [
            36.809725,
            -1.253265
          ],
          [
            36.80966,
            -1.253211
          ],
          [
            36.809548,
            -1.253032
          ],
          [
            36.809356,
            -1.253091
          ],
          [
            36.809242,
            -1.253101
          ],
          [
            36.809047,
            -1.253189
          ],
          [
            36.808976,
            -1.253205
          ],
          [
            36.808844,
            -1.2533
          ],
          [
            36.808678,
            -1.253351
          ],
          [
            36.808536,
            -1.253406
          ]
        ]
      }
    },
    {
      "type": "Feature",
      "properties": {
        "contig_id": 376,
        "length_m": 74.909,
        "segment_count": 1,
        "way_names": [],
        "way_ids": [
          1516388858
        ],
        "endpoint_node_ids": [
          7093322632,
          7093325693
        ],
        "node_ids": [
          7093322632,
          7093325693
        ],
        "tags": {
          "local:boundary_refs": "w24040003",
          "local:boundary_zone": "core"
        },
        "elevations_m": [
          1704.0,
          1705.0
        ]
      },
      "geometry": {
        "type": "LineString",
        "coordinates": [
          [
            36.809794,
            -1.251641
          ],
          [
            36.80912,
            -1.251627
          ]
        ]
      }
    },
    {
      "type": "Feature",
      "properties": {
        "contig_id": 377,
        "length_m": 91.261,
        "segment_count": 6,
        "way_names": [],
        "way_ids": [
          759386825
        ],
        "endpoint_node_ids": [
          7093322665,
          13845622440
        ],
        "node_ids": [
          7093322665,
          7093322664,
          7093322663,
          7093322662,
          12364500901,
          7093322661,
          13845622440
        ],
        "tags": {
          "local:boundary_refs": "w24040003",
          "local:boundary_zone": "core"
        },
        "elevations_m": [
          1693.0,
          1694.0,
          1694.0,
          1696.0,
          1695.0,
          1695.0,
          1693.0
        ]
      },
      "geometry": {
        "type": "LineString",
        "coordinates": [
          [
            36.808003,
            -1.253072
          ],
          [
            36.808037,
            -1.253219
          ],
          [
            36.808166,
            -1.253313
          ],
          [
            36.808208,
            -1.253479
          ],
          [
            36.808308,
            -1.25347
          ],
          [
            36.808391,
            -1.253462
          ],
          [
            36.808536,
            -1.253406
          ]
        ]
      }
    },
    {
      "type": "Feature",
      "properties": {
        "contig_id": 378,
        "length_m": 325.573,
        "segment_count": 16,
        "way_names": [],
        "way_ids": [
          759386825
        ],
        "endpoint_node_ids": [
          7093322665,
          13845622456
        ],
        "node_ids": [
          7093322665,
          7093322666,
          7093322667,
          7093322668,
          7093322669,
          7093322670,
          7093322671,
          7093322672,
          7093322673,
          7093322674,
          7093322675,
          7093322676,
          7093322677,
          7093322678,
          7093322679,
          7093322680,
          13845622456
        ],
        "tags": {
          "local:boundary_refs": "w24040003",
          "local:boundary_zone": "core"
        },
        "elevations_m": [
          1693.0,
          1692.0,
          1692.0,
          1691.0,
          1690.0,
          1692.0,
          1693.0,
          1693.0,
          1695.0,
          1696.0,
          1696.0,
          1696.0,
          1697.0,
          1699.0,
          1701.0,
          1700.0,
          1699.0
        ]
      },
      "geometry": {
        "type": "LineString",
        "coordinates": [
          [
            36.808003,
            -1.253072
          ],
          [
            36.807891,
            -1.253018
          ],
          [
            36.807682,
            -1.25294
          ],
          [
            36.807589,
            -1.252816
          ],
          [
            36.807419,
            -1.252627
          ],
          [
            36.807238,
            -1.252346
          ],
          [
            36.807128,
            -1.252366
          ],
          [
            36.807058,
            -1.252456
          ],
          [
            36.806811,
            -1.252374
          ],
          [
            36.806691,
            -1.25235
          ],
          [
            36.806608,
            -1.252431
          ],
          [
            36.806432,
            -1.252435
          ],
          [
            36.806258,
            -1.252298
          ],
          [
            36.806107,
            -1.252258
          ],
          [
            36.806046,
            -1.252126
          ],
          [
            36.806235,
            -1.252004
          ],
          [
            36.806399,
            -1.25191
          ]
        ]
      }
    },
    {
      "type": "Feature",
      "properties": {
        "contig_id": 379,
        "length_m": 73.202,
        "segment_count": 4,
        "way_names": [],
        "way_ids": [
          1516388859
        ],
        "endpoint_node_ids": [
          7093322665,
          13845622440
        ],
        "node_ids": [
          7093322665,
          13845622437,
          13845622438,
          13845622439,
          13845622440
        ],
        "tags": {
          "local:boundary_refs": "w24040003",
          "local:boundary_zone": "core"
        },
        "elevations_m": [
          1693.0,
          1694.0,
          1694.0,
          1693.0,
          1693.0
        ]
      },
      "geometry": {
        "type": "LineString",
        "coordinates": [
          [
            36.808003,
            -1.253072
          ],
          [
            36.808139,
            -1.253101
          ],
          [
            36.808279,
            -1.253165
          ],
          [
            36.808369,
            -1.253316
          ],
          [
            36.808536,
            -1.253406
          ]
        ]
      }
    },
    {
      "type": "Feature",
      "properties": {
        "contig_id": 380,
        "length_m": 321.023,
        "segment_count": 13,
        "way_names": [],
        "way_ids": [
          759386825
        ],
        "endpoint_node_ids": [
          7093325693,
          13845622456
        ],
        "node_ids": [
          7093325693,
          7093325692,
          7093325691,
          7093325690,
          7093325689,
          7093325688,
          7093325687,
          7093325686,
          7093325685,
          7093322684,
          7093322683,
          7093322682,
          7093322681,
          13845622456
        ],
        "tags": {
          "local:boundary_refs": "w24040003",
          "local:boundary_zone": "core"
        },
        "elevations_m": [
          1705.0,
          1706.0,
          1706.0,
          1706.0,
          1705.0,
          1703.0,
          1702.0,
          1700.0,
          1697.0,
          1697.0,
          1699.0,
          1699.0,
          1699.0,
          1699.0
        ]
      },
      "geometry": {
        "type": "LineString",
        "coordinates": [
          [
            36.80912,
            -1.251627
          ],
          [
            36.808917,
            -1.251653
          ],
          [
            36.808805,
            -1.251679
          ],
          [
            36.808657,
            -1.251772
          ],
          [
            36.808526,
            -1.251889
          ],
          [
            36.808382,
            -1.25201
          ],
          [
            36.808191,
            -1.252064
          ],
          [
            36.807834,
            -1.252071
          ],
          [
            36.807466,
            -1.251997
          ],
          [
            36.807257,
            -1.251982
          ],
          [
            36.806787,
            -1.251843
          ],
          [
            36.806563,
            -1.251886
          ],
          [
            36.806442,
            -1.251885
          ],
          [
            36.806399,
            -1.25191
          ]
        ]
      }
    },
    {
      "type": "Feature",
      "properties": {
        "contig_id": 381,
        "length_m": 74.214,
        "segment_count": 1,
        "way_names": [],
        "way_ids": [
          770407195
        ],
        "endpoint_node_ids": [
          7191425670,
          7191425671
        ],
        "node_ids": [
          7191425670,
          7191425671
        ],
        "tags": {
          "local:boundary_refs": "r13626194,w24040003",
          "local:boundary_zone": "buffer"
        },
        "elevations_m": [
          1690.0,
          1682.0
        ]
      },
      "geometry": {
        "type": "LineString",
        "coordinates": [
          [
            36.813827,
            -1.24286
          ],
          [
            36.813717,
            -1.242201
          ]
        ]
      }
    },
    {
      "type": "Feature",
      "properties": {
        "contig_id": 382,
        "length_m": 61.461,
        "segment_count": 1,
        "way_names": [],
        "way_ids": [
          770407195
        ],
        "endpoint_node_ids": [
          7191425671,
          7191425672
        ],
        "node_ids": [
          7191425671,
          7191425672
        ],
        "tags": {
          "local:boundary_refs": "w24040003",
          "local:boundary_zone": "buffer"
        },
        "elevations_m": [
          1682.0,
          1691.0
        ]
      },
      "geometry": {
        "type": "LineString",
        "coordinates": [
          [
            36.813717,
            -1.242201
          ],
          [
            36.813607,
            -1.24166
          ]
        ]
      }
    },
    {
      "type": "Feature",
      "properties": {
        "contig_id": 385,
        "length_m": 123.512,
        "segment_count": 4,
        "way_names": [],
        "way_ids": [
          823366563
        ],
        "endpoint_node_ids": [
          7687042096,
          7687042100
        ],
        "node_ids": [
          7687042096,
          7687042097,
          7687042098,
          7687042099,
          7687042100
        ],
        "tags": {
          "local:boundary_refs": "w24040003",
          "local:boundary_zone": "core"
        },
        "elevations_m": [
          1672.0,
          1678.0,
          1680.0,
          1676.0,
          1672.0
        ]
      },
      "geometry": {
        "type": "LineString",
        "coordinates": [
          [
            36.815434,
            -1.248358
          ],
          [
            36.815888,
            -1.248443
          ],
          [
            36.816177,
            -1.248489
          ],
          [
            36.816405,
            -1.248461
          ],
          [
            36.816515,
            -1.248399
          ]
        ]
      }
    },
    {
      "type": "Feature",
      "properties": {
        "contig_id": 389,
        "length_m": 14.137,
        "segment_count": 1,
        "way_names": [],
        "way_ids": [
          917305612
        ],
        "endpoint_node_ids": [
          8519953643,
          8519953644
        ],
        "node_ids": [
          8519953643,
          8519953644
        ],
        "tags": {
          "local:boundary_refs": "w24040003",
          "local:boundary_zone": "buffer"
        },
        "elevations_m": [
          1677.0,
          1678.0
        ]
      },
      "geometry": {
        "type": "LineString",
        "coordinates": [
          [
            36.818208,
            -1.248924
          ],
          [
            36.818083,
            -1.248903
          ]
        ]
      }
    },
    {
      "type": "Feature",
      "properties": {
        "contig_id": 390,
        "length_m": 124.887,
        "segment_count": 8,
        "way_names": [],
        "way_ids": [
          917305612
        ],
        "endpoint_node_ids": [
          8519953644,
          8519953652
        ],
        "node_ids": [
          8519953644,
          8519953645,
          8519953646,
          8519953647,
          8519953648,
          8519953649,
          8519953650,
          8519953651,
          8519953652
        ],
        "tags": {
          "local:boundary_refs": "w24040003",
          "local:boundary_zone": "core"
        },
        "elevations_m": [
          1678.0,
          1679.0,
          1679.0,
          1679.0,
          1679.0,
          1679.0,
          1679.0,
          1679.0,
          1679.0
        ]
      },
      "geometry": {
        "type": "LineString",
        "coordinates": [
          [
            36.818083,
            -1.248903
          ],
          [
            36.818016,
            -1.2489
          ],
          [
            36.81782,
            -1.248865
          ],
          [
            36.817761,
            -1.248854
          ],
          [
            36.817686,
            -1.248857
          ],
          [
            36.817587,
            -1.24887
          ],
          [
            36.817504,
            -1.248884
          ],
          [
            36.817455,
            -1.248884
          ],
          [
            36.816986,
            -1.248744
          ]
        ]
      }
    },
    {
      "type": "Feature",
      "properties": {
        "contig_id": 410,
        "length_m": 96.869,
        "segment_count": 1,
        "way_names": [],
        "way_ids": [
          1287191842
        ],
        "endpoint_node_ids": [
          11938105343,
          11938105344
        ],
        "node_ids": [
          11938105343,
          11938105344
        ],
        "tags": {
          "local:boundary_refs": "w24040003",
          "local:boundary_zone": "buffer"
        },
        "elevations_m": [
          1706.0,
          1710.0
        ]
      },
      "geometry": {
        "type": "LineString",
        "coordinates": [
          [
            36.797085,
            -1.246752
          ],
          [
            36.796378,
            -1.246242
          ]
        ]
      }
    },
    {
      "type": "Feature",
      "properties": {
        "contig_id": 411,
        "length_m": 258.012,
        "segment_count": 6,
        "way_names": [],
        "way_ids": [
          1287191842
        ],
        "endpoint_node_ids": [
          11938105344,
          11938105350
        ],
        "node_ids": [
          11938105344,
          11938105345,
          11938105346,
          11938105347,
          11938105348,
          11938105349,
          11938105350
        ],
        "tags": {
          "local:boundary_refs": "w24040003",
          "local:boundary_zone": "core"
        },
        "elevations_m": [
          1710.0,
          1704.0,
          1700.0,
          1702.0,
          1708.0,
          1712.0,
          1710.0
        ]
      },
      "geometry": {
        "type": "LineString",
        "coordinates": [
          [
            36.796378,
            -1.246242
          ],
          [
            36.796047,
            -1.245896
          ],
          [
            36.79578,
            -1.245752
          ],
          [
            36.795312,
            -1.24551
          ],
          [
            36.794979,
            -1.245431
          ],
          [
            36.794646,
            -1.245403
          ],
          [
            36.794372,
            -1.24521
          ]
        ]
      }
    },
    {
      "type": "Feature",
      "properties": {
        "contig_id": 412,
        "length_m": 42.165,
        "segment_count": 1,
        "way_names": [],
        "way_ids": [
          1287191842
        ],
        "endpoint_node_ids": [
          11938105350,
          11938105351
        ],
        "node_ids": [
          11938105350,
          11938105351
        ],
        "tags": {
          "local:boundary_refs": "w24040003",
          "local:boundary_zone": "buffer"
        },
        "elevations_m": [
          1710.0,
          1715.0
        ]
      },
      "geometry": {
        "type": "LineString",
        "coordinates": [
          [
            36.794372,
            -1.24521
          ],
          [
            36.793993,
            -1.245184
          ]
        ]
      }
    },
    {
      "type": "Feature",
      "properties": {
        "contig_id": 413,
        "length_m": 2.548,
        "segment_count": 1,
        "way_names": [],
        "way_ids": [
          1516388846
        ],
        "endpoint_node_ids": [
          12301047701,
          13845622369
        ],
        "node_ids": [
          12301047701,
          13845622369
        ],
        "tags": {
          "local:boundary_refs": "w24040003",
          "local:boundary_zone": "core"
        },
        "elevations_m": [
          1703.0,
          1703.0
        ]
      },
      "geometry": {
        "type": "LineString",
        "coordinates": [
          [
            36.809762,
            -1.242694
          ],
          [
            36.809747,
            -1.242677
          ]
        ]
      }
    },
    {
      "type": "Feature",
      "properties": {
        "contig_id": 426,
        "length_m": 99.378,
        "segment_count": 5,
        "way_names": [
          "Mukeu Trail"
        ],
        "way_ids": [
          280717984
        ],
        "endpoint_node_ids": [
          13128031313,
          13845622417
        ],
        "node_ids": [
          13128031313,
          2847798072,
          2847798933,
          2847798932,
          2847798931,
          13845622417
        ],
        "tags": {
          "local:boundary_refs": "w24040003",
          "local:boundary_zone": "core"
        },
        "elevations_m": [
          1705.0,
          1705.0,
          1705.0,
          1705.0,
          1704.0,
          1704.0
        ]
      },
      "geometry": {
        "type": "LineString",
        "coordinates": [
          [
            36.809381,
            -1.246914
          ],
          [
            36.809331,
            -1.246969
          ],
          [
            36.80927,
            -1.247004
          ],
          [
            36.809127,
            -1.24702
          ],
          [
            36.808649,
            -1.247177
          ],
          [
            36.808549,
            -1.247202
          ]
        ]
      }
    },
    {
      "type": "Feature",
      "properties": {
        "contig_id": 427,
        "length_m": 16.548,
        "segment_count": 2,
        "way_names": [
          "Mukeu Trail"
        ],
        "way_ids": [
          280717984
        ],
        "endpoint_node_ids": [
          13128031313,
          13845622410
        ],
        "node_ids": [
          13128031313,
          2847798934,
          13845622410
        ],
        "tags": {
          "local:boundary_refs": "w24040003",
          "local:boundary_zone": "core"
        },
        "elevations_m": [
          1705.0,
          1705.0,
          1704.0
        ]
      },
      "geometry": {
        "type": "LineString",
        "coordinates": [
          [
            36.809381,
            -1.246914
          ],
          [
            36.809404,
            -1.246889
          ],
          [
            36.809431,
            -1.246778
          ]
        ]
      }
    },
    {
      "type": "Feature",
      "properties": {
        "contig_id": 428,
        "length_m": 10.016,
        "segment_count": 1,
        "way_names": [],
        "way_ids": [
          1427968754
        ],
        "endpoint_node_ids": [
          13128031313,
          13845622416
        ],
        "node_ids": [
          13128031313,
          13845622416
        ],
        "tags": {
          "local:boundary_refs": "w24040003",
          "local:boundary_zone": "core"
        },
        "elevations_m": [
          1705.0,
          1705.0
        ]
      },
      "geometry": {
        "type": "LineString",
        "coordinates": [
          [
            36.809381,
            -1.246914
          ],
          [
            36.809458,
            -1.246961
          ]
        ]
      }
    },
    {
      "type": "Feature",
      "properties": {
        "contig_id": 456,
        "length_m": 28.264,
        "segment_count": 1,
        "way_names": [],
        "way_ids": [
          1516388843
        ],
        "endpoint_node_ids": [
          13845560500,
          13845622309
        ],
        "node_ids": [
          13845560500,
          13845622309
        ],
        "tags": {
          "local:boundary_refs": "w24040003",
          "local:boundary_zone": "core"
        },
        "elevations_m": [
          1728.0,
          1726.0
        ]
      },
      "geometry": {
        "type": "LineString",
        "coordinates": [
          [
            36.798407,
            -1.244738
          ],
          [
            36.798521,
            -1.244511
          ]
        ]
      }
    },
    {
      "type": "Feature",
      "properties": {
        "contig_id": 457,
        "length_m": 27.712,
        "segment_count": 1,
        "way_names": [],
        "way_ids": [
          1516388843
        ],
        "endpoint_node_ids": [
          13845622301,
          13845622309
        ],
        "node_ids": [
          13845622301,
          13845622309
        ],
        "tags": {
          "local:boundary_refs": "w24040003",
          "local:boundary_zone": "core"
        },
        "elevations_m": [
          1724.0,
          1726.0
        ]
      },
      "geometry": {
        "type": "LineString",
        "coordinates": [
          [
            36.798633,
            -1.244288
          ],
          [
            36.798521,
            -1.244511
          ]
        ]
      }
    },
    {
      "type": "Feature",
      "properties": {
        "contig_id": 458,
        "length_m": 208.136,
        "segment_count": 7,
        "way_names": [],
        "way_ids": [
          1516388844
        ],
        "endpoint_node_ids": [
          13845622302,
          13845622309
        ],
        "node_ids": [
          13845622302,
          13845622303,
          13845622304,
          13845622305,
          13845622306,
          13845622307,
          13845622308,
          13845622309
        ],
        "tags": {
          "local:boundary_refs": "w24040003",
          "local:boundary_zone": "core"
        },
        "elevations_m": [
          1721.0,
          1722.0,
          1723.0,
          1724.0,
          1724.0,
          1724.0,
          1724.0,
          1726.0
        ]
      },
      "geometry": {
        "type": "LineString",
        "coordinates": [
          [
            36.797671,
            -1.243078
          ],
          [
            36.797624,
            -1.243634
          ],
          [
            36.797732,
            -1.243901
          ],
          [
            36.79782,
            -1.244026
          ],
          [
            36.798004,
            -1.244213
          ],
          [
            36.798175,
            -1.244275
          ],
          [
            36.798308,
            -1.24442
          ],
          [
            36.798521,
            -1.244511
          ]
        ]
      }
    },
    {
      "type": "Feature",
      "properties": {
        "contig_id": 459,
        "length_m": 143.189,
        "segment_count": 5,
        "way_names": [],
        "way_ids": [
          1516388847
        ],
        "endpoint_node_ids": [
          13845622362,
          13845622366
        ],
        "node_ids": [
          13845622362,
          13845622367,
          13845622363,
          13845622364,
          13845622365,
          13845622366
        ],
        "tags": {
          "local:boundary_refs": "w24040003",
          "local:boundary_zone": "core"
        },
        "elevations_m": [
          1704.0,
          1702.0,
          1699.0,
          1697.0,
          1697.0,
          1701.0
        ]
      },
      "geometry": {
        "type": "LineString",
        "coordinates": [
          [
            36.80949,
            -1.242411
          ],
          [
            36.809664,
            -1.242369
          ],
          [
            36.809829,
            -1.242366
          ],
          [
            36.810136,
            -1.242307
          ],
          [
            36.81043,
            -1.24222
          ],
          [
            36.81068,
            -1.242428
          ]
        ]
      }
    },
    {
      "type": "Feature",
      "properties": {
        "contig_id": 460,
        "length_m": 41.101,
        "segment_count": 1,
        "way_names": [],
        "way_ids": [
          1516388846
        ],
        "endpoint_node_ids": [
          13845622362,
          13845622369
        ],
        "node_ids": [
          13845622362,
          13845622369
        ],
        "tags": {
          "local:boundary_refs": "w24040003",
          "local:boundary_zone": "core"
        },
        "elevations_m": [
          1704.0,
          1703.0
        ]
      },
      "geometry": {
        "type": "LineString",
        "coordinates": [
          [
            36.80949,
            -1.242411
          ],
          [
            36.809747,
            -1.242677
          ]
        ]
      }
    },
    {
      "type": "Feature",
      "properties": {
        "contig_id": 461,
        "length_m": 215.078,
        "segment_count": 6,
        "way_names": [],
        "way_ids": [
          1516388851
        ],
        "endpoint_node_ids": [
          13845622366,
          13845622395
        ],
        "node_ids": [
          13845622366,
          13845622390,
          13845622391,
          13845622392,
          13845622393,
          13845622394,
          13845622395
        ],
        "tags": {
          "local:boundary_refs": "w24040003",
          "local:boundary_zone": "core"
        },
        "elevations_m": [
          1701.0,
          1704.0,
          1706.0,
          1707.0,
          1708.0,
          1708.0,
          1706.0
        ]
      },
      "geometry": {
        "type": "LineString",
        "coordinates": [
          [
            36.81068,
            -1.242428
          ],
          [
            36.810317,
            -1.242698
          ],
          [
            36.810256,
            -1.243011
          ],
          [
            36.810305,
            -1.243203
          ],
          [
            36.810418,
            -1.243377
          ],
          [
            36.810443,
            -1.243815
          ],
          [
            36.810337,
            -1.244116
          ]
        ]
      }
    },
    {
      "type": "Feature",
      "properties": {
        "contig_id": 462,
        "length_m": 240.964,
        "segment_count": 5,
        "way_names": [],
        "way_ids": [
          755810767,
          1516388845
        ],
        "endpoint_node_ids": [
          13845622368,
          13845622389
        ],
        "node_ids": [
          13845622368,
          7059335497,
          7059335496,
          7059335495,
          7059335494,
          13845622389
        ],
        "tags": {
          "local:boundary_refs": "w24040003",
          "local:boundary_zone": "core"
        },
        "elevations_m": [
          1729.0,
          1728.0,
          1732.0,
          1732.0,
          1735.0,
          1736.0
        ]
      },
      "geometry": {
        "type": "LineString",
        "coordinates": [
          [
            36.797408,
            -1.237016
          ],
          [
            36.797259,
            -1.23718
          ],
          [
            36.797006,
            -1.237562
          ],
          [
            36.797017,
            -1.237892
          ],
          [
            36.796605,
            -1.238543
          ],
          [
            36.79638,
            -1.238857
          ]
        ]
      }
    },
    {
      "type": "Feature",
      "properties": {
        "contig_id": 463,
        "length_m": 24.332,
        "segment_count": 1,
        "way_names": [],
        "way_ids": [
          1516388848
        ],
        "endpoint_node_ids": [
          13845622380,
          13845622381
        ],
        "node_ids": [
          13845622380,
          13845622381
        ],
        "tags": {
          "local:boundary_refs": "w24040003",
          "local:boundary_zone": "core"
        },
        "elevations_m": [
          1736.0,
          1735.0
        ]
      },
      "geometry": {
        "type": "LineString",
        "coordinates": [
          [
            36.795628,
            -1.240564
          ],
          [
            36.795728,
            -1.240369
          ]
        ]
      }
    },
    {
      "type": "Feature",
      "properties": {
        "contig_id": 464,
        "length_m": 388.131,
        "segment_count": 15,
        "way_names": [],
        "way_ids": [
          1516388851
        ],
        "endpoint_node_ids": [
          13845622395,
          13845622410
        ],
        "node_ids": [
          13845622395,
          13845622396,
          13845622397,
          13845622398,
          13845622399,
          13845622400,
          13845622401,
          13845622402,
          13845622403,
          13845622404,
          13845622405,
          13845622406,
          13845622407,
          13845622408,
          13845622409,
          13845622410
        ],
        "tags": {
          "local:boundary_refs": "w24040003",
          "local:boundary_zone": "core"
        },
        "elevations_m": [
          1706.0,
          1706.0,
          1705.0,
          1705.0,
          1704.0,
          1703.0,
          1700.0,
          1700.0,
          1701.0,
          1703.0,
          1705.0,
          1706.0,
          1704.0,
          1704.0,
          1705.0,
          1704.0
        ]
      },
      "geometry": {
        "type": "LineString",
        "coordinates": [
          [
            36.810337,
            -1.244116
          ],
          [
            36.810571,
            -1.244158
          ],
          [
            36.810534,
            -1.244343
          ],
          [
            36.81034,
            -1.244466
          ],
          [
            36.810403,
            -1.244796
          ],
          [
            36.810327,
            -1.244999
          ],
          [
            36.810392,
            -1.245244
          ],
          [
            36.810281,
            -1.245473
          ],
          [
            36.810322,
            -1.24583
          ],
          [
            36.810278,
            -1.246001
          ],
          [
            36.810128,
            -1.24609
          ],
          [
            36.809963,
            -1.246292
          ],
          [
            36.809771,
            -1.246369
          ],
          [
            36.80971,
            -1.246579
          ],
          [
            36.809591,
            -1.24676
          ],
          [
            36.809431,
            -1.246778
          ]
        ]
      }
    },
    {
      "type": "Feature",
      "properties": {
        "contig_id": 465,
        "length_m": 120.104,
        "segment_count": 4,
        "way_names": [],
        "way_ids": [
          1516388853
        ],
        "endpoint_node_ids": [
          13845622412,
          13845622416
        ],
        "node_ids": [
          13845622412,
          13845622413,
          13845622414,
          13845622415,
          13845622416
        ],
        "tags": {
          "local:boundary_refs": "w24040003",
          "local:boundary_zone": "core"
        },
        "elevations_m": [
          1701.0,
          1702.0,
          1702.0,
          1705.0,
          1705.0
        ]
      },
      "geometry": {
        "type": "LineString",
        "coordinates": [
          [
            36.808715,
            -1.247485
          ],
          [
            36.809006,
            -1.247469
          ],
          [
            36.809184,
            -1.247501
          ],
          [
            36.809342,
            -1.247238
          ],
          [
            36.809458,
            -1.246961
          ]
        ]
      }
    },
    {
      "type": "Feature",
      "properties": {
        "contig_id": 466,
        "length_m": 36.374,
        "segment_count": 1,
        "way_names": [],
        "way_ids": [
          1516388854
        ],
        "endpoint_node_ids": [
          13845622412,
          13845622417
        ],
        "node_ids": [
          13845622412,
          13845622417
        ],
        "tags": {
          "local:boundary_refs": "w24040003",
          "local:boundary_zone": "core"
        },
        "elevations_m": [
          1701.0,
          1704.0
        ]
      },
      "geometry": {
        "type": "LineString",
        "coordinates": [
          [
            36.808715,
            -1.247485
          ],
          [
            36.808549,
            -1.247202
          ]
        ]
      }
    },
    {
      "type": "Feature",
      "properties": {
        "contig_id": 467,
        "length_m": 273.797,
        "segment_count": 6,
        "way_names": [],
        "way_ids": [
          1516388864
        ],
        "endpoint_node_ids": [
          13845622496,
          13845622502
        ],
        "node_ids": [
          13845622496,
          13845622497,
          13845622498,
          13845622499,
          13845622500,
          13845622501,
          13845622502
        ],
        "tags": {
          "local:boundary_refs": "w24040003",
          "local:boundary_zone": "core"
        },
        "elevations_m": [
          1737.0,
          1733.0,
          1731.0,
          1733.0,
          1733.0,
          1735.0,
          1736.0
        ]
      },
      "geometry": {
        "type": "LineString",
        "coordinates": [
          [
            36.794453,
            -1.242623
          ],
          [
            36.794186,
            -1.24257
          ],
          [
            36.794177,
            -1.242409
          ],
          [
            36.794466,
            -1.241902
          ],
          [
            36.794762,
            -1.241374
          ],
          [
            36.795034,
            -1.240825
          ],
          [
            36.79522,
            -1.240693
          ]
        ]
      }
    },
    {
      "type": "Feature",
      "properties": {
        "contig_id": 468,
        "length_m": 231.422,
        "segment_count": 6,
        "way_names": [],
        "way_ids": [
          1516388865
        ],
        "endpoint_node_ids": [
          13845622496,
          13845622508
        ],
        "node_ids": [
          13845622496,
          13845622503,
          13845622504,
          13845622505,
          13845622506,
          13845622507,
          13845622508
        ],
        "tags": {
          "local:boundary_refs": "w24040003",
          "local:boundary_zone": "core"
        },
        "elevations_m": [
          1737.0,
          1736.0,
          1735.0,
          1735.0,
          1733.0,
          1733.0,
          1738.0
        ]
      },
      "geometry": {
        "type": "LineString",
        "coordinates": [
          [
            36.794453,
            -1.242623
          ],
          [
            36.794489,
            -1.242427
          ],
          [
            36.794645,
            -1.242169
          ],
          [
            36.79482,
            -1.241923
          ],
          [
            36.79483,
            -1.241705
          ],
          [
            36.795035,
            -1.241316
          ],
          [
            36.795386,
            -1.240805
          ]
        ]
      }
    }
  ]
}
