{
  "type": "FeatureCollection",
  "meta": {
    "graph_asset_id": "karura-contigs-ride-from-karura-map-patched-from-karura-map-r13626194-r15417497-w24040003-20260518T180127799396Z-karura-map-patches-v1-749f0e98b5c5",
    "asset_kind": "contig_graph",
    "source_path": "data/karura_contigs.json"
  },
  "features": [
    {
      "type": "Feature",
      "properties": {
        "contig_id": 1,
        "length_m": 568.873,
        "segment_count": 4,
        "way_names": [
          "Kiambu Road"
        ],
        "way_ids": [
          643633767
        ],
        "endpoint_node_ids": [
          260566258,
          6369379443
        ],
        "node_ids": [
          260566258,
          260566259,
          260566260,
          747730075,
          6369379443
        ],
        "tags": {
          "local:boundary_refs": "r13626194",
          "local:boundary_zone": "buffer",
          "local:routing_state": "exclude"
        },
        "elevations_m": [
          1634.0,
          1645.0,
          1655.0,
          1654.0,
          1653.0
        ]
      },
      "geometry": {
        "type": "LineString",
        "coordinates": [
          [
            36.843783,
            -1.255353
          ],
          [
            36.844874,
            -1.25337
          ],
          [
            36.846123,
            -1.251167
          ],
          [
            36.846224,
            -1.250981
          ],
          [
            36.846279,
            -1.250887
          ]
        ]
      }
    },
    {
      "type": "Feature",
      "properties": {
        "contig_id": 2,
        "length_m": 1062.515,
        "segment_count": 29,
        "way_names": [
          "Kiambu Road"
        ],
        "way_ids": [
          643633767
        ],
        "endpoint_node_ids": [
          260566274,
          6159125526
        ],
        "node_ids": [
          260566274,
          280251075,
          8548505464,
          260566275,
          9625715420,
          8548507817,
          6159125518,
          9436447707,
          13112223808,
          13112223812,
          2350044401,
          260566276,
          6159125519,
          260566277,
          6159125520,
          6159125521,
          260566278,
          6159125522,
          260566279,
          6159125523,
          6159125524,
          260566280,
          6159125525,
          2350044075,
          260566281,
          8548474331,
          500125440,
          7716741677,
          260566282,
          6159125526
        ],
        "tags": {
          "local:boundary_refs": "r13626194",
          "local:boundary_zone": "buffer"
        },
        "elevations_m": [
          1671.0,
          1664.0,
          1652.0,
          1652.0,
          1652.0,
          1652.0,
          1652.0,
          1652.0,
          1650.0,
          1648.0,
          1647.0,
          1658.0,
          1658.0,
          1660.0,
          1663.0,
          1665.0,
          1666.0,
          1668.0,
          1669.0,
          1668.0,
          1667.0,
          1666.0,
          1666.0,
          1666.0,
          1666.0,
          1666.0,
          1666.0,
          1665.0,
          1666.0,
          1668.0
        ]
      },
      "geometry": {
        "type": "LineString",
        "coordinates": [
          [
            36.844104,
            -1.239296
          ],
          [
            36.843974,
            -1.238186
          ],
          [
            36.843855,
            -1.237046
          ],
          [
            36.843826,
            -1.236775
          ],
          [
            36.843798,
            -1.236536
          ],
          [
            36.843793,
            -1.236499
          ],
          [
            36.843777,
            -1.23636
          ],
          [
            36.84376,
            -1.236215
          ],
          [
            36.843726,
            -1.235881
          ],
          [
            36.843704,
            -1.235559
          ],
          [
            36.843554,
            -1.234246
          ],
          [
            36.843447,
            -1.233266
          ],
          [
            36.843413,
            -1.233008
          ],
          [
            36.84339,
            -1.232869
          ],
          [
            36.843341,
            -1.232664
          ],
          [
            36.843298,
            -1.232525
          ],
          [
            36.843268,
            -1.232436
          ],
          [
            36.843208,
            -1.232294
          ],
          [
            36.843129,
            -1.232145
          ],
          [
            36.84298,
            -1.231888
          ],
          [
            36.842901,
            -1.231789
          ],
          [
            36.84282,
            -1.231692
          ],
          [
            36.842692,
            -1.231551
          ],
          [
            36.842607,
            -1.231456
          ],
          [
            36.842414,
            -1.231284
          ],
          [
            36.842387,
            -1.23126
          ],
          [
            36.842333,
            -1.231205
          ],
          [
            36.842009,
            -1.230894
          ],
          [
            36.841875,
            -1.230762
          ],
          [
            36.841578,
            -1.230438
          ]
        ]
      }
    },
    {
      "type": "Feature",
      "properties": {
        "contig_id": 3,
        "length_m": 72.93,
        "segment_count": 1,
        "way_names": [
          "Kiambu Road"
        ],
        "way_ids": [
          643633767
        ],
        "endpoint_node_ids": [
          260566274,
          2475596947
        ],
        "node_ids": [
          260566274,
          2475596947
        ],
        "tags": {
          "local:boundary_refs": "r13626194",
          "local:boundary_zone": "buffer",
          "local:routing_state": "exclude"
        },
        "elevations_m": [
          1671.0,
          1667.0
        ]
      },
      "geometry": {
        "type": "LineString",
        "coordinates": [
          [
            36.844104,
            -1.239296
          ],
          [
            36.844146,
            -1.23995
          ]
        ]
      }
    },
    {
      "type": "Feature",
      "properties": {
        "contig_id": 4,
        "length_m": 112.471,
        "segment_count": 6,
        "way_names": [
          "Old Kiambu Road"
        ],
        "way_ids": [
          320506389
        ],
        "endpoint_node_ids": [
          271139897,
          12339849321
        ],
        "node_ids": [
          271139897,
          8527118180,
          8527118179,
          8527118181,
          271139898,
          12339849322,
          12339849321
        ],
        "tags": {
          "local:boundary_refs": "r13626194",
          "local:boundary_zone": "buffer"
        },
        "elevations_m": [
          1632.0,
          1631.0,
          1631.0,
          1632.0,
          1633.0,
          1634.0,
          1637.0
        ]
      },
      "geometry": {
        "type": "LineString",
        "coordinates": [
          [
            36.843559,
            -1.254011
          ],
          [
            36.843632,
            -1.253818
          ],
          [
            36.843646,
            -1.253752
          ],
          [
            36.843651,
            -1.253664
          ],
          [
            36.843636,
            -1.253515
          ],
          [
            36.843598,
            -1.253334
          ],
          [
            36.843547,
            -1.253023
          ]
        ]
      }
    },
    {
      "type": "Feature",
      "properties": {
        "contig_id": 5,
        "length_m": 143.222,
        "segment_count": 3,
        "way_names": [
          "Thigiri Close"
        ],
        "way_ids": [
          24025000
        ],
        "endpoint_node_ids": [
          271325679,
          828458426
        ],
        "node_ids": [
          271325679,
          12397324789,
          6351598650,
          828458426
        ],
        "tags": {
          "local:boundary_refs": "w24040003",
          "local:boundary_zone": "buffer"
        },
        "elevations_m": [
          1734.0,
          1731.0,
          1730.0,
          1731.0
        ]
      },
      "geometry": {
        "type": "LineString",
        "coordinates": [
          [
            36.794832,
            -1.238482
          ],
          [
            36.795405,
            -1.238816
          ],
          [
            36.795848,
            -1.239083
          ],
          [
            36.795941,
            -1.239137
          ]
        ]
      }
    },
    {
      "type": "Feature",
      "properties": {
        "contig_id": 6,
        "length_m": 6.629,
        "segment_count": 1,
        "way_names": [
          "KFEET Track"
        ],
        "way_ids": [
          60200207
        ],
        "endpoint_node_ids": [
          271326706,
          2068386670
        ],
        "node_ids": [
          271326706,
          2068386670
        ],
        "tags": {
          "local:boundary_refs": "r15417497",
          "local:boundary_zone": "core"
        },
        "elevations_m": [
          1688.0,
          1688.0
        ]
      },
      "geometry": {
        "type": "LineString",
        "coordinates": [
          [
            36.819081,
            -1.240879
          ],
          [
            36.819101,
            -1.240823
          ]
        ]
      }
    },
    {
      "type": "Feature",
      "properties": {
        "contig_id": 7,
        "length_m": 36.015,
        "segment_count": 1,
        "way_names": [
          "KFEET Track"
        ],
        "way_ids": [
          60200207
        ],
        "endpoint_node_ids": [
          271326706,
          2847941648
        ],
        "node_ids": [
          271326706,
          2847941648
        ],
        "tags": {
          "local:boundary_refs": "r13626194,r15417497",
          "local:boundary_zone": "buffer"
        },
        "elevations_m": [
          1688.0,
          1690.0
        ]
      },
      "geometry": {
        "type": "LineString",
        "coordinates": [
          [
            36.819081,
            -1.240879
          ],
          [
            36.818831,
            -1.241085
          ]
        ]
      }
    },
    {
      "type": "Feature",
      "properties": {
        "contig_id": 8,
        "length_m": 197.995,
        "segment_count": 6,
        "way_names": [],
        "way_ids": [
          431217470
        ],
        "endpoint_node_ids": [
          271326706,
          4304615715
        ],
        "node_ids": [
          271326706,
          11952125950,
          4304615714,
          4304615717,
          4304615712,
          4304615713,
          4304615715
        ],
        "tags": {
          "local:boundary_refs": "r15417497",
          "local:boundary_zone": "core"
        },
        "elevations_m": [
          1688.0,
          1689.0,
          1689.0,
          1689.0,
          1687.0,
          1689.0,
          1691.0
        ]
      },
      "geometry": {
        "type": "LineString",
        "coordinates": [
          [
            36.819081,
            -1.240879
          ],
          [
            36.819161,
            -1.240928
          ],
          [
            36.819233,
            -1.240994
          ],
          [
            36.819451,
            -1.241141
          ],
          [
            36.819689,
            -1.241394
          ],
          [
            36.819904,
            -1.241677
          ],
          [
            36.820371,
            -1.24209
          ]
        ]
      }
    },
    {
      "type": "Feature",
      "properties": {
        "contig_id": 9,
        "length_m": 261.452,
        "segment_count": 10,
        "way_names": [],
        "way_ids": [
          196510835
        ],
        "endpoint_node_ids": [
          271326712,
          2068386670
        ],
        "node_ids": [
          271326712,
          271326711,
          2068386629,
          2068386635,
          271326710,
          2847824142,
          271326709,
          271326708,
          271326707,
          2068386667,
          2068386670
        ],
        "tags": {
          "local:boundary_refs": "r15417497",
          "local:boundary_zone": "core"
        },
        "elevations_m": [
          1695.0,
          1692.0,
          1692.0,
          1691.0,
          1689.0,
          1688.0,
          1689.0,
          1686.0,
          1687.0,
          1688.0,
          1688.0
        ]
      },
      "geometry": {
        "type": "LineString",
        "coordinates": [
          [
            36.819348,
            -1.238606
          ],
          [
            36.819504,
            -1.238972
          ],
          [
            36.819528,
            -1.239093
          ],
          [
            36.819534,
            -1.239217
          ],
          [
            36.819506,
            -1.239438
          ],
          [
            36.819483,
            -1.239601
          ],
          [
            36.819435,
            -1.239955
          ],
          [
            36.819348,
            -1.240252
          ],
          [
            36.819235,
            -1.240654
          ],
          [
            36.819184,
            -1.240789
          ],
          [
            36.819101,
            -1.240823
          ]
        ]
      }
    },
    {
      "type": "Feature",
      "properties": {
        "contig_id": 10,
        "length_m": 28.14,
        "segment_count": 2,
        "way_names": [],
        "way_ids": [
          196510835
        ],
        "endpoint_node_ids": [
          271326712,
          747730080
        ],
        "node_ids": [
          271326712,
          2068386608,
          747730080
        ],
        "tags": {
          "local:boundary_refs": "r15417497",
          "local:boundary_zone": "core"
        },
        "elevations_m": [
          1695.0,
          1696.0,
          1696.0
        ]
      },
      "geometry": {
        "type": "LineString",
        "coordinates": [
          [
            36.819348,
            -1.238606
          ],
          [
            36.819347,
            -1.238509
          ],
          [
            36.819383,
            -1.238357
          ]
        ]
      }
    },
    {
      "type": "Feature",
      "properties": {
        "contig_id": 11,
        "length_m": 400.024,
        "segment_count": 13,
        "way_names": [],
        "way_ids": [
          1504844701
        ],
        "endpoint_node_ids": [
          271326712,
          9923907622
        ],
        "node_ids": [
          271326712,
          13769413444,
          13769413445,
          13769413446,
          13769413447,
          13769413448,
          13769413449,
          13769413450,
          13769413451,
          13769413452,
          13769413453,
          13769413454,
          13769413455,
          9923907622
        ],
        "tags": {
          "local:boundary_refs": "r15417497",
          "local:boundary_zone": "core"
        },
        "elevations_m": [
          1695.0,
          1697.0,
          1698.0,
          1698.0,
          1698.0,
          1698.0,
          1697.0,
          1697.0,
          1700.0,
          1704.0,
          1706.0,
          1706.0,
          1705.0,
          1705.0
        ]
      },
      "geometry": {
        "type": "LineString",
        "coordinates": [
          [
            36.819348,
            -1.238606
          ],
          [
            36.819246,
            -1.238453
          ],
          [
            36.81922,
            -1.23826
          ],
          [
            36.819256,
            -1.238022
          ],
          [
            36.819382,
            -1.237834
          ],
          [
            36.819514,
            -1.237551
          ],
          [
            36.819647,
            -1.237317
          ],
          [
            36.819642,
            -1.237083
          ],
          [
            36.81995,
            -1.236693
          ],
          [
            36.820178,
            -1.236111
          ],
          [
            36.820395,
            -1.235782
          ],
          [
            36.820385,
            -1.235645
          ],
          [
            36.820476,
            -1.235574
          ],
          [
            36.82046,
            -1.235408
          ]
        ]
      }
    },
    {
      "type": "Feature",
      "properties": {
        "contig_id": 12,
        "length_m": 19.045,
        "segment_count": 2,
        "way_names": [],
        "way_ids": [
          280734301
        ],
        "endpoint_node_ids": [
          271326718,
          2847941622
        ],
        "node_ids": [
          271326718,
          8231754957,
          2847941622
        ],
        "tags": {
          "local:boundary_refs": "r15417497",
          "local:boundary_zone": "buffer"
        },
        "elevations_m": [
          1691.0,
          1690.0,
          1690.0
        ]
      },
      "geometry": {
        "type": "LineString",
        "coordinates": [
          [
            36.817516,
            -1.238155
          ],
          [
            36.817577,
            -1.238251
          ],
          [
            36.817607,
            -1.2383
          ]
        ]
      }
    },
    {
      "type": "Feature",
      "properties": {
        "contig_id": 13,
        "length_m": 22.588,
        "segment_count": 1,
        "way_names": [
          "Tara Path"
        ],
        "way_ids": [
          1332841838
        ],
        "endpoint_node_ids": [
          272328863,
          272329805
        ],
        "node_ids": [
          272328863,
          272329805
        ],
        "tags": {
          "local:boundary_refs": "r13626194",
          "local:boundary_zone": "buffer"
        },
        "elevations_m": [
          1672.0,
          1675.0
        ]
      },
      "geometry": {
        "type": "LineString",
        "coordinates": [
          [
            36.840346,
            -1.230989
          ],
          [
            36.840378,
            -1.23119
          ]
        ]
      }
    },
    {
      "type": "Feature",
      "properties": {
        "contig_id": 14,
        "length_m": 58.945,
        "segment_count": 1,
        "way_names": [
          "Tara Path"
        ],
        "way_ids": [
          1332841838
        ],
        "endpoint_node_ids": [
          272329805,
          2847949705
        ],
        "node_ids": [
          272329805,
          2847949705
        ],
        "tags": {
          "local:boundary_refs": "r13626194",
          "local:boundary_zone": "buffer",
          "local:routing_state": "exclude"
        },
        "elevations_m": [
          1675.0,
          1678.0
        ]
      },
      "geometry": {
        "type": "LineString",
        "coordinates": [
          [
            36.840378,
            -1.23119
          ],
          [
            36.840414,
            -1.231719
          ]
        ]
      }
    },
    {
      "type": "Feature",
      "properties": {
        "contig_id": 15,
        "length_m": 57.467,
        "segment_count": 3,
        "way_names": [],
        "way_ids": [
          524757969
        ],
        "endpoint_node_ids": [
          281376836,
          281376839
        ],
        "node_ids": [
          281376836,
          281376837,
          281377328,
          281376839
        ],
        "tags": {
          "local:boundary_refs": "r13626194",
          "local:boundary_zone": "core",
          "local:routing_state": "exclude"
        },
        "elevations_m": [
          1645.0,
          1647.0,
          1649.0,
          1649.0
        ]
      },
      "geometry": {
        "type": "LineString",
        "coordinates": [
          [
            36.855668,
            -1.248785
          ],
          [
            36.855522,
            -1.248811
          ],
          [
            36.855359,
            -1.248768
          ],
          [
            36.855187,
            -1.248665
          ]
        ]
      }
    },
    {
      "type": "Feature",
      "properties": {
        "contig_id": 16,
        "length_m": 20.488,
        "segment_count": 1,
        "way_names": [],
        "way_ids": [
          524757969
        ],
        "endpoint_node_ids": [
          281376836,
          281377327
        ],
        "node_ids": [
          281376836,
          281377327
        ],
        "tags": {
          "local:boundary_refs": "r13626194",
          "local:boundary_zone": "buffer",
          "local:routing_state": "exclude"
        },
        "elevations_m": [
          1645.0,
          1642.0
        ]
      },
      "geometry": {
        "type": "LineString",
        "coordinates": [
          [
            36.855668,
            -1.248785
          ],
          [
            36.855831,
            -1.248699
          ]
        ]
      }
    },
    {
      "type": "Feature",
      "properties": {
        "contig_id": 17,
        "length_m": 30.401,
        "segment_count": 3,
        "way_names": [],
        "way_ids": [
          25796477
        ],
        "endpoint_node_ids": [
          281376839,
          281377363
        ],
        "node_ids": [
          281376839,
          281377365,
          281377364,
          281377363
        ],
        "tags": {
          "local:boundary_refs": "r13626194",
          "local:boundary_zone": "core",
          "local:routing_state": "exclude"
        },
        "elevations_m": [
          1649.0,
          1649.0,
          1649.0,
          1647.0
        ]
      },
      "geometry": {
        "type": "LineString",
        "coordinates": [
          [
            36.855187,
            -1.248665
          ],
          [
            36.855264,
            -1.248665
          ],
          [
            36.85529,
            -1.248613
          ],
          [
            36.855238,
            -1.248484
          ]
        ]
      }
    },
    {
      "type": "Feature",
      "properties": {
        "contig_id": 18,
        "length_m": 123.593,
        "segment_count": 9,
        "way_names": [],
        "way_ids": [
          25796477
        ],
        "endpoint_node_ids": [
          281376839,
          281377375
        ],
        "node_ids": [
          281376839,
          281377367,
          281377368,
          281377369,
          281377370,
          281377371,
          281377372,
          281377373,
          281377374,
          281377375
        ],
        "tags": {
          "local:boundary_refs": "r13626194",
          "local:boundary_zone": "core",
          "local:routing_state": "exclude"
        },
        "elevations_m": [
          1649.0,
          1647.0,
          1645.0,
          1643.0,
          1643.0,
          1643.0,
          1644.0,
          1644.0,
          1642.0,
          1640.0
        ]
      },
      "geometry": {
        "type": "LineString",
        "coordinates": [
          [
            36.855187,
            -1.248665
          ],
          [
            36.855118,
            -1.24857
          ],
          [
            36.855092,
            -1.248442
          ],
          [
            36.855007,
            -1.248347
          ],
          [
            36.854895,
            -1.248304
          ],
          [
            36.854749,
            -1.248347
          ],
          [
            36.854638,
            -1.248339
          ],
          [
            36.85456,
            -1.248236
          ],
          [
            36.854595,
            -1.248133
          ],
          [
            36.854698,
            -1.248081
          ]
        ]
      }
    },
    {
      "type": "Feature",
      "properties": {
        "contig_id": 19,
        "length_m": 144.638,
        "segment_count": 4,
        "way_names": [],
        "way_ids": [
          25796448
        ],
        "endpoint_node_ids": [
          281377321,
          5106127684
        ],
        "node_ids": [
          281377321,
          281376822,
          281376821,
          281377320,
          5106127684
        ],
        "tags": {
          "local:boundary_refs": "r13626194",
          "local:boundary_zone": "buffer"
        },
        "elevations_m": [
          1635.0,
          1635.0,
          1635.0,
          1635.0,
          1636.0
        ]
      },
      "geometry": {
        "type": "LineString",
        "coordinates": [
          [
            36.857135,
            -1.247858
          ],
          [
            36.857238,
            -1.247781
          ],
          [
            36.857307,
            -1.247686
          ],
          [
            36.85741,
            -1.247601
          ],
          [
            36.858255,
            -1.247234
          ]
        ]
      }
    },
    {
      "type": "Feature",
      "properties": {
        "contig_id": 20,
        "length_m": 56.727,
        "segment_count": 4,
        "way_names": [],
        "way_ids": [
          25796448
        ],
        "endpoint_node_ids": [
          281377321,
          281377324
        ],
        "node_ids": [
          281377321,
          281377322,
          281376825,
          281377323,
          281377324
        ],
        "tags": {
          "local:boundary_refs": "r13626194",
          "local:boundary_zone": "core"
        },
        "elevations_m": [
          1635.0,
          1635.0,
          1636.0,
          1636.0,
          1637.0
        ]
      },
      "geometry": {
        "type": "LineString",
        "coordinates": [
          [
            36.857135,
            -1.247858
          ],
          [
            36.857015,
            -1.247893
          ],
          [
            36.856912,
            -1.247918
          ],
          [
            36.856775,
            -1.24791
          ],
          [
            36.856637,
            -1.247944
          ]
        ]
      }
    },
    {
      "type": "Feature",
      "properties": {
        "contig_id": 21,
        "length_m": 67.986,
        "segment_count": 4,
        "way_names": [],
        "way_ids": [
          25796448,
          524757969
        ],
        "endpoint_node_ids": [
          281377324,
          12357729141
        ],
        "node_ids": [
          281377324,
          281376828,
          281376830,
          281376832,
          12357729141
        ],
        "tags": {
          "local:boundary_refs": "r13626194",
          "local:boundary_zone": "buffer"
        },
        "elevations_m": [
          1637.0,
          1637.0,
          1636.0,
          1635.0,
          1636.0
        ]
      },
      "geometry": {
        "type": "LineString",
        "coordinates": [
          [
            36.856637,
            -1.247944
          ],
          [
            36.85644,
            -1.248013
          ],
          [
            36.856268,
            -1.248067
          ],
          [
            36.856154,
            -1.248127
          ],
          [
            36.856125,
            -1.248216
          ]
        ]
      }
    },
    {
      "type": "Feature",
      "properties": {
        "contig_id": 22,
        "length_m": 64.733,
        "segment_count": 5,
        "way_names": [],
        "way_ids": [
          524757969
        ],
        "endpoint_node_ids": [
          281377327,
          12357729141
        ],
        "node_ids": [
          281377327,
          281376834,
          12357729132,
          281377326,
          12357729134,
          12357729141
        ],
        "tags": {
          "local:boundary_refs": "r13626194",
          "local:boundary_zone": "buffer"
        },
        "elevations_m": [
          1642.0,
          1640.0,
          1640.0,
          1639.0,
          1637.0,
          1636.0
        ]
      },
      "geometry": {
        "type": "LineString",
        "coordinates": [
          [
            36.855831,
            -1.248699
          ],
          [
            36.855951,
            -1.248596
          ],
          [
            36.855979,
            -1.248558
          ],
          [
            36.856045,
            -1.248467
          ],
          [
            36.856085,
            -1.248343
          ],
          [
            36.856125,
            -1.248216
          ]
        ]
      }
    },
    {
      "type": "Feature",
      "properties": {
        "contig_id": 23,
        "length_m": 53.083,
        "segment_count": 4,
        "way_names": [],
        "way_ids": [
          25796477
        ],
        "endpoint_node_ids": [
          281377362,
          281377376
        ],
        "node_ids": [
          281377362,
          281377361,
          281377360,
          281377377,
          281377376
        ],
        "tags": {
          "local:boundary_refs": "r13626194",
          "local:boundary_zone": "buffer"
        },
        "elevations_m": [
          1645.0,
          1643.0,
          1642.0,
          1642.0,
          1641.0
        ]
      },
      "geometry": {
        "type": "LineString",
        "coordinates": [
          [
            36.855161,
            -1.248356
          ],
          [
            36.855092,
            -1.248236
          ],
          [
            36.855007,
            -1.248141
          ],
          [
            36.854958,
            -1.248117
          ],
          [
            36.854802,
            -1.248135
          ]
        ]
      }
    },
    {
      "type": "Feature",
      "properties": {
        "contig_id": 24,
        "length_m": 16.693,
        "segment_count": 1,
        "way_names": [],
        "way_ids": [
          25796477
        ],
        "endpoint_node_ids": [
          281377362,
          281377363
        ],
        "node_ids": [
          281377362,
          281377363
        ],
        "tags": {
          "local:boundary_refs": "r13626194",
          "local:boundary_zone": "buffer",
          "local:routing_state": "exclude"
        },
        "elevations_m": [
          1645.0,
          1647.0
        ]
      },
      "geometry": {
        "type": "LineString",
        "coordinates": [
          [
            36.855161,
            -1.248356
          ],
          [
            36.855238,
            -1.248484
          ]
        ]
      }
    },
    {
      "type": "Feature",
      "properties": {
        "contig_id": 25,
        "length_m": 13.028,
        "segment_count": 1,
        "way_names": [],
        "way_ids": [
          25796477
        ],
        "endpoint_node_ids": [
          281377375,
          281377376
        ],
        "node_ids": [
          281377375,
          281377376
        ],
        "tags": {
          "local:boundary_refs": "r13626194",
          "local:boundary_zone": "buffer",
          "local:routing_state": "exclude"
        },
        "elevations_m": [
          1640.0,
          1641.0
        ]
      },
      "geometry": {
        "type": "LineString",
        "coordinates": [
          [
            36.854698,
            -1.248081
          ],
          [
            36.854802,
            -1.248135
          ]
        ]
      }
    },
    {
      "type": "Feature",
      "properties": {
        "contig_id": 26,
        "length_m": 129.529,
        "segment_count": 7,
        "way_names": [],
        "way_ids": [
          60200211
        ],
        "endpoint_node_ids": [
          745351446,
          9761022838
        ],
        "node_ids": [
          745351446,
          745351425,
          745351422,
          745351411,
          745351404,
          745351400,
          745351391,
          9761022838
        ],
        "tags": {
          "local:boundary_refs": "r13626194",
          "local:boundary_zone": "buffer"
        },
        "elevations_m": [
          1662.0,
          1663.0,
          1664.0,
          1665.0,
          1666.0,
          1667.0,
          1667.0,
          1666.0
        ]
      },
      "geometry": {
        "type": "LineString",
        "coordinates": [
          [
            36.840673,
            -1.249431
          ],
          [
            36.84064,
            -1.249597
          ],
          [
            36.840619,
            -1.249729
          ],
          [
            36.84061,
            -1.24987
          ],
          [
            36.840615,
            -1.250024
          ],
          [
            36.84061,
            -1.25022
          ],
          [
            36.840635,
            -1.250443
          ],
          [
            36.84066,
            -1.250587
          ]
        ]
      }
    },
    {
      "type": "Feature",
      "properties": {
        "contig_id": 27,
        "length_m": 44.771,
        "segment_count": 3,
        "way_names": [],
        "way_ids": [
          60200211
        ],
        "endpoint_node_ids": [
          745351446,
          745351464
        ],
        "node_ids": [
          745351446,
          745351458,
          745351461,
          745351464
        ],
        "tags": {
          "local:boundary_refs": "r13626194",
          "local:boundary_zone": "buffer",
          "local:routing_state": "exclude"
        },
        "elevations_m": [
          1662.0,
          1662.0,
          1662.0,
          1661.0
        ]
      },
      "geometry": {
        "type": "LineString",
        "coordinates": [
          [
            36.840673,
            -1.249431
          ],
          [
            36.840696,
            -1.249263
          ],
          [
            36.840704,
            -1.249154
          ],
          [
            36.840746,
            -1.249038
          ]
        ]
      }
    },
    {
      "type": "Feature",
      "properties": {
        "contig_id": 28,
        "length_m": 13.564,
        "segment_count": 1,
        "way_names": [],
        "way_ids": [
          60200211
        ],
        "endpoint_node_ids": [
          745351464,
          745351466
        ],
        "node_ids": [
          745351464,
          745351466
        ],
        "tags": {
          "local:boundary_refs": "r13626194",
          "local:boundary_zone": "core",
          "local:routing_state": "exclude"
        },
        "elevations_m": [
          1661.0,
          1660.0
        ]
      },
      "geometry": {
        "type": "LineString",
        "coordinates": [
          [
            36.840746,
            -1.249038
          ],
          [
            36.840809,
            -1.248934
          ]
        ]
      }
    },
    {
      "type": "Feature",
      "properties": {
        "contig_id": 29,
        "length_m": 78.356,
        "segment_count": 1,
        "way_names": [],
        "way_ids": [
          142776101
        ],
        "endpoint_node_ids": [
          745351464,
          2847945649
        ],
        "node_ids": [
          745351464,
          2847945649
        ],
        "tags": {
          "local:boundary_refs": "r13626194",
          "local:boundary_zone": "buffer",
          "local:routing_state": "exclude"
        },
        "elevations_m": [
          1661.0,
          1664.0
        ]
      },
      "geometry": {
        "type": "LineString",
        "coordinates": [
          [
            36.840746,
            -1.249038
          ],
          [
            36.840363,
            -1.248447
          ]
        ]
      }
    },
    {
      "type": "Feature",
      "properties": {
        "contig_id": 30,
        "length_m": 342.635,
        "segment_count": 19,
        "way_names": [],
        "way_ids": [
          60200211
        ],
        "endpoint_node_ids": [
          745351466,
          745351563
        ],
        "node_ids": [
          745351466,
          745351473,
          745351481,
          745351487,
          745351489,
          745351492,
          12357920439,
          745351532,
          745351534,
          8527118134,
          8527118120,
          745351537,
          745351540,
          745351542,
          745351544,
          745351546,
          745351548,
          745351551,
          745351562,
          745351563
        ],
        "tags": {
          "local:boundary_refs": "r13626194",
          "local:boundary_zone": "buffer",
          "local:routing_state": "exclude"
        },
        "elevations_m": [
          1660.0,
          1660.0,
          1658.0,
          1657.0,
          1657.0,
          1657.0,
          1657.0,
          1657.0,
          1657.0,
          1657.0,
          1657.0,
          1658.0,
          1658.0,
          1659.0,
          1659.0,
          1659.0,
          1658.0,
          1657.0,
          1656.0,
          1653.0
        ]
      },
      "geometry": {
        "type": "LineString",
        "coordinates": [
          [
            36.840809,
            -1.248934
          ],
          [
            36.840878,
            -1.248826
          ],
          [
            36.840977,
            -1.248692
          ],
          [
            36.841099,
            -1.248595
          ],
          [
            36.841144,
            -1.248541
          ],
          [
            36.841208,
            -1.248455
          ],
          [
            36.841299,
            -1.248323
          ],
          [
            36.841331,
            -1.248277
          ],
          [
            36.841369,
            -1.248214
          ],
          [
            36.841429,
            -1.248134
          ],
          [
            36.841486,
            -1.248059
          ],
          [
            36.841609,
            -1.247897
          ],
          [
            36.841794,
            -1.247626
          ],
          [
            36.841855,
            -1.247381
          ],
          [
            36.841864,
            -1.247138
          ],
          [
            36.841856,
            -1.246876
          ],
          [
            36.841854,
            -1.246712
          ],
          [
            36.841846,
            -1.246528
          ],
          [
            36.841835,
            -1.2464
          ],
          [
            36.841792,
            -1.2462
          ]
        ]
      }
    },
    {
      "type": "Feature",
      "properties": {
        "contig_id": 31,
        "length_m": 70.283,
        "segment_count": 4,
        "way_names": [],
        "way_ids": [
          60200211
        ],
        "endpoint_node_ids": [
          745351563,
          745351588
        ],
        "node_ids": [
          745351563,
          745351567,
          745351583,
          745351585,
          745351588
        ],
        "tags": {
          "local:boundary_refs": "r13626194",
          "local:boundary_zone": "core",
          "local:routing_state": "exclude"
        },
        "elevations_m": [
          1653.0,
          1651.0,
          1648.0,
          1648.0,
          1647.0
        ]
      },
      "geometry": {
        "type": "LineString",
        "coordinates": [
          [
            36.841792,
            -1.2462
          ],
          [
            36.841786,
            -1.245991
          ],
          [
            36.841875,
            -1.245753
          ],
          [
            36.841878,
            -1.245671
          ],
          [
            36.841963,
            -1.245658
          ]
        ]
      }
    },
    {
      "type": "Feature",
      "properties": {
        "contig_id": 32,
        "length_m": 479.561,
        "segment_count": 14,
        "way_names": [],
        "way_ids": [
          59946876,
          59946877,
          60200211
        ],
        "endpoint_node_ids": [
          745351588,
          745351633
        ],
        "node_ids": [
          745351588,
          745351590,
          745351594,
          745351592,
          745351601,
          745351603,
          745351606,
          745351609,
          745351613,
          745351621,
          745351617,
          745351625,
          745351629,
          745351631,
          745351633
        ],
        "tags": {
          "local:boundary_refs": "r13626194",
          "local:boundary_zone": "core",
          "local:routing_state": "exclude"
        },
        "elevations_m": [
          1647.0,
          1646.0,
          1643.0,
          1642.0,
          1640.0,
          1639.0,
          1638.0,
          1641.0,
          1642.0,
          1642.0,
          1643.0,
          1644.0,
          1648.0,
          1652.0,
          1659.0
        ]
      },
      "geometry": {
        "type": "LineString",
        "coordinates": [
          [
            36.841963,
            -1.245658
          ],
          [
            36.842087,
            -1.245585
          ],
          [
            36.842363,
            -1.245554
          ],
          [
            36.842518,
            -1.245585
          ],
          [
            36.842718,
            -1.245668
          ],
          [
            36.842835,
            -1.245541
          ],
          [
            36.842949,
            -1.245611
          ],
          [
            36.8436,
            -1.24485
          ],
          [
            36.843813,
            -1.244543
          ],
          [
            36.843837,
            -1.244493
          ],
          [
            36.843845,
            -1.244434
          ],
          [
            36.843837,
            -1.244353
          ],
          [
            36.843803,
            -1.243692
          ],
          [
            36.843784,
            -1.24345
          ],
          [
            36.843899,
            -1.242724
          ]
        ]
      }
    },
    {
      "type": "Feature",
      "properties": {
        "contig_id": 33,
        "length_m": 405.161,
        "segment_count": 18,
        "way_names": [],
        "way_ids": [
          280720871
        ],
        "endpoint_node_ids": [
          745351588,
          747730050
        ],
        "node_ids": [
          745351588,
          2847824234,
          2847824235,
          2847824231,
          2847824236,
          2847824237,
          2847824238,
          2847824239,
          2847824232,
          2847824240,
          2847824241,
          2847824242,
          2847824243,
          2847824244,
          2847824245,
          2847824246,
          2847824233,
          2847824252,
          747730050
        ],
        "tags": {
          "local:boundary_refs": "r13626194",
          "local:boundary_zone": "core",
          "local:routing_state": "exclude"
        },
        "elevations_m": [
          1647.0,
          1649.0,
          1650.0,
          1649.0,
          1648.0,
          1648.0,
          1647.0,
          1646.0,
          1644.0,
          1644.0,
          1645.0,
          1644.0,
          1642.0,
          1642.0,
          1642.0,
          1642.0,
          1641.0,
          1640.0,
          1642.0
        ]
      },
      "geometry": {
        "type": "LineString",
        "coordinates": [
          [
            36.841963,
            -1.245658
          ],
          [
            36.841863,
            -1.245547
          ],
          [
            36.84182,
            -1.24537
          ],
          [
            36.841944,
            -1.245107
          ],
          [
            36.842099,
            -1.244906
          ],
          [
            36.842141,
            -1.244805
          ],
          [
            36.842222,
            -1.244741
          ],
          [
            36.842252,
            -1.244675
          ],
          [
            36.842378,
            -1.244496
          ],
          [
            36.842394,
            -1.244317
          ],
          [
            36.842279,
            -1.24405
          ],
          [
            36.842267,
            -1.243942
          ],
          [
            36.842114,
            -1.243656
          ],
          [
            36.842051,
            -1.243567
          ],
          [
            36.842008,
            -1.243466
          ],
          [
            36.841974,
            -1.243362
          ],
          [
            36.841993,
            -1.243188
          ],
          [
            36.841876,
            -1.242503
          ],
          [
            36.841726,
            -1.242441
          ]
        ]
      }
    },
    {
      "type": "Feature",
      "properties": {
        "contig_id": 34,
        "length_m": 17.54,
        "segment_count": 1,
        "way_names": [],
        "way_ids": [
          59946877
        ],
        "endpoint_node_ids": [
          745351633,
          745351635
        ],
        "node_ids": [
          745351633,
          745351635
        ],
        "tags": {
          "local:boundary_refs": "r13626194",
          "local:boundary_zone": "core"
        },
        "elevations_m": [
          1659.0,
          1660.0
        ]
      },
      "geometry": {
        "type": "LineString",
        "coordinates": [
          [
            36.843899,
            -1.242724
          ],
          [
            36.844028,
            -1.242634
          ]
        ]
      }
    },
    {
      "type": "Feature",
      "properties": {
        "contig_id": 35,
        "length_m": 386.862,
        "segment_count": 13,
        "way_names": [],
        "way_ids": [
          280720872
        ],
        "endpoint_node_ids": [
          745351633,
          1554849700
        ],
        "node_ids": [
          745351633,
          2847824287,
          2847824286,
          2847824278,
          2847824285,
          2847824284,
          2847824283,
          2847824282,
          2847824277,
          2847824281,
          2847824280,
          2847824276,
          2847824279,
          1554849700
        ],
        "tags": {
          "local:boundary_refs": "r13626194",
          "local:boundary_zone": "core"
        },
        "elevations_m": [
          1659.0,
          1659.0,
          1657.0,
          1654.0,
          1651.0,
          1651.0,
          1649.0,
          1649.0,
          1647.0,
          1649.0,
          1647.0,
          1643.0,
          1644.0,
          1645.0
        ]
      },
      "geometry": {
        "type": "LineString",
        "coordinates": [
          [
            36.843899,
            -1.242724
          ],
          [
            36.843847,
            -1.242907
          ],
          [
            36.843662,
            -1.242978
          ],
          [
            36.843359,
            -1.242959
          ],
          [
            36.843136,
            -1.242857
          ],
          [
            36.843067,
            -1.242745
          ],
          [
            36.842969,
            -1.242636
          ],
          [
            36.842844,
            -1.242455
          ],
          [
            36.842647,
            -1.242065
          ],
          [
            36.842472,
            -1.241665
          ],
          [
            36.842372,
            -1.241514
          ],
          [
            36.842018,
            -1.24126
          ],
          [
            36.841766,
            -1.241211
          ],
          [
            36.84147,
            -1.241238
          ]
        ]
      }
    },
    {
      "type": "Feature",
      "properties": {
        "contig_id": 36,
        "length_m": 293.4,
        "segment_count": 7,
        "way_names": [],
        "way_ids": [
          59946877
        ],
        "endpoint_node_ids": [
          745351635,
          745351649
        ],
        "node_ids": [
          745351635,
          745351637,
          745351639,
          745351642,
          745351644,
          745351646,
          745351648,
          745351649
        ],
        "tags": {
          "local:boundary_refs": "r13626194",
          "local:boundary_zone": "core"
        },
        "elevations_m": [
          1660.0,
          1661.0,
          1662.0,
          1668.0,
          1667.0,
          1667.0,
          1669.0,
          1669.0
        ]
      },
      "geometry": {
        "type": "LineString",
        "coordinates": [
          [
            36.844028,
            -1.242634
          ],
          [
            36.844145,
            -1.242537
          ],
          [
            36.844181,
            -1.242303
          ],
          [
            36.84408,
            -1.24138
          ],
          [
            36.843997,
            -1.240744
          ],
          [
            36.843978,
            -1.240523
          ],
          [
            36.843936,
            -1.240238
          ],
          [
            36.843916,
            -1.240069
          ]
        ]
      }
    },
    {
      "type": "Feature",
      "properties": {
        "contig_id": 37,
        "length_m": 270.397,
        "segment_count": 7,
        "way_names": [],
        "way_ids": [
          1504852415
        ],
        "endpoint_node_ids": [
          745351635,
          13769449751
        ],
        "node_ids": [
          745351635,
          13769449745,
          13769449746,
          13769449747,
          13769449748,
          13769449749,
          13769449750,
          13769449751
        ],
        "tags": {
          "local:boundary_refs": "r13626194",
          "local:boundary_zone": "core"
        },
        "elevations_m": [
          1660.0,
          1660.0,
          1662.0,
          1666.0,
          1667.0,
          1668.0,
          1667.0,
          1669.0
        ]
      },
      "geometry": {
        "type": "LineString",
        "coordinates": [
          [
            36.844028,
            -1.242634
          ],
          [
            36.843951,
            -1.242461
          ],
          [
            36.844036,
            -1.242243
          ],
          [
            36.843889,
            -1.241661
          ],
          [
            36.843959,
            -1.241404
          ],
          [
            36.843803,
            -1.241202
          ],
          [
            36.843889,
            -1.240891
          ],
          [
            36.843811,
            -1.240332
          ]
        ]
      }
    },
    {
      "type": "Feature",
      "properties": {
        "contig_id": 38,
        "length_m": 26.087,
        "segment_count": 3,
        "way_names": [],
        "way_ids": [
          59946877
        ],
        "endpoint_node_ids": [
          745351649,
          6159312406
        ],
        "node_ids": [
          745351649,
          11819444145,
          9810327684,
          6159312406
        ],
        "tags": {
          "local:boundary_refs": "r13626194",
          "local:boundary_zone": "core"
        },
        "elevations_m": [
          1669.0,
          1669.0,
          1669.0,
          1669.0
        ]
      },
      "geometry": {
        "type": "LineString",
        "coordinates": [
          [
            36.843916,
            -1.240069
          ],
          [
            36.843931,
            -1.239994
          ],
          [
            36.843956,
            -1.239922
          ],
          [
            36.843909,
            -1.239855
          ]
        ]
      }
    },
    {
      "type": "Feature",
      "properties": {
        "contig_id": 39,
        "length_m": 31.473,
        "segment_count": 1,
        "way_names": [],
        "way_ids": [
          1504852415
        ],
        "endpoint_node_ids": [
          745351649,
          13769449751
        ],
        "node_ids": [
          745351649,
          13769449751
        ],
        "tags": {
          "local:boundary_refs": "r13626194",
          "local:boundary_zone": "core"
        },
        "elevations_m": [
          1669.0,
          1669.0
        ]
      },
      "geometry": {
        "type": "LineString",
        "coordinates": [
          [
            36.843916,
            -1.240069
          ],
          [
            36.843811,
            -1.240332
          ]
        ]
      }
    },
    {
      "type": "Feature",
      "properties": {
        "contig_id": 40,
        "length_m": 77.24,
        "segment_count": 3,
        "way_names": [],
        "way_ids": [
          142061036
        ],
        "endpoint_node_ids": [
          747730028,
          747730084
        ],
        "node_ids": [
          747730028,
          1554843711,
          2068386562,
          747730084
        ],
        "tags": {
          "local:boundary_refs": "r13626194",
          "local:boundary_zone": "core"
        },
        "elevations_m": [
          1670.0,
          1670.0,
          1671.0,
          1671.0
        ]
      },
      "geometry": {
        "type": "LineString",
        "coordinates": [
          [
            36.828673,
            -1.236668
          ],
          [
            36.828849,
            -1.2368
          ],
          [
            36.82909,
            -1.236963
          ],
          [
            36.829256,
            -1.237042
          ]
        ]
      }
    },
    {
      "type": "Feature",
      "properties": {
        "contig_id": 41,
        "length_m": 352.768,
        "segment_count": 12,
        "way_names": [],
        "way_ids": [
          142777585
        ],
        "endpoint_node_ids": [
          747730028,
          1554843701
        ],
        "node_ids": [
          747730028,
          2068386533,
          2068386523,
          1554843752,
          1554843702,
          1554843697,
          1554843753,
          1554843726,
          1554843700,
          1554843755,
          1554843728,
          1554843698,
          1554843701
        ],
        "tags": {
          "local:boundary_refs": "r13626194",
          "local:boundary_zone": "core"
        },
        "elevations_m": [
          1670.0,
          1669.0,
          1669.0,
          1673.0,
          1672.0,
          1672.0,
          1672.0,
          1672.0,
          1671.0,
          1671.0,
          1668.0,
          1666.0,
          1668.0
        ]
      },
      "geometry": {
        "type": "LineString",
        "coordinates": [
          [
            36.828673,
            -1.236668
          ],
          [
            36.82864,
            -1.236551
          ],
          [
            36.828532,
            -1.236416
          ],
          [
            36.828271,
            -1.236183
          ],
          [
            36.828001,
            -1.235955
          ],
          [
            36.82775,
            -1.235802
          ],
          [
            36.82758,
            -1.23567
          ],
          [
            36.827366,
            -1.235465
          ],
          [
            36.82713,
            -1.235261
          ],
          [
            36.826926,
            -1.235068
          ],
          [
            36.826529,
            -1.234843
          ],
          [
            36.826358,
            -1.234725
          ],
          [
            36.826287,
            -1.234637
          ]
        ]
      }
    },
    {
      "type": "Feature",
      "properties": {
        "contig_id": 42,
        "length_m": 341.557,
        "segment_count": 14,
        "way_names": [],
        "way_ids": [
          692748293
        ],
        "endpoint_node_ids": [
          747730028,
          1562490578
        ],
        "node_ids": [
          747730028,
          2068386574,
          1562490580,
          747730044,
          1562490572,
          1562490573,
          1562490574,
          1562490579,
          1562490576,
          2068386605,
          2068386610,
          1562490575,
          1562490577,
          2068386632,
          1562490578
        ],
        "tags": {
          "local:boundary_refs": "r13626194",
          "local:boundary_zone": "core"
        },
        "elevations_m": [
          1670.0,
          1674.0,
          1678.0,
          1682.0,
          1684.0,
          1685.0,
          1685.0,
          1685.0,
          1687.0,
          1692.0,
          1695.0,
          1695.0,
          1693.0,
          1693.0,
          1694.0
        ]
      },
      "geometry": {
        "type": "LineString",
        "coordinates": [
          [
            36.828673,
            -1.236668
          ],
          [
            36.828672,
            -1.236859
          ],
          [
            36.82873,
            -1.23707
          ],
          [
            36.828757,
            -1.237324
          ],
          [
            36.828734,
            -1.237505
          ],
          [
            36.828674,
            -1.237595
          ],
          [
            36.828684,
            -1.237618
          ],
          [
            36.828782,
            -1.237666
          ],
          [
            36.828986,
            -1.237874
          ],
          [
            36.829177,
            -1.238305
          ],
          [
            36.829387,
            -1.238557
          ],
          [
            36.829491,
            -1.238749
          ],
          [
            36.829556,
            -1.239034
          ],
          [
            36.829631,
            -1.239201
          ],
          [
            36.82969,
            -1.239389
          ]
        ]
      }
    },
    {
      "type": "Feature",
      "properties": {
        "contig_id": 43,
        "length_m": 266.908,
        "segment_count": 1,
        "way_names": [],
        "way_ids": [
          142777583
        ],
        "endpoint_node_ids": [
          747730037,
          747730094
        ],
        "node_ids": [
          747730037,
          747730094
        ],
        "tags": {
          "local:boundary_refs": "r13626194",
          "local:boundary_zone": "core"
        },
        "elevations_m": [
          1685.0,
          1685.0
        ]
      },
      "geometry": {
        "type": "LineString",
        "coordinates": [
          [
            36.82656,
            -1.242147
          ],
          [
            36.824288,
            -1.241371
          ]
        ]
      }
    },
    {
      "type": "Feature",
      "properties": {
        "contig_id": 44,
        "length_m": 660.13,
        "segment_count": 38,
        "way_names": [
          "Turaco Path"
        ],
        "way_ids": [
          280720866
        ],
        "endpoint_node_ids": [
          747730037,
          2847824100
        ],
        "node_ids": [
          747730037,
          2847824138,
          2847824137,
          2847824136,
          2847824135,
          2847824134,
          2847824133,
          2847824089,
          2847824132,
          2847824131,
          2847824130,
          2847824129,
          2847824128,
          2847824127,
          2847824126,
          2847824125,
          2847824123,
          2847824122,
          2847824121,
          2847824120,
          2847824119,
          2847824118,
          2847824117,
          2847824113,
          2847824112,
          2847824111,
          2847824110,
          2847824088,
          2847824109,
          2847824108,
          2847824107,
          2847824106,
          2847824105,
          2847824104,
          2847824103,
          2847824087,
          2847824102,
          2847824101,
          2847824100
        ],
        "tags": {
          "local:boundary_refs": "r13626194",
          "local:boundary_zone": "core"
        },
        "elevations_m": [
          1685.0,
          1685.0,
          1685.0,
          1685.0,
          1683.0,
          1682.0,
          1681.0,
          1680.0,
          1679.0,
          1678.0,
          1675.0,
          1672.0,
          1671.0,
          1669.0,
          1669.0,
          1668.0,
          1668.0,
          1669.0,
          1669.0,
          1669.0,
          1670.0,
          1670.0,
          1669.0,
          1670.0,
          1671.0,
          1671.0,
          1672.0,
          1674.0,
          1673.0,
          1671.0,
          1670.0,
          1669.0,
          1665.0,
          1662.0,
          1661.0,
          1659.0,
          1659.0,
          1658.0,
          1658.0
        ]
      },
      "geometry": {
        "type": "LineString",
        "coordinates": [
          [
            36.82656,
            -1.242147
          ],
          [
            36.826653,
            -1.24228
          ],
          [
            36.826827,
            -1.242409
          ],
          [
            36.82691,
            -1.242527
          ],
          [
            36.827016,
            -1.242624
          ],
          [
            36.827031,
            -1.242692
          ],
          [
            36.827136,
            -1.242791
          ],
          [
            36.8272,
            -1.242878
          ],
          [
            36.827287,
            -1.242943
          ],
          [
            36.827354,
            -1.243025
          ],
          [
            36.827553,
            -1.243176
          ],
          [
            36.827685,
            -1.243299
          ],
          [
            36.82792,
            -1.243467
          ],
          [
            36.828134,
            -1.243662
          ],
          [
            36.828227,
            -1.243717
          ],
          [
            36.828336,
            -1.243793
          ],
          [
            36.828462,
            -1.243912
          ],
          [
            36.828558,
            -1.243969
          ],
          [
            36.828578,
            -1.243998
          ],
          [
            36.828661,
            -1.244067
          ],
          [
            36.828757,
            -1.244118
          ],
          [
            36.828793,
            -1.244124
          ],
          [
            36.828865,
            -1.2442
          ],
          [
            36.829034,
            -1.244269
          ],
          [
            36.829169,
            -1.244305
          ],
          [
            36.82923,
            -1.244341
          ],
          [
            36.829336,
            -1.244369
          ],
          [
            36.829464,
            -1.244436
          ],
          [
            36.82978,
            -1.244674
          ],
          [
            36.82988,
            -1.244777
          ],
          [
            36.829956,
            -1.2449
          ],
          [
            36.830064,
            -1.244995
          ],
          [
            36.830234,
            -1.245228
          ],
          [
            36.830389,
            -1.245379
          ],
          [
            36.830429,
            -1.24544
          ],
          [
            36.830591,
            -1.245581
          ],
          [
            36.830774,
            -1.245697
          ],
          [
            36.83086,
            -1.24581
          ],
          [
            36.830995,
            -1.24593
          ]
        ]
      }
    },
    {
      "type": "Feature",
      "properties": {
        "contig_id": 45,
        "length_m": 546.174,
        "segment_count": 12,
        "way_names": [],
        "way_ids": [
          60200209,
          142777583
        ],
        "endpoint_node_ids": [
          747730037,
          748782348
        ],
        "node_ids": [
          747730037,
          9385562613,
          9385562614,
          9385562615,
          9385562616,
          9385598417,
          747730118,
          13556268405,
          747730098,
          9385598418,
          9385598419,
          747730042,
          748782348
        ],
        "tags": {
          "local:boundary_refs": "r13626194",
          "local:boundary_zone": "core"
        },
        "elevations_m": [
          1685.0,
          1685.0,
          1685.0,
          1684.0,
          1681.0,
          1679.0,
          1680.0,
          1679.0,
          1678.0,
          1680.0,
          1679.0,
          1680.0,
          1682.0
        ]
      },
      "geometry": {
        "type": "LineString",
        "coordinates": [
          [
            36.82656,
            -1.242147
          ],
          [
            36.826752,
            -1.242044
          ],
          [
            36.826961,
            -1.241856
          ],
          [
            36.827191,
            -1.241771
          ],
          [
            36.827537,
            -1.241763
          ],
          [
            36.827801,
            -1.241694
          ],
          [
            36.828126,
            -1.241512
          ],
          [
            36.828513,
            -1.241333
          ],
          [
            36.828913,
            -1.241228
          ],
          [
            36.829289,
            -1.241244
          ],
          [
            36.830141,
            -1.241316
          ],
          [
            36.830752,
            -1.241404
          ],
          [
            36.831237,
            -1.241458
          ]
        ]
      }
    },
    {
      "type": "Feature",
      "properties": {
        "contig_id": 46,
        "length_m": 118.509,
        "segment_count": 6,
        "way_names": [
          "Tara Path"
        ],
        "way_ids": [
          1332841838
        ],
        "endpoint_node_ids": [
          747730039,
          2847949524
        ],
        "node_ids": [
          747730039,
          2847949533,
          2847949532,
          2847949531,
          2847949528,
          2847949527,
          2847949524
        ],
        "tags": {
          "local:boundary_refs": "r13626194",
          "local:boundary_zone": "core"
        },
        "elevations_m": [
          1675.0,
          1669.0,
          1667.0,
          1666.0,
          1663.0,
          1661.0,
          1660.0
        ]
      },
      "geometry": {
        "type": "LineString",
        "coordinates": [
          [
            36.828153,
            -1.22772
          ],
          [
            36.828108,
            -1.228024
          ],
          [
            36.828074,
            -1.228245
          ],
          [
            36.828043,
            -1.228345
          ],
          [
            36.828083,
            -1.228474
          ],
          [
            36.828127,
            -1.228614
          ],
          [
            36.828233,
            -1.228718
          ]
        ]
      }
    },
    {
      "type": "Feature",
      "properties": {
        "contig_id": 47,
        "length_m": 127.187,
        "segment_count": 8,
        "way_names": [
          "Tara Path"
        ],
        "way_ids": [
          1332841838
        ],
        "endpoint_node_ids": [
          747730039,
          747730076
        ],
        "node_ids": [
          747730039,
          2847949534,
          2847949535,
          2847949536,
          2847949537,
          2847949538,
          2847949539,
          2847949540,
          747730076
        ],
        "tags": {
          "local:boundary_refs": "r13626194",
          "local:boundary_zone": "buffer"
        },
        "elevations_m": [
          1675.0,
          1677.0,
          1679.0,
          1682.0,
          1683.0,
          1684.0,
          1686.0,
          1690.0,
          1690.0
        ]
      },
      "geometry": {
        "type": "LineString",
        "coordinates": [
          [
            36.828153,
            -1.22772
          ],
          [
            36.82819,
            -1.227544
          ],
          [
            36.8282,
            -1.227401
          ],
          [
            36.828237,
            -1.227263
          ],
          [
            36.828214,
            -1.227157
          ],
          [
            36.828225,
            -1.227124
          ],
          [
            36.828314,
            -1.227011
          ],
          [
            36.828401,
            -1.226739
          ],
          [
            36.828468,
            -1.226658
          ]
        ]
      }
    },
    {
      "type": "Feature",
      "properties": {
        "contig_id": 48,
        "length_m": 388.579,
        "segment_count": 7,
        "way_names": [],
        "way_ids": [
          692748285
        ],
        "endpoint_node_ids": [
          747730050,
          1554849718
        ],
        "node_ids": [
          747730050,
          1554849685,
          1554849684,
          11860228111,
          1554849686,
          2475596952,
          1554849706,
          1554849718
        ],
        "tags": {
          "local:boundary_refs": "r13626194",
          "local:boundary_zone": "core"
        },
        "elevations_m": [
          1642.0,
          1655.0,
          1656.0,
          1656.0,
          1656.0,
          1657.0,
          1661.0,
          1661.0
        ]
      },
      "geometry": {
        "type": "LineString",
        "coordinates": [
          [
            36.841726,
            -1.242441
          ],
          [
            36.841471,
            -1.244028
          ],
          [
            36.8414,
            -1.244192
          ],
          [
            36.841353,
            -1.2443
          ],
          [
            36.841257,
            -1.244389
          ],
          [
            36.841014,
            -1.244558
          ],
          [
            36.840114,
            -1.244893
          ],
          [
            36.839915,
            -1.244848
          ]
        ]
      }
    },
    {
      "type": "Feature",
      "properties": {
        "contig_id": 49,
        "length_m": 139.646,
        "segment_count": 5,
        "way_names": [],
        "way_ids": [
          142776097
        ],
        "endpoint_node_ids": [
          747730050,
          1554849700
        ],
        "node_ids": [
          747730050,
          2847934440,
          1554849709,
          2847934441,
          2847934442,
          1554849700
        ],
        "tags": {
          "local:boundary_refs": "r13626194",
          "local:boundary_zone": "core"
        },
        "elevations_m": [
          1642.0,
          1645.0,
          1645.0,
          1645.0,
          1646.0,
          1645.0
        ]
      },
      "geometry": {
        "type": "LineString",
        "coordinates": [
          [
            36.841726,
            -1.242441
          ],
          [
            36.8416,
            -1.242098
          ],
          [
            36.841543,
            -1.241908
          ],
          [
            36.841508,
            -1.24168
          ],
          [
            36.841438,
            -1.241551
          ],
          [
            36.84147,
            -1.241238
          ]
        ]
      }
    },
    {
      "type": "Feature",
      "properties": {
        "contig_id": 50,
        "length_m": 112.618,
        "segment_count": 7,
        "way_names": [
          "Tara Path"
        ],
        "way_ids": [
          1332841839
        ],
        "endpoint_node_ids": [
          747730055,
          13768253221
        ],
        "node_ids": [
          747730055,
          2847949521,
          2847949520,
          2847949519,
          2847949518,
          2847949517,
          747730114,
          13768253221
        ],
        "tags": {
          "local:boundary_refs": "r13626194",
          "local:boundary_zone": "core"
        },
        "elevations_m": [
          1659.0,
          1659.0,
          1659.0,
          1660.0,
          1663.0,
          1664.0,
          1665.0,
          1668.0
        ]
      },
      "geometry": {
        "type": "LineString",
        "coordinates": [
          [
            36.828386,
            -1.228965
          ],
          [
            36.828367,
            -1.22906
          ],
          [
            36.828317,
            -1.229141
          ],
          [
            36.828273,
            -1.229196
          ],
          [
            36.828053,
            -1.229414
          ],
          [
            36.827921,
            -1.229479
          ],
          [
            36.827821,
            -1.229525
          ],
          [
            36.827647,
            -1.229583
          ]
        ]
      }
    },
    {
      "type": "Feature",
      "properties": {
        "contig_id": 51,
        "length_m": 81.424,
        "segment_count": 3,
        "way_names": [],
        "way_ids": [
          692748282
        ],
        "endpoint_node_ids": [
          747730055,
          6503768691
        ],
        "node_ids": [
          747730055,
          6503768692,
          12330726052,
          6503768691
        ],
        "tags": {
          "local:boundary_refs": "r13626194",
          "local:boundary_zone": "core"
        },
        "elevations_m": [
          1659.0,
          1659.0,
          1664.0,
          1670.0
        ]
      },
      "geometry": {
        "type": "LineString",
        "coordinates": [
          [
            36.828386,
            -1.228965
          ],
          [
            36.828553,
            -1.229203
          ],
          [
            36.828609,
            -1.229374
          ],
          [
            36.828544,
            -1.229627
          ]
        ]
      }
    },
    {
      "type": "Feature",
      "properties": {
        "contig_id": 52,
        "length_m": 12.341,
        "segment_count": 1,
        "way_names": [
          "Tara Path"
        ],
        "way_ids": [
          1332841839
        ],
        "endpoint_node_ids": [
          747730055,
          12330717255
        ],
        "node_ids": [
          747730055,
          12330717255
        ],
        "tags": {
          "local:boundary_refs": "r13626194",
          "local:boundary_zone": "core"
        },
        "elevations_m": [
          1659.0,
          1659.0
        ]
      },
      "geometry": {
        "type": "LineString",
        "coordinates": [
          [
            36.828386,
            -1.228965
          ],
          [
            36.828334,
            -1.228867
          ]
        ]
      }
    },
    {
      "type": "Feature",
      "properties": {
        "contig_id": 53,
        "length_m": 341.078,
        "segment_count": 17,
        "way_names": [],
        "way_ids": [
          280734414
        ],
        "endpoint_node_ids": [
          747730073,
          2847945615
        ],
        "node_ids": [
          747730073,
          2847945627,
          2847945626,
          2847945614,
          2847945625,
          2847945624,
          2847945613,
          2847945623,
          2847945622,
          2847945612,
          2847945621,
          2847945620,
          2847945619,
          2847945611,
          2847945618,
          2847945617,
          2847945616,
          2847945615
        ],
        "tags": {
          "local:boundary_refs": "r13626194",
          "local:boundary_zone": "core",
          "local:routing_state": "exclude"
        },
        "elevations_m": [
          1660.0,
          1660.0,
          1658.0,
          1657.0,
          1657.0,
          1657.0,
          1656.0,
          1651.0,
          1647.0,
          1644.0,
          1642.0,
          1642.0,
          1643.0,
          1644.0,
          1645.0,
          1645.0,
          1646.0,
          1647.0
        ]
      },
      "geometry": {
        "type": "LineString",
        "coordinates": [
          [
            36.839853,
            -1.250821
          ],
          [
            36.839952,
            -1.251034
          ],
          [
            36.840023,
            -1.251212
          ],
          [
            36.840097,
            -1.251363
          ],
          [
            36.840191,
            -1.251678
          ],
          [
            36.840277,
            -1.251837
          ],
          [
            36.840339,
            -1.251915
          ],
          [
            36.840469,
            -1.252053
          ],
          [
            36.840652,
            -1.252162
          ],
          [
            36.840867,
            -1.25221
          ],
          [
            36.84134,
            -1.252234
          ],
          [
            36.841411,
            -1.252215
          ],
          [
            36.841593,
            -1.252204
          ],
          [
            36.841697,
            -1.252166
          ],
          [
            36.841913,
            -1.252198
          ],
          [
            36.841949,
            -1.252196
          ],
          [
            36.842015,
            -1.252163
          ],
          [
            36.842088,
            -1.252163
          ]
        ]
      }
    },
    {
      "type": "Feature",
      "properties": {
        "contig_id": 54,
        "length_m": 208.334,
        "segment_count": 12,
        "way_names": [],
        "way_ids": [
          280734415,
          1068716500
        ],
        "endpoint_node_ids": [
          747730073,
          2847945648
        ],
        "node_ids": [
          747730073,
          2847945629,
          2847945628,
          747730088,
          2847945650,
          2847945651,
          2847945652,
          2847945647,
          2847945653,
          2847945654,
          2847945655,
          2847945656,
          2847945648
        ],
        "tags": {
          "local:boundary_refs": "r13626194",
          "local:boundary_zone": "core",
          "local:routing_state": "exclude"
        },
        "elevations_m": [
          1660.0,
          1662.0,
          1663.0,
          1664.0,
          1665.0,
          1667.0,
          1668.0,
          1668.0,
          1669.0,
          1666.0,
          1666.0,
          1666.0,
          1665.0
        ]
      },
      "geometry": {
        "type": "LineString",
        "coordinates": [
          [
            36.839853,
            -1.250821
          ],
          [
            36.839874,
            -1.250757
          ],
          [
            36.839915,
            -1.250656
          ],
          [
            36.839905,
            -1.250554
          ],
          [
            36.839907,
            -1.250416
          ],
          [
            36.839915,
            -1.250167
          ],
          [
            36.839932,
            -1.25002
          ],
          [
            36.839933,
            -1.24993
          ],
          [
            36.839957,
            -1.249621
          ],
          [
            36.83996,
            -1.249251
          ],
          [
            36.83999,
            -1.249109
          ],
          [
            36.840008,
            -1.249053
          ],
          [
            36.840047,
            -1.248976
          ]
        ]
      }
    },
    {
      "type": "Feature",
      "properties": {
        "contig_id": 55,
        "length_m": 3.409,
        "segment_count": 3,
        "way_names": [],
        "way_ids": [
          1068716500
        ],
        "endpoint_node_ids": [
          747730073,
          9810272375
        ],
        "node_ids": [
          747730073,
          9810272387,
          9810272388,
          9810272375
        ],
        "tags": {
          "local:boundary_refs": "r13626194",
          "local:boundary_zone": "core"
        },
        "elevations_m": [
          1660.0,
          1660.0,
          1660.0,
          1660.0
        ]
      },
      "geometry": {
        "type": "LineString",
        "coordinates": [
          [
            36.839853,
            -1.250821
          ],
          [
            36.839845,
            -1.250808
          ],
          [
            36.839843,
            -1.250805
          ],
          [
            36.839837,
            -1.250795
          ]
        ]
      }
    },
    {
      "type": "Feature",
      "properties": {
        "contig_id": 56,
        "length_m": 75.801,
        "segment_count": 5,
        "way_names": [
          "Tara Path"
        ],
        "way_ids": [
          1332841838
        ],
        "endpoint_node_ids": [
          747730076,
          2847949545
        ],
        "node_ids": [
          747730076,
          2847949541,
          2847949542,
          2847949543,
          2847949544,
          2847949545
        ],
        "tags": {
          "local:boundary_refs": "r13626194",
          "local:boundary_zone": "core"
        },
        "elevations_m": [
          1690.0,
          1689.0,
          1688.0,
          1687.0,
          1686.0,
          1685.0
        ]
      },
      "geometry": {
        "type": "LineString",
        "coordinates": [
          [
            36.828468,
            -1.226658
          ],
          [
            36.828607,
            -1.226695
          ],
          [
            36.828729,
            -1.226769
          ],
          [
            36.828831,
            -1.226805
          ],
          [
            36.82888,
            -1.226857
          ],
          [
            36.829076,
            -1.226947
          ]
        ]
      }
    },
    {
      "type": "Feature",
      "properties": {
        "contig_id": 57,
        "length_m": 90.66,
        "segment_count": 2,
        "way_names": [],
        "way_ids": [
          1504644454
        ],
        "endpoint_node_ids": [
          747730076,
          12330726051
        ],
        "node_ids": [
          747730076,
          13768240205,
          12330726051
        ],
        "tags": {
          "local:boundary_refs": "r13626194",
          "local:boundary_zone": "core"
        },
        "elevations_m": [
          1690.0,
          1684.0,
          1679.0
        ]
      },
      "geometry": {
        "type": "LineString",
        "coordinates": [
          [
            36.828468,
            -1.226658
          ],
          [
            36.828318,
            -1.227169
          ],
          [
            36.82844,
            -1.227424
          ]
        ]
      }
    },
    {
      "type": "Feature",
      "properties": {
        "contig_id": 58,
        "length_m": 329.385,
        "segment_count": 14,
        "way_names": [
          "Kima Trail"
        ],
        "way_ids": [
          196510846
        ],
        "endpoint_node_ids": [
          747730080,
          9923873816
        ],
        "node_ids": [
          747730080,
          2068386590,
          2068386588,
          2068386585,
          2068386583,
          2068386580,
          2068386577,
          2068386569,
          2068386561,
          2068386556,
          2068386550,
          2068386527,
          2068386521,
          2068386517,
          9923873816
        ],
        "tags": {
          "local:boundary_refs": "r15417497",
          "local:boundary_zone": "core"
        },
        "elevations_m": [
          1696.0,
          1697.0,
          1698.0,
          1699.0,
          1699.0,
          1700.0,
          1701.0,
          1702.0,
          1701.0,
          1701.0,
          1701.0,
          1701.0,
          1701.0,
          1701.0,
          1702.0
        ]
      },
      "geometry": {
        "type": "LineString",
        "coordinates": [
          [
            36.819383,
            -1.238357
          ],
          [
            36.819437,
            -1.23806
          ],
          [
            36.81951,
            -1.237893
          ],
          [
            36.819623,
            -1.237699
          ],
          [
            36.819662,
            -1.237619
          ],
          [
            36.819803,
            -1.237448
          ],
          [
            36.819927,
            -1.237271
          ],
          [
            36.820015,
            -1.237104
          ],
          [
            36.820158,
            -1.236912
          ],
          [
            36.820257,
            -1.23674
          ],
          [
            36.820352,
            -1.23659
          ],
          [
            36.820449,
            -1.236467
          ],
          [
            36.820575,
            -1.236244
          ],
          [
            36.820764,
            -1.236029
          ],
          [
            36.820876,
            -1.235835
          ]
        ]
      }
    },
    {
      "type": "Feature",
      "properties": {
        "contig_id": 59,
        "length_m": 97.406,
        "segment_count": 1,
        "way_names": [
          "Middle Track"
        ],
        "way_ids": [
          142777587
        ],
        "endpoint_node_ids": [
          747730080,
          13556268407
        ],
        "node_ids": [
          747730080,
          13556268407
        ],
        "tags": {
          "local:boundary_refs": "r13626194,r15417497",
          "local:boundary_zone": "buffer"
        },
        "elevations_m": [
          1696.0,
          1701.0
        ]
      },
      "geometry": {
        "type": "LineString",
        "coordinates": [
          [
            36.819383,
            -1.238357
          ],
          [
            36.820257,
            -1.238303
          ]
        ]
      }
    },
    {
      "type": "Feature",
      "properties": {
        "contig_id": 60,
        "length_m": 1491.999,
        "segment_count": 49,
        "way_names": [],
        "way_ids": [
          142776097
        ],
        "endpoint_node_ids": [
          747730084,
          1554849700
        ],
        "node_ids": [
          747730084,
          2847934471,
          2068386564,
          2847934470,
          2068386571,
          2068386566,
          747730049,
          1554849702,
          2847934469,
          747730062,
          2847934468,
          2847934467,
          2847934466,
          1554849699,
          2847934465,
          747730121,
          2847934464,
          747730040,
          2847934463,
          2847934462,
          2847934461,
          747730097,
          2847934460,
          2847934459,
          2847934458,
          747730115,
          2847934457,
          2847934456,
          2847934455,
          1554849695,
          2847934454,
          2847934453,
          1554849690,
          747730077,
          2847934452,
          2847934451,
          747730091,
          2847934450,
          747730056,
          2847934449,
          2847934448,
          2847934447,
          2847934446,
          2847934445,
          747730072,
          2847934444,
          747730036,
          2847934443,
          1554849692,
          1554849700
        ],
        "tags": {
          "local:boundary_refs": "r13626194",
          "local:boundary_zone": "core"
        },
        "elevations_m": [
          1671.0,
          1671.0,
          1670.0,
          1669.0,
          1668.0,
          1667.0,
          1670.0,
          1668.0,
          1668.0,
          1667.0,
          1662.0,
          1662.0,
          1661.0,
          1663.0,
          1664.0,
          1662.0,
          1660.0,
          1657.0,
          1659.0,
          1660.0,
          1656.0,
          1654.0,
          1656.0,
          1656.0,
          1654.0,
          1658.0,
          1659.0,
          1660.0,
          1661.0,
          1656.0,
          1655.0,
          1653.0,
          1652.0,
          1651.0,
          1653.0,
          1655.0,
          1657.0,
          1657.0,
          1655.0,
          1653.0,
          1653.0,
          1654.0,
          1654.0,
          1654.0,
          1653.0,
          1652.0,
          1650.0,
          1647.0,
          1645.0,
          1645.0
        ]
      },
      "geometry": {
        "type": "LineString",
        "coordinates": [
          [
            36.829256,
            -1.237042
          ],
          [
            36.82939,
            -1.237091
          ],
          [
            36.829566,
            -1.237129
          ],
          [
            36.829673,
            -1.237145
          ],
          [
            36.829816,
            -1.237133
          ],
          [
            36.830101,
            -1.237174
          ],
          [
            36.830623,
            -1.237311
          ],
          [
            36.831335,
            -1.237408
          ],
          [
            36.831467,
            -1.237466
          ],
          [
            36.831842,
            -1.237588
          ],
          [
            36.832279,
            -1.237756
          ],
          [
            36.832572,
            -1.237895
          ],
          [
            36.832679,
            -1.237911
          ],
          [
            36.833029,
            -1.238095
          ],
          [
            36.833406,
            -1.238218
          ],
          [
            36.833513,
            -1.238213
          ],
          [
            36.833835,
            -1.238257
          ],
          [
            36.834301,
            -1.238245
          ],
          [
            36.834546,
            -1.238303
          ],
          [
            36.834868,
            -1.238345
          ],
          [
            36.835119,
            -1.238356
          ],
          [
            36.835294,
            -1.238402
          ],
          [
            36.835595,
            -1.238522
          ],
          [
            36.835785,
            -1.238624
          ],
          [
            36.836116,
            -1.238763
          ],
          [
            36.836485,
            -1.238986
          ],
          [
            36.836656,
            -1.239117
          ],
          [
            36.836698,
            -1.239175
          ],
          [
            36.83711,
            -1.239571
          ],
          [
            36.837559,
            -1.239932
          ],
          [
            36.837607,
            -1.239985
          ],
          [
            36.837787,
            -1.240105
          ],
          [
            36.83793,
            -1.240123
          ],
          [
            36.838038,
            -1.240117
          ],
          [
            36.838322,
            -1.240067
          ],
          [
            36.838524,
            -1.239995
          ],
          [
            36.838809,
            -1.239953
          ],
          [
            36.839097,
            -1.23996
          ],
          [
            36.83942,
            -1.239989
          ],
          [
            36.839803,
            -1.240186
          ],
          [
            36.839958,
            -1.240279
          ],
          [
            36.840065,
            -1.240375
          ],
          [
            36.840163,
            -1.24042
          ],
          [
            36.84024,
            -1.240494
          ],
          [
            36.840559,
            -1.240663
          ],
          [
            36.840762,
            -1.240737
          ],
          [
            36.840904,
            -1.240764
          ],
          [
            36.841075,
            -1.240819
          ],
          [
            36.841275,
            -1.240967
          ],
          [
            36.84147,
            -1.241238
          ]
        ]
      }
    },
    {
      "type": "Feature",
      "properties": {
        "contig_id": 61,
        "length_m": 79.216,
        "segment_count": 8,
        "way_names": [],
        "way_ids": [
          1136914474
        ],
        "endpoint_node_ids": [
          747730084,
          2068386553
        ],
        "node_ids": [
          747730084,
          11240466007,
          11240466006,
          11240466005,
          11240466004,
          1554843704,
          2068386558,
          1554843739,
          2068386553
        ],
        "tags": {
          "local:boundary_refs": "r13626194",
          "local:boundary_zone": "core",
          "local:routing_state": "exclude"
        },
        "elevations_m": [
          1671.0,
          1670.0,
          1668.0,
          1668.0,
          1667.0,
          1665.0,
          1664.0,
          1663.0,
          1661.0
        ]
      },
      "geometry": {
        "type": "LineString",
        "coordinates": [
          [
            36.829256,
            -1.237042
          ],
          [
            36.829329,
            -1.237018
          ],
          [
            36.829366,
            -1.236941
          ],
          [
            36.829334,
            -1.236916
          ],
          [
            36.829364,
            -1.236878
          ],
          [
            36.829521,
            -1.236889
          ],
          [
            36.829554,
            -1.236851
          ],
          [
            36.829467,
            -1.236746
          ],
          [
            36.829537,
            -1.236652
          ]
        ]
      }
    },
    {
      "type": "Feature",
      "properties": {
        "contig_id": 62,
        "length_m": 187.516,
        "segment_count": 6,
        "way_names": [
          "Lake Trail"
        ],
        "way_ids": [
          196510851
        ],
        "endpoint_node_ids": [
          747730089,
          7687057397
        ],
        "node_ids": [
          747730089,
          1554851739,
          1554851744,
          1554851727,
          2847824049,
          1554851741,
          7687057397
        ],
        "tags": {
          "local:boundary_refs": "r13626194",
          "local:boundary_zone": "core"
        },
        "elevations_m": [
          1692.0,
          1693.0,
          1695.0,
          1693.0,
          1693.0,
          1693.0,
          1691.0
        ]
      },
      "geometry": {
        "type": "LineString",
        "coordinates": [
          [
            36.820462,
            -1.244439
          ],
          [
            36.820038,
            -1.244433
          ],
          [
            36.819795,
            -1.244432
          ],
          [
            36.819479,
            -1.244341
          ],
          [
            36.819278,
            -1.244225
          ],
          [
            36.819131,
            -1.244121
          ],
          [
            36.818925,
            -1.243933
          ]
        ]
      }
    },
    {
      "type": "Feature",
      "properties": {
        "contig_id": 63,
        "length_m": 129.247,
        "segment_count": 2,
        "way_names": [],
        "way_ids": [
          280720863
        ],
        "endpoint_node_ids": [
          747730089,
          10597364821
        ],
        "node_ids": [
          747730089,
          2847824050,
          10597364821
        ],
        "tags": {
          "local:boundary_refs": "r13626194",
          "local:boundary_zone": "core"
        },
        "elevations_m": [
          1692.0,
          1691.0,
          1691.0
        ]
      },
      "geometry": {
        "type": "LineString",
        "coordinates": [
          [
            36.820462,
            -1.244439
          ],
          [
            36.82027,
            -1.243455
          ],
          [
            36.820191,
            -1.243316
          ]
        ]
      }
    },
    {
      "type": "Feature",
      "properties": {
        "contig_id": 64,
        "length_m": 21.615,
        "segment_count": 1,
        "way_names": [
          "Lake Trail"
        ],
        "way_ids": [
          196510851
        ],
        "endpoint_node_ids": [
          747730089,
          13075347395
        ],
        "node_ids": [
          747730089,
          13075347395
        ],
        "tags": {
          "local:boundary_refs": "r13626194",
          "local:boundary_zone": "core"
        },
        "elevations_m": [
          1692.0,
          1693.0
        ]
      },
      "geometry": {
        "type": "LineString",
        "coordinates": [
          [
            36.820462,
            -1.244439
          ],
          [
            36.820656,
            -1.244442
          ]
        ]
      }
    },
    {
      "type": "Feature",
      "properties": {
        "contig_id": 65,
        "length_m": 297.551,
        "segment_count": 7,
        "way_names": [],
        "way_ids": [
          142061035
        ],
        "endpoint_node_ids": [
          747730094,
          9521586419
        ],
        "node_ids": [
          747730094,
          1554843723,
          1554843719,
          1554843727,
          1554843746,
          1554843744,
          2068386626,
          9521586419
        ],
        "tags": {
          "local:boundary_refs": "r13626194",
          "local:boundary_zone": "core"
        },
        "elevations_m": [
          1685.0,
          1683.0,
          1690.0,
          1696.0,
          1697.0,
          1698.0,
          1699.0,
          1700.0
        ]
      },
      "geometry": {
        "type": "LineString",
        "coordinates": [
          [
            36.824288,
            -1.241371
          ],
          [
            36.824427,
            -1.240925
          ],
          [
            36.824534,
            -1.24056
          ],
          [
            36.824652,
            -1.240185
          ],
          [
            36.824729,
            -1.239721
          ],
          [
            36.824882,
            -1.239199
          ],
          [
            36.824964,
            -1.238925
          ],
          [
            36.82501,
            -1.238798
          ]
        ]
      }
    },
    {
      "type": "Feature",
      "properties": {
        "contig_id": 66,
        "length_m": 360.566,
        "segment_count": 1,
        "way_names": [],
        "way_ids": [
          692748291
        ],
        "endpoint_node_ids": [
          747730094,
          6503768722
        ],
        "node_ids": [
          747730094,
          6503768722
        ],
        "tags": {
          "local:boundary_refs": "r13626194",
          "local:boundary_zone": "core"
        },
        "elevations_m": [
          1685.0,
          1690.0
        ]
      },
      "geometry": {
        "type": "LineString",
        "coordinates": [
          [
            36.824288,
            -1.241371
          ],
          [
            36.823524,
            -1.244523
          ]
        ]
      }
    },
    {
      "type": "Feature",
      "properties": {
        "contig_id": 67,
        "length_m": 848.493,
        "segment_count": 11,
        "way_names": [
          "Middle Track"
        ],
        "way_ids": [
          142777587
        ],
        "endpoint_node_ids": [
          747730117,
          1554849682
        ],
        "node_ids": [
          747730117,
          1554849683,
          2847824259,
          10597364831,
          1554849717,
          1554849705,
          10597364830,
          1554849691,
          1554849693,
          1554849696,
          2847824268,
          1554849682
        ],
        "tags": {
          "local:boundary_refs": "r13626194",
          "local:boundary_zone": "core"
        },
        "elevations_m": [
          1688.0,
          1688.0,
          1686.0,
          1687.0,
          1687.0,
          1679.0,
          1677.0,
          1672.0,
          1675.0,
          1676.0,
          1675.0,
          1676.0
        ]
      },
      "geometry": {
        "type": "LineString",
        "coordinates": [
          [
            36.831305,
            -1.239874
          ],
          [
            36.832441,
            -1.240147
          ],
          [
            36.832742,
            -1.240231
          ],
          [
            36.83331,
            -1.240309
          ],
          [
            36.833834,
            -1.240306
          ],
          [
            36.835679,
            -1.240536
          ],
          [
            36.836384,
            -1.240714
          ],
          [
            36.836988,
            -1.241021
          ],
          [
            36.837299,
            -1.241259
          ],
          [
            36.837763,
            -1.241535
          ],
          [
            36.838106,
            -1.241794
          ],
          [
            36.838434,
            -1.24207
          ]
        ]
      }
    },
    {
      "type": "Feature",
      "properties": {
        "contig_id": 68,
        "length_m": 188.442,
        "segment_count": 3,
        "way_names": [],
        "way_ids": [
          60200206
        ],
        "endpoint_node_ids": [
          747730117,
          748782348
        ],
        "node_ids": [
          747730117,
          1562490570,
          11952128638,
          748782348
        ],
        "tags": {
          "local:boundary_refs": "r13626194",
          "local:boundary_zone": "core"
        },
        "elevations_m": [
          1688.0,
          1681.0,
          1681.0,
          1682.0
        ]
      },
      "geometry": {
        "type": "LineString",
        "coordinates": [
          [
            36.831305,
            -1.239874
          ],
          [
            36.831048,
            -1.241272
          ],
          [
            36.8311,
            -1.241366
          ],
          [
            36.831237,
            -1.241458
          ]
        ]
      }
    },
    {
      "type": "Feature",
      "properties": {
        "contig_id": 69,
        "length_m": 187.483,
        "segment_count": 1,
        "way_names": [
          "Middle Track"
        ],
        "way_ids": [
          142777587
        ],
        "endpoint_node_ids": [
          747730117,
          1562490578
        ],
        "node_ids": [
          747730117,
          1562490578
        ],
        "tags": {
          "local:boundary_refs": "r13626194",
          "local:boundary_zone": "core"
        },
        "elevations_m": [
          1688.0,
          1694.0
        ]
      },
      "geometry": {
        "type": "LineString",
        "coordinates": [
          [
            36.831305,
            -1.239874
          ],
          [
            36.82969,
            -1.239389
          ]
        ]
      }
    },
    {
      "type": "Feature",
      "properties": {
        "contig_id": 70,
        "length_m": 158.105,
        "segment_count": 2,
        "way_names": [],
        "way_ids": [
          142777584
        ],
        "endpoint_node_ids": [
          748782348,
          748782349
        ],
        "node_ids": [
          748782348,
          11957087622,
          748782349
        ],
        "tags": {
          "local:boundary_refs": "r13626194",
          "local:boundary_zone": "core"
        },
        "elevations_m": [
          1682.0,
          1676.0,
          1671.0
        ]
      },
      "geometry": {
        "type": "LineString",
        "coordinates": [
          [
            36.831237,
            -1.241458
          ],
          [
            36.83189,
            -1.241745
          ],
          [
            36.832524,
            -1.242062
          ]
        ]
      }
    },
    {
      "type": "Feature",
      "properties": {
        "contig_id": 71,
        "length_m": 264.182,
        "segment_count": 6,
        "way_names": [],
        "way_ids": [
          60200210
        ],
        "endpoint_node_ids": [
          748782349,
          11952184360
        ],
        "node_ids": [
          748782349,
          747730068,
          11952165190,
          11952165188,
          747730105,
          747730086,
          11952184360
        ],
        "tags": {
          "local:boundary_refs": "r13626194",
          "local:boundary_zone": "core",
          "local:routing_state": "exclude"
        },
        "elevations_m": [
          1671.0,
          1672.0,
          1673.0,
          1676.0,
          1676.0,
          1673.0,
          1672.0
        ]
      },
      "geometry": {
        "type": "LineString",
        "coordinates": [
          [
            36.832524,
            -1.242062
          ],
          [
            36.832295,
            -1.242344
          ],
          [
            36.832219,
            -1.242412
          ],
          [
            36.832467,
            -1.243197
          ],
          [
            36.832714,
            -1.243744
          ],
          [
            36.832964,
            -1.244049
          ],
          [
            36.833042,
            -1.244099
          ]
        ]
      }
    },
    {
      "type": "Feature",
      "properties": {
        "contig_id": 72,
        "length_m": 299.861,
        "segment_count": 8,
        "way_names": [],
        "way_ids": [
          60257575,
          142776560
        ],
        "endpoint_node_ids": [
          748782349,
          6503768714
        ],
        "node_ids": [
          748782349,
          11952165378,
          748782346,
          1562483598,
          1562483597,
          1562490564,
          11957087623,
          1562490565,
          6503768714
        ],
        "tags": {
          "local:boundary_refs": "r13626194",
          "local:boundary_zone": "core"
        },
        "elevations_m": [
          1671.0,
          1670.0,
          1670.0,
          1668.0,
          1665.0,
          1664.0,
          1663.0,
          1663.0,
          1667.0
        ]
      },
      "geometry": {
        "type": "LineString",
        "coordinates": [
          [
            36.832524,
            -1.242062
          ],
          [
            36.83285,
            -1.242241
          ],
          [
            36.833143,
            -1.242384
          ],
          [
            36.833512,
            -1.242521
          ],
          [
            36.833857,
            -1.242668
          ],
          [
            36.834039,
            -1.242817
          ],
          [
            36.834302,
            -1.243096
          ],
          [
            36.834564,
            -1.243325
          ],
          [
            36.834764,
            -1.243498
          ]
        ]
      }
    },
    {
      "type": "Feature",
      "properties": {
        "contig_id": 73,
        "length_m": 24.825,
        "segment_count": 1,
        "way_names": [],
        "way_ids": [
          60257635
        ],
        "endpoint_node_ids": [
          748782536,
          2847824180
        ],
        "node_ids": [
          748782536,
          2847824180
        ],
        "tags": {
          "local:boundary_refs": "r13626194",
          "local:boundary_zone": "core"
        },
        "elevations_m": [
          1674.0,
          1676.0
        ]
      },
      "geometry": {
        "type": "LineString",
        "coordinates": [
          [
            36.835088,
            -1.243654
          ],
          [
            36.835287,
            -1.243754
          ]
        ]
      }
    },
    {
      "type": "Feature",
      "properties": {
        "contig_id": 74,
        "length_m": 39.964,
        "segment_count": 1,
        "way_names": [],
        "way_ids": [
          142776560
        ],
        "endpoint_node_ids": [
          748782536,
          6503768714
        ],
        "node_ids": [
          748782536,
          6503768714
        ],
        "tags": {
          "local:boundary_refs": "r13626194",
          "local:boundary_zone": "core"
        },
        "elevations_m": [
          1674.0,
          1667.0
        ]
      },
      "geometry": {
        "type": "LineString",
        "coordinates": [
          [
            36.835088,
            -1.243654
          ],
          [
            36.834764,
            -1.243498
          ]
        ]
      }
    },
    {
      "type": "Feature",
      "properties": {
        "contig_id": 75,
        "length_m": 189.948,
        "segment_count": 5,
        "way_names": [],
        "way_ids": [
          60200210
        ],
        "endpoint_node_ids": [
          748782536,
          2847945484
        ],
        "node_ids": [
          748782536,
          11952184374,
          11952184373,
          11952184372,
          11952184371,
          2847945484
        ],
        "tags": {
          "local:boundary_refs": "r13626194",
          "local:boundary_zone": "core",
          "local:routing_state": "include"
        },
        "elevations_m": [
          1674.0,
          1674.0,
          1674.0,
          1673.0,
          1672.0,
          1670.0
        ]
      },
      "geometry": {
        "type": "LineString",
        "coordinates": [
          [
            36.835088,
            -1.243654
          ],
          [
            36.835015,
            -1.243986
          ],
          [
            36.834513,
            -1.244166
          ],
          [
            36.834229,
            -1.24421
          ],
          [
            36.833968,
            -1.244285
          ],
          [
            36.833716,
            -1.244398
          ]
        ]
      }
    },
    {
      "type": "Feature",
      "properties": {
        "contig_id": 76,
        "length_m": 215.269,
        "segment_count": 7,
        "way_names": [
          "KFEET Track"
        ],
        "way_ids": [
          60200207
        ],
        "endpoint_node_ids": [
          750599858,
          2068386722
        ],
        "node_ids": [
          750599858,
          271326703,
          2847941647,
          271326702,
          271326701,
          271326700,
          2068437152,
          2068386722
        ],
        "tags": {
          "local:boundary_refs": "r13626194",
          "local:boundary_zone": "core"
        },
        "elevations_m": [
          1692.0,
          1691.0,
          1691.0,
          1690.0,
          1690.0,
          1690.0,
          1693.0,
          1694.0
        ]
      },
      "geometry": {
        "type": "LineString",
        "coordinates": [
          [
            36.817956,
            -1.241438
          ],
          [
            36.817795,
            -1.241491
          ],
          [
            36.817596,
            -1.241578
          ],
          [
            36.817445,
            -1.241678
          ],
          [
            36.817207,
            -1.241898
          ],
          [
            36.816964,
            -1.242163
          ],
          [
            36.816589,
            -1.242601
          ],
          [
            36.816525,
            -1.242688
          ]
        ]
      }
    },
    {
      "type": "Feature",
      "properties": {
        "contig_id": 77,
        "length_m": 26.018,
        "segment_count": 2,
        "way_names": [],
        "way_ids": [
          196510837
        ],
        "endpoint_node_ids": [
          750599858,
          2068386678
        ],
        "node_ids": [
          750599858,
          2068386674,
          2068386678
        ],
        "tags": {
          "local:boundary_refs": "r13626194",
          "local:boundary_zone": "core"
        },
        "elevations_m": [
          1692.0,
          1691.0,
          1690.0
        ]
      },
      "geometry": {
        "type": "LineString",
        "coordinates": [
          [
            36.817956,
            -1.241438
          ],
          [
            36.817928,
            -1.241584
          ],
          [
            36.817867,
            -1.241645
          ]
        ]
      }
    },
    {
      "type": "Feature",
      "properties": {
        "contig_id": 78,
        "length_m": 14.428,
        "segment_count": 1,
        "way_names": [
          "KFEET Track"
        ],
        "way_ids": [
          60200207
        ],
        "endpoint_node_ids": [
          750599858,
          11952125949
        ],
        "node_ids": [
          750599858,
          11952125949
        ],
        "tags": {
          "local:boundary_refs": "r13626194",
          "local:boundary_zone": "core"
        },
        "elevations_m": [
          1692.0,
          1692.0
        ]
      },
      "geometry": {
        "type": "LineString",
        "coordinates": [
          [
            36.817956,
            -1.241438
          ],
          [
            36.81808,
            -1.241398
          ]
        ]
      }
    },
    {
      "type": "Feature",
      "properties": {
        "contig_id": 79,
        "length_m": 192.176,
        "segment_count": 1,
        "way_names": [],
        "way_ids": [
          69025148
        ],
        "endpoint_node_ids": [
          828458423,
          828458426
        ],
        "node_ids": [
          828458423,
          828458426
        ],
        "tags": {
          "local:boundary_refs": "w24040003",
          "local:boundary_zone": "core"
        },
        "elevations_m": [
          1735.0,
          1731.0
        ]
      },
      "geometry": {
        "type": "LineString",
        "coordinates": [
          [
            36.795094,
            -1.240644
          ],
          [
            36.795941,
            -1.239137
          ]
        ]
      }
    },
    {
      "type": "Feature",
      "properties": {
        "contig_id": 80,
        "length_m": 7.92,
        "segment_count": 1,
        "way_names": [],
        "way_ids": [
          69025148
        ],
        "endpoint_node_ids": [
          828458423,
          2847789394
        ],
        "node_ids": [
          828458423,
          2847789394
        ],
        "tags": {
          "local:boundary_refs": "w24040003",
          "local:boundary_zone": "core"
        },
        "elevations_m": [
          1735.0,
          1735.0
        ]
      },
      "geometry": {
        "type": "LineString",
        "coordinates": [
          [
            36.795094,
            -1.240644
          ],
          [
            36.79503,
            -1.240612
          ]
        ]
      }
    },
    {
      "type": "Feature",
      "properties": {
        "contig_id": 81,
        "length_m": 15.261,
        "segment_count": 3,
        "way_names": [
          "Mukeu Trail"
        ],
        "way_ids": [
          280717984,
          755810765
        ],
        "endpoint_node_ids": [
          828458423,
          13845622502
        ],
        "node_ids": [
          828458423,
          6377041323,
          2847798073,
          13845622502
        ],
        "tags": {
          "local:boundary_refs": "w24040003",
          "local:boundary_zone": "core"
        },
        "elevations_m": [
          1735.0,
          1736.0,
          1736.0,
          1736.0
        ]
      },
      "geometry": {
        "type": "LineString",
        "coordinates": [
          [
            36.795094,
            -1.240644
          ],
          [
            36.795168,
            -1.240661
          ],
          [
            36.795183,
            -1.24067
          ],
          [
            36.79522,
            -1.240693
          ]
        ]
      }
    },
    {
      "type": "Feature",
      "properties": {
        "contig_id": 82,
        "length_m": 183.387,
        "segment_count": 2,
        "way_names": [],
        "way_ids": [
          678347532
        ],
        "endpoint_node_ids": [
          828458425,
          6351733415
        ],
        "node_ids": [
          828458425,
          6351598648,
          6351733415
        ],
        "tags": {
          "local:boundary_refs": "w24040003",
          "local:boundary_zone": "buffer"
        },
        "elevations_m": [
          1731.0,
          1732.0,
          1734.0
        ]
      },
      "geometry": {
        "type": "LineString",
        "coordinates": [
          [
            36.797515,
            -1.236117
          ],
          [
            36.797502,
            -1.236161
          ],
          [
            36.796791,
            -1.237598
          ]
        ]
      }
    },
    {
      "type": "Feature",
      "properties": {
        "contig_id": 83,
        "length_m": 195.534,
        "segment_count": 1,
        "way_names": [],
        "way_ids": [
          69025148
        ],
        "endpoint_node_ids": [
          828458426,
          6351733415
        ],
        "node_ids": [
          828458426,
          6351733415
        ],
        "tags": {
          "local:boundary_refs": "w24040003",
          "local:boundary_zone": "core"
        },
        "elevations_m": [
          1731.0,
          1734.0
        ]
      },
      "geometry": {
        "type": "LineString",
        "coordinates": [
          [
            36.795941,
            -1.239137
          ],
          [
            36.796791,
            -1.237598
          ]
        ]
      }
    },
    {
      "type": "Feature",
      "properties": {
        "contig_id": 84,
        "length_m": 22.324,
        "segment_count": 1,
        "way_names": [],
        "way_ids": [
          69025148
        ],
        "endpoint_node_ids": [
          828458427,
          2847789394
        ],
        "node_ids": [
          828458427,
          2847789394
        ],
        "tags": {
          "local:boundary_refs": "w24040003",
          "local:boundary_zone": "buffer"
        },
        "elevations_m": [
          1734.0,
          1735.0
        ]
      },
      "geometry": {
        "type": "LineString",
        "coordinates": [
          [
            36.794851,
            -1.240521
          ],
          [
            36.79503,
            -1.240612
          ]
        ]
      }
    },
    {
      "type": "Feature",
      "properties": {
        "contig_id": 85,
        "length_m": 50.003,
        "segment_count": 5,
        "way_names": [],
        "way_ids": [
          142061035,
          196510839,
          196510845
        ],
        "endpoint_node_ids": [
          1554843701,
          1554843709
        ],
        "node_ids": [
          1554843701,
          1554843754,
          2068386481,
          2068386478,
          2068386472,
          1554843709
        ],
        "tags": {
          "local:boundary_refs": "r13626194",
          "local:boundary_zone": "core"
        },
        "elevations_m": [
          1668.0,
          1668.0,
          1669.0,
          1669.0,
          1668.0,
          1668.0
        ]
      },
      "geometry": {
        "type": "LineString",
        "coordinates": [
          [
            36.826287,
            -1.234637
          ],
          [
            36.826309,
            -1.234534
          ],
          [
            36.826337,
            -1.234449
          ],
          [
            36.826364,
            -1.234389
          ],
          [
            36.826494,
            -1.23433
          ],
          [
            36.826521,
            -1.234293
          ]
        ]
      }
    },
    {
      "type": "Feature",
      "properties": {
        "contig_id": 86,
        "length_m": 171.501,
        "segment_count": 9,
        "way_names": [],
        "way_ids": [
          142061035
        ],
        "endpoint_node_ids": [
          1554843701,
          1554843748
        ],
        "node_ids": [
          1554843701,
          2068386492,
          2068386824,
          1554843750,
          1554843751,
          2068386486,
          1554843732,
          2068386470,
          2068386469,
          1554843748
        ],
        "tags": {
          "local:boundary_refs": "r13626194",
          "local:boundary_zone": "core"
        },
        "elevations_m": [
          1668.0,
          1668.0,
          1670.0,
          1671.0,
          1675.0,
          1679.0,
          1680.0,
          1680.0,
          1680.0,
          1680.0
        ]
      },
      "geometry": {
        "type": "LineString",
        "coordinates": [
          [
            36.826287,
            -1.234637
          ],
          [
            36.826262,
            -1.234713
          ],
          [
            36.826229,
            -1.23476
          ],
          [
            36.826161,
            -1.234762
          ],
          [
            36.82591,
            -1.234665
          ],
          [
            36.825615,
            -1.234522
          ],
          [
            36.825435,
            -1.234403
          ],
          [
            36.825231,
            -1.234308
          ],
          [
            36.825033,
            -1.234262
          ],
          [
            36.824942,
            -1.234231
          ]
        ]
      }
    },
    {
      "type": "Feature",
      "properties": {
        "contig_id": 87,
        "length_m": 460.56,
        "segment_count": 18,
        "way_names": [],
        "way_ids": [
          142776098,
          196510840,
          196510852
        ],
        "endpoint_node_ids": [
          1554843709,
          2068386553
        ],
        "node_ids": [
          1554843709,
          2068386467,
          1554843710,
          1554843747,
          1554843742,
          2068386502,
          2068386504,
          2068386506,
          2068386508,
          1562490583,
          2068386512,
          1562490581,
          2068386515,
          2068386519,
          1562490582,
          2068386525,
          2068386530,
          2068386536,
          2068386553
        ],
        "tags": {
          "local:boundary_refs": "r13626194",
          "local:boundary_zone": "core",
          "local:routing_state": "exclude"
        },
        "elevations_m": [
          1668.0,
          1669.0,
          1666.0,
          1664.0,
          1662.0,
          1662.0,
          1663.0,
          1663.0,
          1663.0,
          1664.0,
          1664.0,
          1664.0,
          1663.0,
          1663.0,
          1664.0,
          1664.0,
          1663.0,
          1661.0,
          1661.0
        ]
      },
      "geometry": {
        "type": "LineString",
        "coordinates": [
          [
            36.826521,
            -1.234293
          ],
          [
            36.826604,
            -1.234231
          ],
          [
            36.826772,
            -1.234384
          ],
          [
            36.827028,
            -1.234696
          ],
          [
            36.827795,
            -1.235228
          ],
          [
            36.827847,
            -1.235242
          ],
          [
            36.827871,
            -1.235288
          ],
          [
            36.827838,
            -1.235295
          ],
          [
            36.827805,
            -1.235359
          ],
          [
            36.827844,
            -1.235487
          ],
          [
            36.82797,
            -1.235597
          ],
          [
            36.828404,
            -1.235826
          ],
          [
            36.828541,
            -1.235929
          ],
          [
            36.828676,
            -1.236125
          ],
          [
            36.828746,
            -1.236292
          ],
          [
            36.828914,
            -1.236423
          ],
          [
            36.828986,
            -1.236469
          ],
          [
            36.829394,
            -1.236584
          ],
          [
            36.829537,
            -1.236652
          ]
        ]
      }
    },
    {
      "type": "Feature",
      "properties": {
        "contig_id": 88,
        "length_m": 140.763,
        "segment_count": 6,
        "way_names": [
          "Tara Path"
        ],
        "way_ids": [
          1332841839
        ],
        "endpoint_node_ids": [
          1554843709,
          2847949503
        ],
        "node_ids": [
          1554843709,
          2847943998,
          2847943999,
          2847944000,
          2847949501,
          2847949502,
          2847949503
        ],
        "tags": {
          "local:boundary_refs": "r13626194",
          "local:boundary_zone": "core"
        },
        "elevations_m": [
          1668.0,
          1669.0,
          1671.0,
          1672.0,
          1676.0,
          1676.0,
          1678.0
        ]
      },
      "geometry": {
        "type": "LineString",
        "coordinates": [
          [
            36.826521,
            -1.234293
          ],
          [
            36.82637,
            -1.23432
          ],
          [
            36.826262,
            -1.234231
          ],
          [
            36.826262,
            -1.233726
          ],
          [
            36.826303,
            -1.23344
          ],
          [
            36.826296,
            -1.233406
          ],
          [
            36.826219,
            -1.233285
          ]
        ]
      }
    },
    {
      "type": "Feature",
      "properties": {
        "contig_id": 89,
        "length_m": 537.553,
        "segment_count": 14,
        "way_names": [],
        "way_ids": [
          142061035
        ],
        "endpoint_node_ids": [
          1554843748,
          9521586419
        ],
        "node_ids": [
          1554843748,
          1554843733,
          1554843707,
          1554843708,
          1554843725,
          1554843713,
          1554843715,
          1554843718,
          1554843721,
          1554843724,
          1554843729,
          1554843736,
          1554843740,
          1554843741,
          9521586419
        ],
        "tags": {
          "local:boundary_refs": "r13626194",
          "local:boundary_zone": "core"
        },
        "elevations_m": [
          1680.0,
          1683.0,
          1685.0,
          1686.0,
          1690.0,
          1691.0,
          1692.0,
          1694.0,
          1697.0,
          1698.0,
          1700.0,
          1699.0,
          1699.0,
          1701.0,
          1700.0
        ]
      },
      "geometry": {
        "type": "LineString",
        "coordinates": [
          [
            36.824942,
            -1.234231
          ],
          [
            36.82506,
            -1.234489
          ],
          [
            36.825167,
            -1.234736
          ],
          [
            36.825306,
            -1.234939
          ],
          [
            36.82551,
            -1.235272
          ],
          [
            36.825639,
            -1.235519
          ],
          [
            36.825682,
            -1.235722
          ],
          [
            36.825682,
            -1.23598
          ],
          [
            36.825585,
            -1.236355
          ],
          [
            36.825435,
            -1.236935
          ],
          [
            36.825381,
            -1.237289
          ],
          [
            36.825263,
            -1.237632
          ],
          [
            36.825188,
            -1.238039
          ],
          [
            36.825103,
            -1.238425
          ],
          [
            36.82501,
            -1.238798
          ]
        ]
      }
    },
    {
      "type": "Feature",
      "properties": {
        "contig_id": 90,
        "length_m": 90.395,
        "segment_count": 9,
        "way_names": [],
        "way_ids": [
          196510836
        ],
        "endpoint_node_ids": [
          1554843748,
          2068386428
        ],
        "node_ids": [
          1554843748,
          2068386465,
          2068386463,
          2068386459,
          2068386456,
          2068386453,
          2068386448,
          2068386434,
          2068386431,
          2068386428
        ],
        "tags": {
          "local:boundary_refs": "r13626194",
          "local:boundary_zone": "core"
        },
        "elevations_m": [
          1680.0,
          1679.0,
          1678.0,
          1677.0,
          1677.0,
          1676.0,
          1676.0,
          1676.0,
          1677.0,
          1677.0
        ]
      },
      "geometry": {
        "type": "LineString",
        "coordinates": [
          [
            36.824942,
            -1.234231
          ],
          [
            36.824883,
            -1.234167
          ],
          [
            36.824841,
            -1.234101
          ],
          [
            36.824784,
            -1.234035
          ],
          [
            36.824711,
            -1.233964
          ],
          [
            36.824592,
            -1.23385
          ],
          [
            36.824517,
            -1.233788
          ],
          [
            36.824447,
            -1.233748
          ],
          [
            36.824385,
            -1.233702
          ],
          [
            36.824376,
            -1.233664
          ]
        ]
      }
    },
    {
      "type": "Feature",
      "properties": {
        "contig_id": 91,
        "length_m": 183.962,
        "segment_count": 8,
        "way_names": [
          "Middle Track"
        ],
        "way_ids": [
          142777587
        ],
        "endpoint_node_ids": [
          1554849682,
          1554849708
        ],
        "node_ids": [
          1554849682,
          2847824269,
          1554849701,
          2847824270,
          2847934474,
          1554849703,
          2847824271,
          1554849681,
          1554849708
        ],
        "tags": {
          "local:boundary_refs": "r13626194",
          "local:boundary_zone": "core"
        },
        "elevations_m": [
          1676.0,
          1676.0,
          1676.0,
          1675.0,
          1675.0,
          1676.0,
          1676.0,
          1674.0,
          1670.0
        ]
      },
      "geometry": {
        "type": "LineString",
        "coordinates": [
          [
            36.838434,
            -1.24207
          ],
          [
            36.838492,
            -1.24216
          ],
          [
            36.838645,
            -1.242255
          ],
          [
            36.83875,
            -1.242354
          ],
          [
            36.838865,
            -1.242492
          ],
          [
            36.838967,
            -1.242639
          ],
          [
            36.839069,
            -1.24283
          ],
          [
            36.839231,
            -1.243192
          ],
          [
            36.839299,
            -1.243434
          ]
        ]
      }
    },
    {
      "type": "Feature",
      "properties": {
        "contig_id": 92,
        "length_m": 78.963,
        "segment_count": 2,
        "way_names": [],
        "way_ids": [
          692748286
        ],
        "endpoint_node_ids": [
          1554849682,
          6503768702
        ],
        "node_ids": [
          1554849682,
          6503768701,
          6503768702
        ],
        "tags": {
          "local:boundary_refs": "r13626194",
          "local:boundary_zone": "core"
        },
        "elevations_m": [
          1676.0,
          1676.0,
          1671.0
        ]
      },
      "geometry": {
        "type": "LineString",
        "coordinates": [
          [
            36.838434,
            -1.24207
          ],
          [
            36.838104,
            -1.24209
          ],
          [
            36.837769,
            -1.242268
          ]
        ]
      }
    },
    {
      "type": "Feature",
      "properties": {
        "contig_id": 93,
        "length_m": 171.609,
        "segment_count": 4,
        "way_names": [
          "Middle Track"
        ],
        "way_ids": [
          142777587
        ],
        "endpoint_node_ids": [
          1554849708,
          1554849718
        ],
        "node_ids": [
          1554849708,
          1554849714,
          2847934475,
          2847934476,
          1554849718
        ],
        "tags": {
          "local:boundary_refs": "r13626194",
          "local:boundary_zone": "core"
        },
        "elevations_m": [
          1670.0,
          1667.0,
          1664.0,
          1662.0,
          1661.0
        ]
      },
      "geometry": {
        "type": "LineString",
        "coordinates": [
          [
            36.839299,
            -1.243434
          ],
          [
            36.839382,
            -1.243634
          ],
          [
            36.839676,
            -1.244251
          ],
          [
            36.839771,
            -1.244484
          ],
          [
            36.839915,
            -1.244848
          ]
        ]
      }
    },
    {
      "type": "Feature",
      "properties": {
        "contig_id": 94,
        "length_m": 299.402,
        "segment_count": 8,
        "way_names": [],
        "way_ids": [
          142776095
        ],
        "endpoint_node_ids": [
          1554849708,
          1562475927
        ],
        "node_ids": [
          1554849708,
          2847824253,
          2847824254,
          1562475961,
          2847824255,
          1562475965,
          1562475970,
          1562475924,
          1562475927
        ],
        "tags": {
          "local:boundary_refs": "r13626194",
          "local:boundary_zone": "core"
        },
        "elevations_m": [
          1670.0,
          1668.0,
          1667.0,
          1666.0,
          1664.0,
          1664.0,
          1662.0,
          1664.0,
          1664.0
        ]
      },
      "geometry": {
        "type": "LineString",
        "coordinates": [
          [
            36.839299,
            -1.243434
          ],
          [
            36.839183,
            -1.243655
          ],
          [
            36.839096,
            -1.243858
          ],
          [
            36.839015,
            -1.244099
          ],
          [
            36.838849,
            -1.244467
          ],
          [
            36.838743,
            -1.244738
          ],
          [
            36.838527,
            -1.24527
          ],
          [
            36.838385,
            -1.245736
          ],
          [
            36.838289,
            -1.245925
          ]
        ]
      }
    },
    {
      "type": "Feature",
      "properties": {
        "contig_id": 95,
        "length_m": 375.397,
        "segment_count": 4,
        "way_names": [
          "Middle Track"
        ],
        "way_ids": [
          142777587
        ],
        "endpoint_node_ids": [
          1554849718,
          6503768700
        ],
        "node_ids": [
          1554849718,
          9810358818,
          1554849712,
          6503768699,
          6503768700
        ],
        "tags": {
          "local:boundary_refs": "r13626194",
          "local:boundary_zone": "core",
          "local:routing_state": "exclude"
        },
        "elevations_m": [
          1661.0,
          1661.0,
          1664.0,
          1665.0,
          1665.0
        ]
      },
      "geometry": {
        "type": "LineString",
        "coordinates": [
          [
            36.839915,
            -1.244848
          ],
          [
            36.83993,
            -1.244887
          ],
          [
            36.840566,
            -1.246491
          ],
          [
            36.840587,
            -1.246827
          ],
          [
            36.839993,
            -1.247952
          ]
        ]
      }
    },
    {
      "type": "Feature",
      "properties": {
        "contig_id": 96,
        "length_m": 98.647,
        "segment_count": 2,
        "way_names": [
          "KFEET Track"
        ],
        "way_ids": [
          60200207
        ],
        "endpoint_node_ids": [
          1554851721,
          2068421872
        ],
        "node_ids": [
          1554851721,
          426434127,
          2068421872
        ],
        "tags": {
          "local:boundary_refs": "r13626194",
          "local:boundary_zone": "core"
        },
        "elevations_m": [
          1686.0,
          1678.0,
          1672.0
        ]
      },
      "geometry": {
        "type": "LineString",
        "coordinates": [
          [
            36.817251,
            -1.246462
          ],
          [
            36.817551,
            -1.246938
          ],
          [
            36.81769,
            -1.247231
          ]
        ]
      }
    },
    {
      "type": "Feature",
      "properties": {
        "contig_id": 97,
        "length_m": 360.738,
        "segment_count": 14,
        "way_names": [
          "KFEET Track"
        ],
        "way_ids": [
          60200207
        ],
        "endpoint_node_ids": [
          1554851721,
          13824469656
        ],
        "node_ids": [
          1554851721,
          2847941637,
          2847941638,
          2847941639,
          2847941640,
          2847941641,
          2847941642,
          2068437229,
          2068437226,
          2847941643,
          2847941644,
          2847941645,
          2068437156,
          271326695,
          13824469656
        ],
        "tags": {
          "local:boundary_refs": "r13626194",
          "local:boundary_zone": "core"
        },
        "elevations_m": [
          1686.0,
          1687.0,
          1689.0,
          1692.0,
          1693.0,
          1695.0,
          1696.0,
          1696.0,
          1697.0,
          1699.0,
          1700.0,
          1697.0,
          1694.0,
          1694.0,
          1694.0
        ]
      },
      "geometry": {
        "type": "LineString",
        "coordinates": [
          [
            36.817251,
            -1.246462
          ],
          [
            36.817233,
            -1.246417
          ],
          [
            36.81716,
            -1.246337
          ],
          [
            36.816996,
            -1.246099
          ],
          [
            36.816888,
            -1.245913
          ],
          [
            36.816522,
            -1.245377
          ],
          [
            36.816336,
            -1.245141
          ],
          [
            36.816194,
            -1.24494
          ],
          [
            36.815957,
            -1.24457
          ],
          [
            36.815866,
            -1.244441
          ],
          [
            36.815822,
            -1.244346
          ],
          [
            36.815642,
            -1.244026
          ],
          [
            36.815581,
            -1.243858
          ],
          [
            36.815557,
            -1.243798
          ],
          [
            36.815554,
            -1.243722
          ]
        ]
      }
    },
    {
      "type": "Feature",
      "properties": {
        "contig_id": 98,
        "length_m": 16.131,
        "segment_count": 1,
        "way_names": [
          "Olive Path"
        ],
        "way_ids": [
          142061818
        ],
        "endpoint_node_ids": [
          1554851721,
          13075347375
        ],
        "node_ids": [
          1554851721,
          13075347375
        ],
        "tags": {
          "local:boundary_refs": "r13626194",
          "local:boundary_zone": "core"
        },
        "elevations_m": [
          1686.0,
          1688.0
        ]
      },
      "geometry": {
        "type": "LineString",
        "coordinates": [
          [
            36.817251,
            -1.246462
          ],
          [
            36.817317,
            -1.246332
          ]
        ]
      }
    },
    {
      "type": "Feature",
      "properties": {
        "contig_id": 99,
        "length_m": 34.415,
        "segment_count": 2,
        "way_names": [
          "Lake Trail"
        ],
        "way_ids": [
          196510851
        ],
        "endpoint_node_ids": [
          1554851731,
          7687057397
        ],
        "node_ids": [
          1554851731,
          1554851730,
          7687057397
        ],
        "tags": {
          "local:boundary_refs": "r13626194",
          "local:boundary_zone": "core",
          "local:routing_state": "include"
        },
        "elevations_m": [
          1691.0,
          1691.0,
          1691.0
        ]
      },
      "geometry": {
        "type": "LineString",
        "coordinates": [
          [
            36.818676,
            -1.243756
          ],
          [
            36.818882,
            -1.243876
          ],
          [
            36.818925,
            -1.243933
          ]
        ]
      }
    },
    {
      "type": "Feature",
      "properties": {
        "contig_id": 100,
        "length_m": 83.549,
        "segment_count": 4,
        "way_names": [
          "Lake Trail"
        ],
        "way_ids": [
          196510838
        ],
        "endpoint_node_ids": [
          1554851731,
          2068386801
        ],
        "node_ids": [
          1554851731,
          2068386810,
          2068386807,
          2068386804,
          2068386801
        ],
        "tags": {
          "local:boundary_refs": "r13626194",
          "local:boundary_zone": "core"
        },
        "elevations_m": [
          1691.0,
          1690.0,
          1689.0,
          1688.0,
          1689.0
        ]
      },
      "geometry": {
        "type": "LineString",
        "coordinates": [
          [
            36.818676,
            -1.243756
          ],
          [
            36.818377,
            -1.243662
          ],
          [
            36.818225,
            -1.243593
          ],
          [
            36.818055,
            -1.243564
          ],
          [
            36.81796,
            -1.243539
          ]
        ]
      }
    },
    {
      "type": "Feature",
      "properties": {
        "contig_id": 101,
        "length_m": 74.111,
        "segment_count": 5,
        "way_names": [
          "Olive Path"
        ],
        "way_ids": [
          142061818
        ],
        "endpoint_node_ids": [
          1554851731,
          13075347376
        ],
        "node_ids": [
          1554851731,
          2068386812,
          2068386814,
          2068386817,
          1554851729,
          13075347376
        ],
        "tags": {
          "local:boundary_refs": "r13626194",
          "local:boundary_zone": "core"
        },
        "elevations_m": [
          1691.0,
          1691.0,
          1692.0,
          1692.0,
          1693.0,
          1694.0
        ]
      },
      "geometry": {
        "type": "LineString",
        "coordinates": [
          [
            36.818676,
            -1.243756
          ],
          [
            36.818703,
            -1.243848
          ],
          [
            36.818692,
            -1.243937
          ],
          [
            36.818641,
            -1.243986
          ],
          [
            36.818585,
            -1.244077
          ],
          [
            36.818452,
            -1.24435
          ]
        ]
      }
    },
    {
      "type": "Feature",
      "properties": {
        "contig_id": 102,
        "length_m": 463.183,
        "segment_count": 8,
        "way_names": [],
        "way_ids": [
          60257635
        ],
        "endpoint_node_ids": [
          1562475927,
          2847824180
        ],
        "node_ids": [
          1562475927,
          1562480536,
          1562480535,
          1562480523,
          1562480534,
          1562480531,
          1562480533,
          747730078,
          2847824180
        ],
        "tags": {
          "local:boundary_refs": "r13626194",
          "local:boundary_zone": "core"
        },
        "elevations_m": [
          1664.0,
          1670.0,
          1672.0,
          1675.0,
          1676.0,
          1675.0,
          1674.0,
          1681.0,
          1676.0
        ]
      },
      "geometry": {
        "type": "LineString",
        "coordinates": [
          [
            36.838289,
            -1.245925
          ],
          [
            36.837542,
            -1.245175
          ],
          [
            36.83733,
            -1.244781
          ],
          [
            36.837148,
            -1.244352
          ],
          [
            36.837161,
            -1.244156
          ],
          [
            36.836873,
            -1.24403
          ],
          [
            36.836709,
            -1.243948
          ],
          [
            36.836001,
            -1.244072
          ],
          [
            36.835287,
            -1.243754
          ]
        ]
      }
    },
    {
      "type": "Feature",
      "properties": {
        "contig_id": 103,
        "length_m": 169.417,
        "segment_count": 1,
        "way_names": [],
        "way_ids": [
          692748288
        ],
        "endpoint_node_ids": [
          1562475927,
          6503768711
        ],
        "node_ids": [
          1562475927,
          6503768711
        ],
        "tags": {
          "local:boundary_refs": "r13626194",
          "local:boundary_zone": "core"
        },
        "elevations_m": [
          1664.0,
          1664.0
        ]
      },
      "geometry": {
        "type": "LineString",
        "coordinates": [
          [
            36.838289,
            -1.245925
          ],
          [
            36.837743,
            -1.247348
          ]
        ]
      }
    },
    {
      "type": "Feature",
      "properties": {
        "contig_id": 104,
        "length_m": 294.65,
        "segment_count": 4,
        "way_names": [],
        "way_ids": [
          142776101
        ],
        "endpoint_node_ids": [
          1562475927,
          6503768700
        ],
        "node_ids": [
          1562475927,
          9810272408,
          748782301,
          747730058,
          6503768700
        ],
        "tags": {
          "local:boundary_refs": "r13626194",
          "local:boundary_zone": "core",
          "local:routing_state": "exclude"
        },
        "elevations_m": [
          1664.0,
          1664.0,
          1661.0,
          1662.0,
          1665.0
        ]
      },
      "geometry": {
        "type": "LineString",
        "coordinates": [
          [
            36.838289,
            -1.245925
          ],
          [
            36.838305,
            -1.245946
          ],
          [
            36.838653,
            -1.246403
          ],
          [
            36.839574,
            -1.24743
          ],
          [
            36.839993,
            -1.247952
          ]
        ]
      }
    },
    {
      "type": "Feature",
      "properties": {
        "contig_id": 105,
        "length_m": 525.27,
        "segment_count": 4,
        "way_names": [
          "Middle Track"
        ],
        "way_ids": [
          142777587
        ],
        "endpoint_node_ids": [
          1562490578,
          9521586419
        ],
        "node_ids": [
          1562490578,
          10597364828,
          10597364827,
          13075357895,
          9521586419
        ],
        "tags": {
          "local:boundary_refs": "r13626194",
          "local:boundary_zone": "core"
        },
        "elevations_m": [
          1694.0,
          1696.0,
          1701.0,
          1701.0,
          1700.0
        ]
      },
      "geometry": {
        "type": "LineString",
        "coordinates": [
          [
            36.82969,
            -1.239389
          ],
          [
            36.828532,
            -1.239119
          ],
          [
            36.827504,
            -1.239022
          ],
          [
            36.826799,
            -1.238959
          ],
          [
            36.82501,
            -1.238798
          ]
        ]
      }
    },
    {
      "type": "Feature",
      "properties": {
        "contig_id": 106,
        "length_m": 3.734,
        "segment_count": 1,
        "way_names": [
          "KFEET Track"
        ],
        "way_ids": [
          60200207
        ],
        "endpoint_node_ids": [
          2026570585,
          2068421872
        ],
        "node_ids": [
          2026570585,
          2068421872
        ],
        "tags": {
          "local:boundary_refs": "r13626194",
          "local:boundary_zone": "core"
        },
        "elevations_m": [
          1671.0,
          1672.0
        ]
      },
      "geometry": {
        "type": "LineString",
        "coordinates": [
          [
            36.817669,
            -1.247257
          ],
          [
            36.81769,
            -1.247231
          ]
        ]
      }
    },
    {
      "type": "Feature",
      "properties": {
        "contig_id": 107,
        "length_m": 48.037,
        "segment_count": 3,
        "way_names": [
          "KFEET Track"
        ],
        "way_ids": [
          60200207
        ],
        "endpoint_node_ids": [
          2026570585,
          2068417293
        ],
        "node_ids": [
          2026570585,
          2847941636,
          2026570604,
          2068417293
        ],
        "tags": {
          "local:boundary_refs": "r13626194",
          "local:boundary_zone": "core",
          "local:routing_state": "exclude"
        },
        "elevations_m": [
          1671.0,
          1670.0,
          1669.0,
          1669.0
        ]
      },
      "geometry": {
        "type": "LineString",
        "coordinates": [
          [
            36.817669,
            -1.247257
          ],
          [
            36.817575,
            -1.247308
          ],
          [
            36.817435,
            -1.247339
          ],
          [
            36.817254,
            -1.247316
          ]
        ]
      }
    },
    {
      "type": "Feature",
      "properties": {
        "contig_id": 108,
        "length_m": 4.654,
        "segment_count": 1,
        "way_names": [
          "Family Trail"
        ],
        "way_ids": [
          280720869
        ],
        "endpoint_node_ids": [
          2026570585,
          13075347358
        ],
        "node_ids": [
          2026570585,
          13075347358
        ],
        "tags": {
          "local:boundary_refs": "r13626194",
          "local:boundary_zone": "core"
        },
        "elevations_m": [
          1671.0,
          1672.0
        ]
      },
      "geometry": {
        "type": "LineString",
        "coordinates": [
          [
            36.817669,
            -1.247257
          ],
          [
            36.817706,
            -1.247239
          ]
        ]
      }
    },
    {
      "type": "Feature",
      "properties": {
        "contig_id": 109,
        "length_m": 11.259,
        "segment_count": 1,
        "way_names": [
          "KFEET Track"
        ],
        "way_ids": [
          60200207
        ],
        "endpoint_node_ids": [
          2026570598,
          2847941633
        ],
        "node_ids": [
          2026570598,
          2847941633
        ],
        "tags": {
          "local:boundary_refs": "r13626194,w24040003",
          "local:boundary_zone": "buffer",
          "local:unavailable_until": "2026-06-30"
        },
        "elevations_m": [
          1667.0,
          1666.0
        ]
      },
      "geometry": {
        "type": "LineString",
        "coordinates": [
          [
            36.816034,
            -1.247154
          ],
          [
            36.815935,
            -1.247174
          ]
        ]
      }
    },
    {
      "type": "Feature",
      "properties": {
        "contig_id": 110,
        "length_m": 135.249,
        "segment_count": 5,
        "way_names": [
          "KFEET Track"
        ],
        "way_ids": [
          60200207
        ],
        "endpoint_node_ids": [
          2026570598,
          6784413870
        ],
        "node_ids": [
          2026570598,
          2847941634,
          2847941635,
          2026570529,
          2026570569,
          6784413870
        ],
        "tags": {
          "local:boundary_refs": "r13626194",
          "local:boundary_zone": "core",
          "local:unavailable_until": "2026-06-30"
        },
        "elevations_m": [
          1667.0,
          1669.0,
          1670.0,
          1666.0,
          1668.0,
          1669.0
        ]
      },
      "geometry": {
        "type": "LineString",
        "coordinates": [
          [
            36.816034,
            -1.247154
          ],
          [
            36.816246,
            -1.247154
          ],
          [
            36.816451,
            -1.247161
          ],
          [
            36.816684,
            -1.247228
          ],
          [
            36.817116,
            -1.247279
          ],
          [
            36.817234,
            -1.247309
          ]
        ]
      }
    },
    {
      "type": "Feature",
      "properties": {
        "contig_id": 111,
        "length_m": 16.535,
        "segment_count": 1,
        "way_names": [
          "Limuru Road"
        ],
        "way_ids": [
          40315869
        ],
        "endpoint_node_ids": [
          2026570610,
          6366642358
        ],
        "node_ids": [
          2026570610,
          6366642358
        ],
        "tags": {
          "local:boundary_refs": "w24040003",
          "local:boundary_zone": "core"
        },
        "elevations_m": [
          1675.0,
          1675.0
        ]
      },
      "geometry": {
        "type": "LineString",
        "coordinates": [
          [
            36.816841,
            -1.248607
          ],
          [
            36.816981,
            -1.248657
          ]
        ]
      }
    },
    {
      "type": "Feature",
      "properties": {
        "contig_id": 112,
        "length_m": 43.029,
        "segment_count": 2,
        "way_names": [
          "Limuru Road"
        ],
        "way_ids": [
          40315869
        ],
        "endpoint_node_ids": [
          2026570610,
          7687042100
        ],
        "node_ids": [
          2026570610,
          6366642362,
          7687042100
        ],
        "tags": {
          "local:boundary_refs": "r13626194,w24040003",
          "local:boundary_zone": "buffer"
        },
        "elevations_m": [
          1675.0,
          1674.0,
          1672.0
        ]
      },
      "geometry": {
        "type": "LineString",
        "coordinates": [
          [
            36.816841,
            -1.248607
          ],
          [
            36.816644,
            -1.248492
          ],
          [
            36.816515,
            -1.248399
          ]
        ]
      }
    },
    {
      "type": "Feature",
      "properties": {
        "contig_id": 113,
        "length_m": 101.581,
        "segment_count": 5,
        "way_names": [
          "Limuru Road"
        ],
        "way_ids": [
          40315869
        ],
        "endpoint_node_ids": [
          2026570612,
          8519953643
        ],
        "node_ids": [
          2026570612,
          8547923495,
          6366563554,
          2026570572,
          5352474505,
          8519953643
        ],
        "tags": {
          "local:boundary_refs": "w24040003",
          "local:boundary_zone": "buffer"
        },
        "elevations_m": [
          1683.0,
          1682.0,
          1681.0,
          1677.0,
          1675.0,
          1677.0
        ]
      },
      "geometry": {
        "type": "LineString",
        "coordinates": [
          [
            36.819104,
            -1.249059
          ],
          [
            36.818974,
            -1.249034
          ],
          [
            36.818825,
            -1.249018
          ],
          [
            36.818519,
            -1.248956
          ],
          [
            36.81839,
            -1.248909
          ],
          [
            36.818208,
            -1.248924
          ]
        ]
      }
    },
    {
      "type": "Feature",
      "properties": {
        "contig_id": 114,
        "length_m": 16.653,
        "segment_count": 1,
        "way_names": [],
        "way_ids": [
          196510854
        ],
        "endpoint_node_ids": [
          2068386262,
          2068386682
        ],
        "node_ids": [
          2068386262,
          2068386682
        ],
        "tags": {
          "local:boundary_refs": "r13626194",
          "local:boundary_zone": "core"
        },
        "elevations_m": [
          1690.0,
          1689.0
        ]
      },
      "geometry": {
        "type": "LineString",
        "coordinates": [
          [
            36.818006,
            -1.241762
          ],
          [
            36.817885,
            -1.24185
          ]
        ]
      }
    },
    {
      "type": "Feature",
      "properties": {
        "contig_id": 115,
        "length_m": 131.731,
        "segment_count": 9,
        "way_names": [
          "Kima Trail"
        ],
        "way_ids": [
          196510846
        ],
        "endpoint_node_ids": [
          2068386331,
          2068386820
        ],
        "node_ids": [
          2068386331,
          2068386326,
          2068386314,
          2068386308,
          2068386305,
          2068386303,
          2068386295,
          9923873815,
          2068386290,
          2068386820
        ],
        "tags": {
          "local:boundary_refs": "r13626194",
          "local:boundary_zone": "core"
        },
        "elevations_m": [
          1688.0,
          1688.0,
          1689.0,
          1689.0,
          1689.0,
          1689.0,
          1689.0,
          1688.0,
          1688.0,
          1687.0
        ]
      },
      "geometry": {
        "type": "LineString",
        "coordinates": [
          [
            36.8226,
            -1.232303
          ],
          [
            36.822551,
            -1.232166
          ],
          [
            36.822452,
            -1.232063
          ],
          [
            36.822401,
            -1.232025
          ],
          [
            36.822238,
            -1.231847
          ],
          [
            36.822199,
            -1.231827
          ],
          [
            36.822075,
            -1.231693
          ],
          [
            36.821911,
            -1.231608
          ],
          [
            36.82184,
            -1.231571
          ],
          [
            36.821757,
            -1.231515
          ]
        ]
      }
    },
    {
      "type": "Feature",
      "properties": {
        "contig_id": 116,
        "length_m": 4.464,
        "segment_count": 1,
        "way_names": [
          "Kima Trail"
        ],
        "way_ids": [
          196510846
        ],
        "endpoint_node_ids": [
          2068386331,
          2068386334
        ],
        "node_ids": [
          2068386331,
          2068386334
        ],
        "tags": {
          "local:boundary_refs": "r13626194,r15417497",
          "local:boundary_zone": "buffer"
        },
        "elevations_m": [
          1688.0,
          1689.0
        ]
      },
      "geometry": {
        "type": "LineString",
        "coordinates": [
          [
            36.8226,
            -1.232303
          ],
          [
            36.822606,
            -1.232342
          ]
        ]
      }
    },
    {
      "type": "Feature",
      "properties": {
        "contig_id": 117,
        "length_m": 159.454,
        "segment_count": 10,
        "way_names": [
          "Kima Trail"
        ],
        "way_ids": [
          196510846
        ],
        "endpoint_node_ids": [
          2068386334,
          13768277790
        ],
        "node_ids": [
          2068386334,
          2068386342,
          2068386349,
          2068386357,
          2068386365,
          2068386373,
          2068386386,
          2068386397,
          2068386409,
          2068386417,
          13768277790
        ],
        "tags": {
          "local:boundary_refs": "r15417497",
          "local:boundary_zone": "core"
        },
        "elevations_m": [
          1689.0,
          1690.0,
          1692.0,
          1693.0,
          1694.0,
          1696.0,
          1698.0,
          1697.0,
          1697.0,
          1696.0,
          1698.0
        ]
      },
      "geometry": {
        "type": "LineString",
        "coordinates": [
          [
            36.822606,
            -1.232342
          ],
          [
            36.822657,
            -1.232468
          ],
          [
            36.822684,
            -1.232618
          ],
          [
            36.82271,
            -1.232697
          ],
          [
            36.822723,
            -1.232801
          ],
          [
            36.822761,
            -1.232942
          ],
          [
            36.822756,
            -1.233103
          ],
          [
            36.822736,
            -1.233246
          ],
          [
            36.822741,
            -1.233338
          ],
          [
            36.822684,
            -1.233515
          ],
          [
            36.822495,
            -1.233645
          ]
        ]
      }
    },
    {
      "type": "Feature",
      "properties": {
        "contig_id": 118,
        "length_m": 91.107,
        "segment_count": 5,
        "way_names": [],
        "way_ids": [
          196510842
        ],
        "endpoint_node_ids": [
          2068386428,
          13768277794
        ],
        "node_ids": [
          2068386428,
          2068386422,
          2068386419,
          2068386415,
          2068386401,
          13768277794
        ],
        "tags": {
          "local:boundary_refs": "r13626194",
          "local:boundary_zone": "core"
        },
        "elevations_m": [
          1677.0,
          1677.0,
          1677.0,
          1677.0,
          1681.0,
          1685.0
        ]
      },
      "geometry": {
        "type": "LineString",
        "coordinates": [
          [
            36.824376,
            -1.233664
          ],
          [
            36.824325,
            -1.233642
          ],
          [
            36.82422,
            -1.233548
          ],
          [
            36.824136,
            -1.233501
          ],
          [
            36.823931,
            -1.233257
          ],
          [
            36.823798,
            -1.233098
          ]
        ]
      }
    },
    {
      "type": "Feature",
      "properties": {
        "contig_id": 119,
        "length_m": 301.634,
        "segment_count": 10,
        "way_names": [],
        "way_ids": [
          280734653,
          692748279,
          692748280
        ],
        "endpoint_node_ids": [
          2068386428,
          2847949503
        ],
        "node_ids": [
          2068386428,
          6503768687,
          6503768686,
          2068386376,
          2847949921,
          2847949925,
          2847949924,
          2847949920,
          2847949923,
          2847949922,
          2847949503
        ],
        "tags": {
          "local:boundary_refs": "r13626194",
          "local:boundary_zone": "core"
        },
        "elevations_m": [
          1677.0,
          1674.0,
          1674.0,
          1673.0,
          1673.0,
          1672.0,
          1672.0,
          1673.0,
          1675.0,
          1676.0,
          1678.0
        ]
      },
      "geometry": {
        "type": "LineString",
        "coordinates": [
          [
            36.824376,
            -1.233664
          ],
          [
            36.824331,
            -1.233395
          ],
          [
            36.824291,
            -1.233162
          ],
          [
            36.824385,
            -1.232944
          ],
          [
            36.824591,
            -1.232878
          ],
          [
            36.82506,
            -1.23316
          ],
          [
            36.825434,
            -1.233303
          ],
          [
            36.825577,
            -1.233335
          ],
          [
            36.82583,
            -1.233364
          ],
          [
            36.826084,
            -1.233339
          ],
          [
            36.826219,
            -1.233285
          ]
        ]
      }
    },
    {
      "type": "Feature",
      "properties": {
        "contig_id": 120,
        "length_m": 558.657,
        "segment_count": 23,
        "way_names": [],
        "way_ids": [
          142776098,
          575075442,
          575075444
        ],
        "endpoint_node_ids": [
          2068386553,
          5518868721
        ],
        "node_ids": [
          2068386553,
          5518866299,
          5518866300,
          5518866301,
          5518866302,
          5518866303,
          5518866304,
          5518866305,
          5518866306,
          5518866307,
          5518866308,
          5518866309,
          5518866310,
          5518866311,
          5518866312,
          5518866313,
          5518866314,
          5518866315,
          5518866316,
          5518866317,
          5518866318,
          5518866319,
          5518866320,
          5518868721
        ],
        "tags": {
          "local:boundary_refs": "r13626194",
          "local:boundary_zone": "core",
          "local:routing_state": "exclude"
        },
        "elevations_m": [
          1661.0,
          1661.0,
          1657.0,
          1656.0,
          1656.0,
          1656.0,
          1656.0,
          1658.0,
          1659.0,
          1660.0,
          1661.0,
          1662.0,
          1661.0,
          1662.0,
          1663.0,
          1665.0,
          1671.0,
          1673.0,
          1675.0,
          1675.0,
          1675.0,
          1675.0,
          1675.0,
          1674.0
        ]
      },
      "geometry": {
        "type": "LineString",
        "coordinates": [
          [
            36.829537,
            -1.236652
          ],
          [
            36.830466,
            -1.236832
          ],
          [
            36.830642,
            -1.236717
          ],
          [
            36.830697,
            -1.23665
          ],
          [
            36.830709,
            -1.236626
          ],
          [
            36.830737,
            -1.236548
          ],
          [
            36.830696,
            -1.236425
          ],
          [
            36.830614,
            -1.236341
          ],
          [
            36.83059,
            -1.236302
          ],
          [
            36.830593,
            -1.236262
          ],
          [
            36.830641,
            -1.236239
          ],
          [
            36.830722,
            -1.23619
          ],
          [
            36.830872,
            -1.236235
          ],
          [
            36.831137,
            -1.23622
          ],
          [
            36.831343,
            -1.236205
          ],
          [
            36.831722,
            -1.23619
          ],
          [
            36.832462,
            -1.23615
          ],
          [
            36.832591,
            -1.236086
          ],
          [
            36.833051,
            -1.235999
          ],
          [
            36.833102,
            -1.235965
          ],
          [
            36.833237,
            -1.235658
          ],
          [
            36.833259,
            -1.23552
          ],
          [
            36.833333,
            -1.235421
          ],
          [
            36.833403,
            -1.235266
          ]
        ]
      }
    },
    {
      "type": "Feature",
      "properties": {
        "contig_id": 121,
        "length_m": 67.528,
        "segment_count": 5,
        "way_names": [
          "KFEET Track"
        ],
        "way_ids": [
          60200207
        ],
        "endpoint_node_ids": [
          2068386644,
          2068386670
        ],
        "node_ids": [
          2068386644,
          2847941649,
          2068386647,
          6503767360,
          2068386656,
          2068386670
        ],
        "tags": {
          "local:boundary_refs": "r15417497",
          "local:boundary_zone": "core"
        },
        "elevations_m": [
          1687.0,
          1687.0,
          1686.0,
          1687.0,
          1687.0,
          1688.0
        ]
      },
      "geometry": {
        "type": "LineString",
        "coordinates": [
          [
            36.818532,
            -1.240716
          ],
          [
            36.818594,
            -1.240704
          ],
          [
            36.818882,
            -1.240724
          ],
          [
            36.819006,
            -1.24076
          ],
          [
            36.819088,
            -1.240784
          ],
          [
            36.819101,
            -1.240823
          ]
        ]
      }
    },
    {
      "type": "Feature",
      "properties": {
        "contig_id": 122,
        "length_m": 48.525,
        "segment_count": 2,
        "way_names": [],
        "way_ids": [
          692748278
        ],
        "endpoint_node_ids": [
          2068386644,
          6503767383
        ],
        "node_ids": [
          2068386644,
          10598316249,
          6503767383
        ],
        "tags": {
          "local:boundary_refs": "r15417497",
          "local:boundary_zone": "core"
        },
        "elevations_m": [
          1687.0,
          1687.0,
          1691.0
        ]
      },
      "geometry": {
        "type": "LineString",
        "coordinates": [
          [
            36.818532,
            -1.240716
          ],
          [
            36.818542,
            -1.24065
          ],
          [
            36.818283,
            -1.240385
          ]
        ]
      }
    },
    {
      "type": "Feature",
      "properties": {
        "contig_id": 123,
        "length_m": 109.098,
        "segment_count": 5,
        "way_names": [],
        "way_ids": [
          692748278
        ],
        "endpoint_node_ids": [
          2068386644,
          6503767383
        ],
        "node_ids": [
          2068386644,
          10598316250,
          10598316248,
          10598316247,
          6503767384,
          6503767383
        ],
        "tags": {
          "local:boundary_refs": "r15417497",
          "local:boundary_zone": "core"
        },
        "elevations_m": [
          1687.0,
          1688.0,
          1692.0,
          1693.0,
          1692.0,
          1691.0
        ]
      },
      "geometry": {
        "type": "LineString",
        "coordinates": [
          [
            36.818532,
            -1.240716
          ],
          [
            36.818475,
            -1.240743
          ],
          [
            36.81814,
            -1.240722
          ],
          [
            36.818001,
            -1.240668
          ],
          [
            36.817985,
            -1.24061
          ],
          [
            36.818283,
            -1.240385
          ]
        ]
      }
    },
    {
      "type": "Feature",
      "properties": {
        "contig_id": 124,
        "length_m": 131.553,
        "segment_count": 7,
        "way_names": [],
        "way_ids": [
          196510837
        ],
        "endpoint_node_ids": [
          2068386678,
          7687039159
        ],
        "node_ids": [
          2068386678,
          2068386676,
          2068386679,
          2068386681,
          2068386684,
          2068386692,
          2068386701,
          7687039159
        ],
        "tags": {
          "local:boundary_refs": "r13626194",
          "local:boundary_zone": "core"
        },
        "elevations_m": [
          1690.0,
          1690.0,
          1690.0,
          1690.0,
          1689.0,
          1690.0,
          1691.0,
          1690.0
        ]
      },
      "geometry": {
        "type": "LineString",
        "coordinates": [
          [
            36.817867,
            -1.241645
          ],
          [
            36.817796,
            -1.241645
          ],
          [
            36.817661,
            -1.241719
          ],
          [
            36.817569,
            -1.241804
          ],
          [
            36.817423,
            -1.241911
          ],
          [
            36.817271,
            -1.242024
          ],
          [
            36.817129,
            -1.242202
          ],
          [
            36.816995,
            -1.242395
          ]
        ]
      }
    },
    {
      "type": "Feature",
      "properties": {
        "contig_id": 125,
        "length_m": 24.138,
        "segment_count": 2,
        "way_names": [],
        "way_ids": [
          196510844
        ],
        "endpoint_node_ids": [
          2068386678,
          2068386682
        ],
        "node_ids": [
          2068386678,
          2068386680,
          2068386682
        ],
        "tags": {
          "local:boundary_refs": "r13626194",
          "local:boundary_zone": "core"
        },
        "elevations_m": [
          1690.0,
          1690.0,
          1689.0
        ]
      },
      "geometry": {
        "type": "LineString",
        "coordinates": [
          [
            36.817867,
            -1.241645
          ],
          [
            36.817842,
            -1.241744
          ],
          [
            36.817885,
            -1.24185
          ]
        ]
      }
    },
    {
      "type": "Feature",
      "properties": {
        "contig_id": 126,
        "length_m": 56.506,
        "segment_count": 5,
        "way_names": [],
        "way_ids": [
          196510854
        ],
        "endpoint_node_ids": [
          2068386682,
          2068386704
        ],
        "node_ids": [
          2068386682,
          2068386686,
          2068386689,
          2068386695,
          2068386698,
          2068386704
        ],
        "tags": {
          "local:boundary_refs": "r13626194",
          "local:boundary_zone": "core"
        },
        "elevations_m": [
          1689.0,
          1689.0,
          1689.0,
          1689.0,
          1689.0,
          1689.0
        ]
      },
      "geometry": {
        "type": "LineString",
        "coordinates": [
          [
            36.817885,
            -1.24185
          ],
          [
            36.817782,
            -1.241928
          ],
          [
            36.817715,
            -1.242003
          ],
          [
            36.817679,
            -1.24207
          ],
          [
            36.817704,
            -1.242152
          ],
          [
            36.817704,
            -1.242269
          ]
        ]
      }
    },
    {
      "type": "Feature",
      "properties": {
        "contig_id": 127,
        "length_m": 19.318,
        "segment_count": 2,
        "way_names": [],
        "way_ids": [
          196510854
        ],
        "endpoint_node_ids": [
          2068386704,
          2068386709
        ],
        "node_ids": [
          2068386704,
          2068386707,
          2068386709
        ],
        "tags": {
          "local:boundary_refs": "r13626194",
          "local:boundary_zone": "core"
        },
        "elevations_m": [
          1689.0,
          1689.0,
          1688.0
        ]
      },
      "geometry": {
        "type": "LineString",
        "coordinates": [
          [
            36.817704,
            -1.242269
          ],
          [
            36.817736,
            -1.242329
          ],
          [
            36.817807,
            -1.242408
          ]
        ]
      }
    },
    {
      "type": "Feature",
      "properties": {
        "contig_id": 128,
        "length_m": 83.378,
        "segment_count": 6,
        "way_names": [],
        "way_ids": [
          823367032
        ],
        "endpoint_node_ids": [
          2068386704,
          7687039160
        ],
        "node_ids": [
          2068386704,
          13075356218,
          7687039164,
          7687039163,
          7687039162,
          7687039161,
          7687039160
        ],
        "tags": {
          "local:boundary_refs": "r13626194",
          "local:boundary_zone": "core"
        },
        "elevations_m": [
          1689.0,
          1690.0,
          1689.0,
          1689.0,
          1689.0,
          1689.0,
          1689.0
        ]
      },
      "geometry": {
        "type": "LineString",
        "coordinates": [
          [
            36.817704,
            -1.242269
          ],
          [
            36.817562,
            -1.242249
          ],
          [
            36.81749,
            -1.242312
          ],
          [
            36.817399,
            -1.242355
          ],
          [
            36.817351,
            -1.242465
          ],
          [
            36.817187,
            -1.242519
          ],
          [
            36.817087,
            -1.242581
          ]
        ]
      }
    },
    {
      "type": "Feature",
      "properties": {
        "contig_id": 129,
        "length_m": 158.795,
        "segment_count": 8,
        "way_names": [
          "KFEET Track"
        ],
        "way_ids": [
          60200207
        ],
        "endpoint_node_ids": [
          2068386722,
          13824469656
        ],
        "node_ids": [
          2068386722,
          271326699,
          2068437163,
          271326698,
          271326697,
          2068437223,
          2475596951,
          13824469655,
          13824469656
        ],
        "tags": {
          "local:boundary_refs": "r13626194",
          "local:boundary_zone": "core"
        },
        "elevations_m": [
          1694.0,
          1695.0,
          1695.0,
          1696.0,
          1697.0,
          1698.0,
          1695.0,
          1694.0,
          1694.0
        ]
      },
      "geometry": {
        "type": "LineString",
        "coordinates": [
          [
            36.816525,
            -1.242688
          ],
          [
            36.816387,
            -1.242842
          ],
          [
            36.816159,
            -1.24312
          ],
          [
            36.816058,
            -1.243224
          ],
          [
            36.815999,
            -1.243313
          ],
          [
            36.815824,
            -1.243496
          ],
          [
            36.815633,
            -1.243644
          ],
          [
            36.815576,
            -1.243679
          ],
          [
            36.815554,
            -1.243722
          ]
        ]
      }
    },
    {
      "type": "Feature",
      "properties": {
        "contig_id": 130,
        "length_m": 22.089,
        "segment_count": 1,
        "way_names": [
          "Lake Trail"
        ],
        "way_ids": [
          196510838
        ],
        "endpoint_node_ids": [
          2068386722,
          2068386732
        ],
        "node_ids": [
          2068386722,
          2068386732
        ],
        "tags": {
          "local:boundary_refs": "r13626194",
          "local:boundary_zone": "core"
        },
        "elevations_m": [
          1694.0,
          1691.0
        ]
      },
      "geometry": {
        "type": "LineString",
        "coordinates": [
          [
            36.816525,
            -1.242688
          ],
          [
            36.81666,
            -1.242833
          ]
        ]
      }
    },
    {
      "type": "Feature",
      "properties": {
        "contig_id": 131,
        "length_m": 63.033,
        "segment_count": 4,
        "way_names": [],
        "way_ids": [
          196510837
        ],
        "endpoint_node_ids": [
          2068386732,
          7687039159
        ],
        "node_ids": [
          2068386732,
          2068386719,
          2068386716,
          2068386713,
          7687039159
        ],
        "tags": {
          "local:boundary_refs": "r13626194",
          "local:boundary_zone": "core"
        },
        "elevations_m": [
          1691.0,
          1691.0,
          1691.0,
          1690.0,
          1690.0
        ]
      },
      "geometry": {
        "type": "LineString",
        "coordinates": [
          [
            36.81666,
            -1.242833
          ],
          [
            36.816717,
            -1.242663
          ],
          [
            36.816809,
            -1.24256
          ],
          [
            36.816983,
            -1.242411
          ],
          [
            36.816995,
            -1.242395
          ]
        ]
      }
    },
    {
      "type": "Feature",
      "properties": {
        "contig_id": 132,
        "length_m": 70.493,
        "segment_count": 4,
        "way_names": [
          "Lake Trail"
        ],
        "way_ids": [
          196510838
        ],
        "endpoint_node_ids": [
          2068386732,
          2068386759
        ],
        "node_ids": [
          2068386732,
          2068386737,
          2068386743,
          2068386751,
          2068386759
        ],
        "tags": {
          "local:boundary_refs": "r13626194",
          "local:boundary_zone": "core"
        },
        "elevations_m": [
          1691.0,
          1689.0,
          1688.0,
          1687.0,
          1686.0
        ]
      },
      "geometry": {
        "type": "LineString",
        "coordinates": [
          [
            36.81666,
            -1.242833
          ],
          [
            36.816746,
            -1.242926
          ],
          [
            36.816863,
            -1.243039
          ],
          [
            36.817005,
            -1.243192
          ],
          [
            36.817115,
            -1.243273
          ]
        ]
      }
    },
    {
      "type": "Feature",
      "properties": {
        "contig_id": 133,
        "length_m": 99.932,
        "segment_count": 6,
        "way_names": [
          "Lake Trail"
        ],
        "way_ids": [
          196510838
        ],
        "endpoint_node_ids": [
          2068386759,
          2068386801
        ],
        "node_ids": [
          2068386759,
          2068386766,
          2068386784,
          2068386790,
          2068386795,
          2068386798,
          2068386801
        ],
        "tags": {
          "local:boundary_refs": "r13626194",
          "local:boundary_zone": "core"
        },
        "elevations_m": [
          1686.0,
          1685.0,
          1687.0,
          1688.0,
          1688.0,
          1689.0,
          1689.0
        ]
      },
      "geometry": {
        "type": "LineString",
        "coordinates": [
          [
            36.817115,
            -1.243273
          ],
          [
            36.817228,
            -1.243355
          ],
          [
            36.817349,
            -1.243415
          ],
          [
            36.817498,
            -1.243454
          ],
          [
            36.817612,
            -1.243469
          ],
          [
            36.817764,
            -1.24349
          ],
          [
            36.81796,
            -1.243539
          ]
        ]
      }
    },
    {
      "type": "Feature",
      "properties": {
        "contig_id": 134,
        "length_m": 79.313,
        "segment_count": 6,
        "way_names": [],
        "way_ids": [
          823367031
        ],
        "endpoint_node_ids": [
          2068386759,
          7687039160
        ],
        "node_ids": [
          2068386759,
          7687039153,
          7687039154,
          7687039155,
          7687039156,
          7687039157,
          7687039160
        ],
        "tags": {
          "local:boundary_refs": "r13626194",
          "local:boundary_zone": "core"
        },
        "elevations_m": [
          1686.0,
          1687.0,
          1688.0,
          1688.0,
          1688.0,
          1689.0,
          1689.0
        ]
      },
      "geometry": {
        "type": "LineString",
        "coordinates": [
          [
            36.817115,
            -1.243273
          ],
          [
            36.817078,
            -1.243079
          ],
          [
            36.81712,
            -1.242864
          ],
          [
            36.817144,
            -1.242762
          ],
          [
            36.81711,
            -1.242693
          ],
          [
            36.817094,
            -1.24261
          ],
          [
            36.817087,
            -1.242581
          ]
        ]
      }
    },
    {
      "type": "Feature",
      "properties": {
        "contig_id": 135,
        "length_m": 8.796,
        "segment_count": 1,
        "way_names": [],
        "way_ids": [
          196510841
        ],
        "endpoint_node_ids": [
          2068386793,
          2068386801
        ],
        "node_ids": [
          2068386793,
          2068386801
        ],
        "tags": {
          "local:boundary_refs": "r13626194",
          "local:boundary_zone": "core"
        },
        "elevations_m": [
          1688.0,
          1689.0
        ]
      },
      "geometry": {
        "type": "LineString",
        "coordinates": [
          [
            36.817976,
            -1.243462
          ],
          [
            36.81796,
            -1.243539
          ]
        ]
      }
    },
    {
      "type": "Feature",
      "properties": {
        "contig_id": 136,
        "length_m": 299.206,
        "segment_count": 16,
        "way_names": [],
        "way_ids": [
          196510842
        ],
        "endpoint_node_ids": [
          2068386820,
          13768277794
        ],
        "node_ids": [
          2068386820,
          2068386284,
          2068386287,
          2068386293,
          2068386297,
          2068386301,
          2068386307,
          2068386310,
          2068386318,
          2068386323,
          2068386328,
          2068386338,
          2068386346,
          2068386353,
          2068386361,
          2068386369,
          13768277794
        ],
        "tags": {
          "local:boundary_refs": "r13626194",
          "local:boundary_zone": "core"
        },
        "elevations_m": [
          1687.0,
          1686.0,
          1686.0,
          1687.0,
          1687.0,
          1685.0,
          1684.0,
          1681.0,
          1681.0,
          1682.0,
          1682.0,
          1684.0,
          1686.0,
          1687.0,
          1687.0,
          1687.0,
          1685.0
        ]
      },
      "geometry": {
        "type": "LineString",
        "coordinates": [
          [
            36.821757,
            -1.231515
          ],
          [
            36.821923,
            -1.231525
          ],
          [
            36.822009,
            -1.23156
          ],
          [
            36.8221,
            -1.231609
          ],
          [
            36.822393,
            -1.231695
          ],
          [
            36.822582,
            -1.231825
          ],
          [
            36.822657,
            -1.231889
          ],
          [
            36.822913,
            -1.232041
          ],
          [
            36.822948,
            -1.23208
          ],
          [
            36.823091,
            -1.232164
          ],
          [
            36.823217,
            -1.232268
          ],
          [
            36.823303,
            -1.232369
          ],
          [
            36.823411,
            -1.232539
          ],
          [
            36.823464,
            -1.232642
          ],
          [
            36.823561,
            -1.232785
          ],
          [
            36.823636,
            -1.232904
          ],
          [
            36.823798,
            -1.233098
          ]
        ]
      }
    },
    {
      "type": "Feature",
      "properties": {
        "contig_id": 137,
        "length_m": 108.718,
        "segment_count": 4,
        "way_names": [],
        "way_ids": [
          995112827
        ],
        "endpoint_node_ids": [
          2068386820,
          9189127987
        ],
        "node_ids": [
          2068386820,
          9189127985,
          9189127986,
          9923907665,
          9189127987
        ],
        "tags": {
          "local:boundary_refs": "r13626194",
          "local:boundary_zone": "core"
        },
        "elevations_m": [
          1687.0,
          1683.0,
          1679.0,
          1679.0,
          1678.0
        ]
      },
      "geometry": {
        "type": "LineString",
        "coordinates": [
          [
            36.821757,
            -1.231515
          ],
          [
            36.821456,
            -1.231324
          ],
          [
            36.821184,
            -1.231243
          ],
          [
            36.821155,
            -1.231237
          ],
          [
            36.820852,
            -1.231181
          ]
        ]
      }
    },
    {
      "type": "Feature",
      "properties": {
        "contig_id": 138,
        "length_m": 72.701,
        "segment_count": 6,
        "way_names": [],
        "way_ids": [
          196518254
        ],
        "endpoint_node_ids": [
          2068417293,
          2068421872
        ],
        "node_ids": [
          2068417293,
          2068421885,
          2068421882,
          2068421879,
          2068421878,
          2068421898,
          2068421872
        ],
        "tags": {
          "local:boundary_refs": "r13626194",
          "local:boundary_zone": "core",
          "local:routing_state": "exclude"
        },
        "elevations_m": [
          1669.0,
          1668.0,
          1668.0,
          1670.0,
          1671.0,
          1672.0,
          1672.0
        ]
      },
      "geometry": {
        "type": "LineString",
        "coordinates": [
          [
            36.817254,
            -1.247316
          ],
          [
            36.817261,
            -1.247367
          ],
          [
            36.817438,
            -1.247394
          ],
          [
            36.817602,
            -1.247364
          ],
          [
            36.817698,
            -1.247321
          ],
          [
            36.817755,
            -1.247268
          ],
          [
            36.81769,
            -1.247231
          ]
        ]
      }
    },
    {
      "type": "Feature",
      "properties": {
        "contig_id": 139,
        "length_m": 292.084,
        "segment_count": 9,
        "way_names": [],
        "way_ids": [
          196518254
        ],
        "endpoint_node_ids": [
          2068417293,
          2068421872
        ],
        "node_ids": [
          2068417293,
          2068421887,
          3763667656,
          3763667516,
          3763668073,
          3763667526,
          2068421868,
          2068421865,
          2068421852,
          2068421872
        ],
        "tags": {
          "local:boundary_refs": "r13626194",
          "local:boundary_zone": "core",
          "local:routing_state": "exclude"
        },
        "elevations_m": [
          1669.0,
          1667.0,
          1673.0,
          1677.0,
          1669.0,
          1670.0,
          1670.0,
          1671.0,
          1673.0,
          1672.0
        ]
      },
      "geometry": {
        "type": "LineString",
        "coordinates": [
          [
            36.817254,
            -1.247316
          ],
          [
            36.817099,
            -1.247312
          ],
          [
            36.816385,
            -1.246907
          ],
          [
            36.816491,
            -1.246749
          ],
          [
            36.81716,
            -1.247193
          ],
          [
            36.817346,
            -1.247228
          ],
          [
            36.817481,
            -1.247303
          ],
          [
            36.817596,
            -1.247265
          ],
          [
            36.817647,
            -1.247163
          ],
          [
            36.81769,
            -1.247231
          ]
        ]
      }
    },
    {
      "type": "Feature",
      "properties": {
        "contig_id": 140,
        "length_m": 2.363,
        "segment_count": 1,
        "way_names": [
          "KFEET Track"
        ],
        "way_ids": [
          60200207
        ],
        "endpoint_node_ids": [
          2068417293,
          6784413870
        ],
        "node_ids": [
          2068417293,
          6784413870
        ],
        "tags": {
          "local:boundary_refs": "r13626194",
          "local:boundary_zone": "core"
        },
        "elevations_m": [
          1669.0,
          1669.0
        ]
      },
      "geometry": {
        "type": "LineString",
        "coordinates": [
          [
            36.817254,
            -1.247316
          ],
          [
            36.817234,
            -1.247309
          ]
        ]
      }
    },
    {
      "type": "Feature",
      "properties": {
        "contig_id": 141,
        "length_m": 1248.093,
        "segment_count": 43,
        "way_names": [
          "Family Trail"
        ],
        "way_ids": [
          280720869
        ],
        "endpoint_node_ids": [
          2068421873,
          13075347358
        ],
        "node_ids": [
          2068421873,
          2068421864,
          2068421853,
          2068421889,
          2068421876,
          2068421857,
          2068421881,
          2068421902,
          12760595288,
          2068421899,
          12760595287,
          2068421874,
          2068421870,
          2068421855,
          2068421862,
          2068421877,
          12760595286,
          2068421860,
          2068421871,
          12760595284,
          2068421867,
          2068421891,
          2068421869,
          2068421861,
          12760595285,
          2068421866,
          2068421901,
          2068421897,
          2068421863,
          12760595283,
          2068421880,
          12760595282,
          12760595281,
          2068421884,
          2068421875,
          12760595280,
          2068421854,
          2068421888,
          2068421856,
          2068421892,
          2068421859,
          12760595279,
          6503767358,
          13075347358
        ],
        "tags": {
          "local:boundary_refs": "r13626194",
          "local:boundary_zone": "core"
        },
        "elevations_m": [
          1655.0,
          1657.0,
          1657.0,
          1654.0,
          1656.0,
          1658.0,
          1657.0,
          1656.0,
          1655.0,
          1656.0,
          1658.0,
          1658.0,
          1656.0,
          1654.0,
          1658.0,
          1660.0,
          1660.0,
          1661.0,
          1664.0,
          1665.0,
          1666.0,
          1666.0,
          1666.0,
          1664.0,
          1666.0,
          1666.0,
          1665.0,
          1671.0,
          1672.0,
          1671.0,
          1669.0,
          1670.0,
          1671.0,
          1674.0,
          1672.0,
          1671.0,
          1670.0,
          1672.0,
          1675.0,
          1676.0,
          1673.0,
          1672.0,
          1672.0,
          1672.0
        ]
      },
      "geometry": {
        "type": "LineString",
        "coordinates": [
          [
            36.828156,
            -1.248654
          ],
          [
            36.827708,
            -1.248761
          ],
          [
            36.827251,
            -1.24878
          ],
          [
            36.826971,
            -1.248887
          ],
          [
            36.82671,
            -1.249003
          ],
          [
            36.826374,
            -1.249077
          ],
          [
            36.826147,
            -1.249056
          ],
          [
            36.825812,
            -1.248979
          ],
          [
            36.825656,
            -1.24892
          ],
          [
            36.825497,
            -1.24882
          ],
          [
            36.825232,
            -1.248638
          ],
          [
            36.82505,
            -1.248559
          ],
          [
            36.824856,
            -1.248457
          ],
          [
            36.824459,
            -1.24834
          ],
          [
            36.824043,
            -1.248249
          ],
          [
            36.823728,
            -1.248132
          ],
          [
            36.823569,
            -1.24809
          ],
          [
            36.823405,
            -1.248025
          ],
          [
            36.823116,
            -1.247887
          ],
          [
            36.822927,
            -1.2478
          ],
          [
            36.822772,
            -1.247672
          ],
          [
            36.822496,
            -1.247437
          ],
          [
            36.822226,
            -1.247245
          ],
          [
            36.821966,
            -1.247113
          ],
          [
            36.82178,
            -1.247036
          ],
          [
            36.821601,
            -1.246938
          ],
          [
            36.821254,
            -1.246769
          ],
          [
            36.820788,
            -1.246641
          ],
          [
            36.820551,
            -1.246645
          ],
          [
            36.820408,
            -1.246655
          ],
          [
            36.820275,
            -1.246666
          ],
          [
            36.820091,
            -1.24665
          ],
          [
            36.819957,
            -1.246629
          ],
          [
            36.819699,
            -1.2466
          ],
          [
            36.819415,
            -1.246635
          ],
          [
            36.819291,
            -1.2467
          ],
          [
            36.819158,
            -1.246729
          ],
          [
            36.818731,
            -1.246855
          ],
          [
            36.8184,
            -1.246995
          ],
          [
            36.818094,
            -1.247125
          ],
          [
            36.817866,
            -1.247228
          ],
          [
            36.817804,
            -1.247238
          ],
          [
            36.817732,
            -1.247226
          ],
          [
            36.817706,
            -1.247239
          ]
        ]
      }
    },
    {
      "type": "Feature",
      "properties": {
        "contig_id": 142,
        "length_m": 298.15,
        "segment_count": 6,
        "way_names": [
          "Family Trail"
        ],
        "way_ids": [
          280720869
        ],
        "endpoint_node_ids": [
          2068421873,
          2068421886
        ],
        "node_ids": [
          2068421873,
          2068421883,
          2068421858,
          2068421896,
          2068421900,
          2068421894,
          2068421886
        ],
        "tags": {
          "local:boundary_refs": "r13626194",
          "local:boundary_zone": "core"
        },
        "elevations_m": [
          1655.0,
          1656.0,
          1652.0,
          1644.0,
          1644.0,
          1647.0,
          1650.0
        ]
      },
      "geometry": {
        "type": "LineString",
        "coordinates": [
          [
            36.828156,
            -1.248654
          ],
          [
            36.828414,
            -1.248568
          ],
          [
            36.828864,
            -1.248482
          ],
          [
            36.829508,
            -1.248332
          ],
          [
            36.830012,
            -1.248107
          ],
          [
            36.830345,
            -1.248
          ],
          [
            36.830699,
            -1.247839
          ]
        ]
      }
    },
    {
      "type": "Feature",
      "properties": {
        "contig_id": 143,
        "length_m": 300.466,
        "segment_count": 9,
        "way_names": [
          "Pipeline Path"
        ],
        "way_ids": [
          280720865
        ],
        "endpoint_node_ids": [
          2068421873,
          2847824077
        ],
        "node_ids": [
          2068421873,
          2847824085,
          2847824084,
          2847824083,
          2847824082,
          2847824081,
          2847824080,
          2847824079,
          2847824078,
          2847824077
        ],
        "tags": {
          "local:boundary_refs": "r13626194",
          "local:boundary_zone": "core"
        },
        "elevations_m": [
          1655.0,
          1659.0,
          1668.0,
          1671.0,
          1683.0,
          1682.0,
          1681.0,
          1682.0,
          1682.0,
          1687.0
        ]
      },
      "geometry": {
        "type": "LineString",
        "coordinates": [
          [
            36.828156,
            -1.248654
          ],
          [
            36.828147,
            -1.248516
          ],
          [
            36.827854,
            -1.248246
          ],
          [
            36.827653,
            -1.248095
          ],
          [
            36.82683,
            -1.247389
          ],
          [
            36.826708,
            -1.247312
          ],
          [
            36.826668,
            -1.247253
          ],
          [
            36.826526,
            -1.247141
          ],
          [
            36.826468,
            -1.247098
          ],
          [
            36.826149,
            -1.246928
          ]
        ]
      }
    },
    {
      "type": "Feature",
      "properties": {
        "contig_id": 144,
        "length_m": 147.134,
        "segment_count": 4,
        "way_names": [
          "Family Trail"
        ],
        "way_ids": [
          280720869
        ],
        "endpoint_node_ids": [
          2068421886,
          2847824092
        ],
        "node_ids": [
          2068421886,
          2068421890,
          2068421893,
          6503768715,
          2847824092
        ],
        "tags": {
          "local:boundary_refs": "r13626194",
          "local:boundary_zone": "core"
        },
        "elevations_m": [
          1650.0,
          1650.0,
          1651.0,
          1649.0,
          1649.0
        ]
      },
      "geometry": {
        "type": "LineString",
        "coordinates": [
          [
            36.830699,
            -1.247839
          ],
          [
            36.830892,
            -1.247592
          ],
          [
            36.83116,
            -1.247227
          ],
          [
            36.831404,
            -1.247011
          ],
          [
            36.83162,
            -1.246928
          ]
        ]
      }
    },
    {
      "type": "Feature",
      "properties": {
        "contig_id": 145,
        "length_m": 259.565,
        "segment_count": 4,
        "way_names": [],
        "way_ids": [
          692748290
        ],
        "endpoint_node_ids": [
          2068421886,
          6503768719
        ],
        "node_ids": [
          2068421886,
          6503768716,
          6503768717,
          6503768718,
          6503768719
        ],
        "tags": {
          "local:boundary_refs": "r13626194",
          "local:boundary_zone": "core"
        },
        "elevations_m": [
          1650.0,
          1648.0,
          1647.0,
          1647.0,
          1650.0
        ]
      },
      "geometry": {
        "type": "LineString",
        "coordinates": [
          [
            36.830699,
            -1.247839
          ],
          [
            36.83125,
            -1.247766
          ],
          [
            36.831949,
            -1.247419
          ],
          [
            36.832342,
            -1.247251
          ],
          [
            36.832913,
            -1.247256
          ]
        ]
      }
    },
    {
      "type": "Feature",
      "properties": {
        "contig_id": 146,
        "length_m": 89.931,
        "segment_count": 4,
        "way_names": [
          "Limuru Road"
        ],
        "way_ids": [
          40315869
        ],
        "endpoint_node_ids": [
          2413983773,
          6366642371
        ],
        "node_ids": [
          2413983773,
          6366642373,
          2026570601,
          6366642372,
          6366642371
        ],
        "tags": {
          "local:boundary_refs": "w24040003",
          "local:boundary_zone": "core"
        },
        "elevations_m": [
          1691.0,
          1688.0,
          1683.0,
          1680.0,
          1678.0
        ]
      },
      "geometry": {
        "type": "LineString",
        "coordinates": [
          [
            36.813842,
            -1.24307
          ],
          [
            36.81389,
            -1.24333
          ],
          [
            36.813967,
            -1.243602
          ],
          [
            36.814024,
            -1.243751
          ],
          [
            36.814064,
            -1.243845
          ]
        ]
      }
    },
    {
      "type": "Feature",
      "properties": {
        "contig_id": 147,
        "length_m": 25.778,
        "segment_count": 1,
        "way_names": [
          "Limuru Road"
        ],
        "way_ids": [
          770407194
        ],
        "endpoint_node_ids": [
          2413983773,
          6366642374
        ],
        "node_ids": [
          2413983773,
          6366642374
        ],
        "tags": {
          "local:boundary_refs": "w24040003",
          "local:boundary_zone": "core"
        },
        "elevations_m": [
          1691.0,
          1690.0
        ]
      },
      "geometry": {
        "type": "LineString",
        "coordinates": [
          [
            36.813842,
            -1.24307
          ],
          [
            36.813794,
            -1.242843
          ]
        ]
      }
    },
    {
      "type": "Feature",
      "properties": {
        "contig_id": 148,
        "length_m": 23.477,
        "segment_count": 1,
        "way_names": [],
        "way_ids": [
          770407195
        ],
        "endpoint_node_ids": [
          2413983773,
          7191425670
        ],
        "node_ids": [
          2413983773,
          7191425670
        ],
        "tags": {
          "local:boundary_refs": "w24040003",
          "local:boundary_zone": "core"
        },
        "elevations_m": [
          1691.0,
          1690.0
        ]
      },
      "geometry": {
        "type": "LineString",
        "coordinates": [
          [
            36.813842,
            -1.24307
          ],
          [
            36.813827,
            -1.24286
          ]
        ]
      }
    },
    {
      "type": "Feature",
      "properties": {
        "contig_id": 149,
        "length_m": 65.653,
        "segment_count": 1,
        "way_names": [
          "Limuru Road"
        ],
        "way_ids": [
          770407194
        ],
        "endpoint_node_ids": [
          2413983779,
          2458494726
        ],
        "node_ids": [
          2413983779,
          2458494726
        ],
        "tags": {
          "local:boundary_refs": "w24040003",
          "local:boundary_zone": "buffer"
        },
        "elevations_m": [
          1691.0,
          1681.0
        ]
      },
      "geometry": {
        "type": "LineString",
        "coordinates": [
          [
            36.813566,
            -1.241639
          ],
          [
            36.813688,
            -1.242217
          ]
        ]
      }
    },
    {
      "type": "Feature",
      "properties": {
        "contig_id": 150,
        "length_m": 70.686,
        "segment_count": 1,
        "way_names": [
          "Limuru Road"
        ],
        "way_ids": [
          770407194
        ],
        "endpoint_node_ids": [
          2458494726,
          6366642374
        ],
        "node_ids": [
          2458494726,
          6366642374
        ],
        "tags": {
          "local:boundary_refs": "r13626194,w24040003",
          "local:boundary_zone": "buffer"
        },
        "elevations_m": [
          1681.0,
          1690.0
        ]
      },
      "geometry": {
        "type": "LineString",
        "coordinates": [
          [
            36.813688,
            -1.242217
          ],
          [
            36.813794,
            -1.242843
          ]
        ]
      }
    },
    {
      "type": "Feature",
      "properties": {
        "contig_id": 151,
        "length_m": 77.885,
        "segment_count": 1,
        "way_names": [
          "Kiambu Road"
        ],
        "way_ids": [
          643633767
        ],
        "endpoint_node_ids": [
          2475596947,
          2639598617
        ],
        "node_ids": [
          2475596947,
          2639598617
        ],
        "tags": {
          "local:boundary_refs": "r13626194",
          "local:boundary_zone": "core"
        },
        "elevations_m": [
          1667.0,
          1667.0
        ]
      },
      "geometry": {
        "type": "LineString",
        "coordinates": [
          [
            36.844146,
            -1.23995
          ],
          [
            36.844223,
            -1.240646
          ]
        ]
      }
    },
    {
      "type": "Feature",
      "properties": {
        "contig_id": 152,
        "length_m": 28.452,
        "segment_count": 2,
        "way_names": [],
        "way_ids": [
          59946878
        ],
        "endpoint_node_ids": [
          2475596947,
          6159312406
        ],
        "node_ids": [
          2475596947,
          11459513357,
          6159312406
        ],
        "tags": {
          "local:boundary_refs": "r13626194",
          "local:boundary_zone": "core"
        },
        "elevations_m": [
          1667.0,
          1669.0,
          1669.0
        ]
      },
      "geometry": {
        "type": "LineString",
        "coordinates": [
          [
            36.844146,
            -1.23995
          ],
          [
            36.843973,
            -1.239881
          ],
          [
            36.843909,
            -1.239855
          ]
        ]
      }
    },
    {
      "type": "Feature",
      "properties": {
        "contig_id": 153,
        "length_m": 126.766,
        "segment_count": 2,
        "way_names": [],
        "way_ids": [
          919077290
        ],
        "endpoint_node_ids": [
          2639598616,
          2639598617
        ],
        "node_ids": [
          2639598616,
          8536024877,
          2639598617
        ],
        "tags": {
          "local:boundary_refs": "r13626194",
          "local:boundary_zone": "buffer"
        },
        "elevations_m": [
          1668.0,
          1669.0,
          1667.0
        ]
      },
      "geometry": {
        "type": "LineString",
        "coordinates": [
          [
            36.845363,
            -1.240681
          ],
          [
            36.844902,
            -1.240674
          ],
          [
            36.844223,
            -1.240646
          ]
        ]
      }
    },
    {
      "type": "Feature",
      "properties": {
        "contig_id": 154,
        "length_m": 343.45,
        "segment_count": 3,
        "way_names": [
          "Kiambu Road"
        ],
        "way_ids": [
          643633767
        ],
        "endpoint_node_ids": [
          2639598617,
          6369379402
        ],
        "node_ids": [
          2639598617,
          260566273,
          260566272,
          6369379402
        ],
        "tags": {
          "local:boundary_refs": "r13626194",
          "local:boundary_zone": "core",
          "local:routing_state": "exclude"
        },
        "elevations_m": [
          1667.0,
          1664.0,
          1654.0,
          1652.0
        ]
      },
      "geometry": {
        "type": "LineString",
        "coordinates": [
          [
            36.844223,
            -1.240646
          ],
          [
            36.844384,
            -1.242262
          ],
          [
            36.844532,
            -1.243447
          ],
          [
            36.844572,
            -1.243715
          ]
        ]
      }
    },
    {
      "type": "Feature",
      "properties": {
        "contig_id": 155,
        "length_m": 15.886,
        "segment_count": 2,
        "way_names": [],
        "way_ids": [
          280718274
        ],
        "endpoint_node_ids": [
          2847788830,
          13845622302
        ],
        "node_ids": [
          2847788830,
          2847788843,
          13845622302
        ],
        "tags": {
          "local:boundary_refs": "w24040003",
          "local:boundary_zone": "core"
        },
        "elevations_m": [
          1721.0,
          1721.0,
          1721.0
        ]
      },
      "geometry": {
        "type": "LineString",
        "coordinates": [
          [
            36.797793,
            -1.243022
          ],
          [
            36.797742,
            -1.243073
          ],
          [
            36.797671,
            -1.243078
          ]
        ]
      }
    },
    {
      "type": "Feature",
      "properties": {
        "contig_id": 156,
        "length_m": 171.963,
        "segment_count": 12,
        "way_names": [],
        "way_ids": [
          280718274
        ],
        "endpoint_node_ids": [
          2847788830,
          2847788854
        ],
        "node_ids": [
          2847788830,
          2847788844,
          2847788845,
          2847788846,
          2847788847,
          2847788848,
          2847788849,
          2847788850,
          2847788831,
          2847788851,
          2847788852,
          2847788853,
          2847788854
        ],
        "tags": {
          "local:boundary_refs": "w24040003",
          "local:boundary_zone": "core"
        },
        "elevations_m": [
          1721.0,
          1721.0,
          1720.0,
          1722.0,
          1724.0,
          1726.0,
          1728.0,
          1730.0,
          1730.0,
          1732.0,
          1732.0,
          1733.0,
          1733.0
        ]
      },
      "geometry": {
        "type": "LineString",
        "coordinates": [
          [
            36.797793,
            -1.243022
          ],
          [
            36.797792,
            -1.24295
          ],
          [
            36.797696,
            -1.242795
          ],
          [
            36.797687,
            -1.242687
          ],
          [
            36.797624,
            -1.24248
          ],
          [
            36.797562,
            -1.242401
          ],
          [
            36.797542,
            -1.242295
          ],
          [
            36.797551,
            -1.242187
          ],
          [
            36.797522,
            -1.242122
          ],
          [
            36.797566,
            -1.242023
          ],
          [
            36.79762,
            -1.241974
          ],
          [
            36.797682,
            -1.241843
          ],
          [
            36.797754,
            -1.2416
          ]
        ]
      }
    },
    {
      "type": "Feature",
      "properties": {
        "contig_id": 157,
        "length_m": 176.357,
        "segment_count": 5,
        "way_names": [],
        "way_ids": [
          457597907
        ],
        "endpoint_node_ids": [
          2847788830,
          13845622301
        ],
        "node_ids": [
          2847788830,
          4537141143,
          4537141144,
          4537141145,
          4537141146,
          13845622301
        ],
        "tags": {
          "local:boundary_refs": "w24040003",
          "local:boundary_zone": "core"
        },
        "elevations_m": [
          1721.0,
          1721.0,
          1721.0,
          1723.0,
          1723.0,
          1724.0
        ]
      },
      "geometry": {
        "type": "LineString",
        "coordinates": [
          [
            36.797793,
            -1.243022
          ],
          [
            36.797883,
            -1.243496
          ],
          [
            36.798044,
            -1.243689
          ],
          [
            36.798258,
            -1.244
          ],
          [
            36.798462,
            -1.244183
          ],
          [
            36.798633,
            -1.244288
          ]
        ]
      }
    },
    {
      "type": "Feature",
      "properties": {
        "contig_id": 158,
        "length_m": 489.8,
        "segment_count": 19,
        "way_names": [],
        "way_ids": [
          527787863
        ],
        "endpoint_node_ids": [
          2847788830,
          4537141156
        ],
        "node_ids": [
          2847788830,
          5130412387,
          5130412386,
          5130412385,
          5130412384,
          5130412383,
          5130412382,
          5130412381,
          5130412380,
          5130412379,
          5130412378,
          5130412377,
          5130412376,
          5130412375,
          5130412374,
          5130412373,
          5130412372,
          5130412371,
          5130412370,
          4537141156
        ],
        "tags": {
          "local:boundary_refs": "w24040003",
          "local:boundary_zone": "core"
        },
        "elevations_m": [
          1721.0,
          1721.0,
          1721.0,
          1720.0,
          1719.0,
          1721.0,
          1720.0,
          1719.0,
          1719.0,
          1720.0,
          1720.0,
          1721.0,
          1722.0,
          1723.0,
          1724.0,
          1722.0,
          1720.0,
          1716.0,
          1716.0,
          1721.0
        ]
      },
      "geometry": {
        "type": "LineString",
        "coordinates": [
          [
            36.797793,
            -1.243022
          ],
          [
            36.797932,
            -1.242845
          ],
          [
            36.79814,
            -1.242831
          ],
          [
            36.79838,
            -1.242754
          ],
          [
            36.798593,
            -1.242772
          ],
          [
            36.798796,
            -1.242671
          ],
          [
            36.798989,
            -1.242721
          ],
          [
            36.799091,
            -1.242853
          ],
          [
            36.799236,
            -1.242887
          ],
          [
            36.799383,
            -1.242907
          ],
          [
            36.799507,
            -1.242998
          ],
          [
            36.799691,
            -1.243136
          ],
          [
            36.799897,
            -1.243272
          ],
          [
            36.800045,
            -1.243334
          ],
          [
            36.800257,
            -1.243248
          ],
          [
            36.800468,
            -1.243428
          ],
          [
            36.800659,
            -1.243649
          ],
          [
            36.801023,
            -1.243792
          ],
          [
            36.800986,
            -1.243995
          ],
          [
            36.800638,
            -1.244246
          ]
        ]
      }
    },
    {
      "type": "Feature",
      "properties": {
        "contig_id": 159,
        "length_m": 41.688,
        "segment_count": 3,
        "way_names": [],
        "way_ids": [
          280718274
        ],
        "endpoint_node_ids": [
          2847788854,
          2847799256
        ],
        "node_ids": [
          2847788854,
          2847788855,
          2847788856,
          2847799256
        ],
        "tags": {
          "local:boundary_refs": "w24040003",
          "local:boundary_zone": "core"
        },
        "elevations_m": [
          1733.0,
          1733.0,
          1733.0,
          1733.0
        ]
      },
      "geometry": {
        "type": "LineString",
        "coordinates": [
          [
            36.797754,
            -1.2416
          ],
          [
            36.797813,
            -1.241467
          ],
          [
            36.797898,
            -1.24135
          ],
          [
            36.797978,
            -1.241322
          ]
        ]
      }
    },
    {
      "type": "Feature",
      "properties": {
        "contig_id": 160,
        "length_m": 287.225,
        "segment_count": 11,
        "way_names": [],
        "way_ids": [
          1516388848
        ],
        "endpoint_node_ids": [
          2847788854,
          13845622380
        ],
        "node_ids": [
          2847788854,
          13845622370,
          13845622371,
          13845622372,
          13845622373,
          13845622374,
          13845622375,
          13845622376,
          13845622377,
          13845622378,
          13845622379,
          13845622380
        ],
        "tags": {
          "local:boundary_refs": "w24040003",
          "local:boundary_zone": "core"
        },
        "elevations_m": [
          1733.0,
          1735.0,
          1735.0,
          1736.0,
          1736.0,
          1735.0,
          1735.0,
          1735.0,
          1734.0,
          1735.0,
          1736.0,
          1736.0
        ]
      },
      "geometry": {
        "type": "LineString",
        "coordinates": [
          [
            36.797754,
            -1.2416
          ],
          [
            36.797322,
            -1.241549
          ],
          [
            36.797224,
            -1.241526
          ],
          [
            36.797092,
            -1.241534
          ],
          [
            36.796977,
            -1.241396
          ],
          [
            36.796791,
            -1.241338
          ],
          [
            36.796696,
            -1.241333
          ],
          [
            36.796584,
            -1.241408
          ],
          [
            36.79633,
            -1.24133
          ],
          [
            36.796061,
            -1.24111
          ],
          [
            36.795816,
            -1.240768
          ],
          [
            36.795628,
            -1.240564
          ]
        ]
      }
    },
    {
      "type": "Feature",
      "properties": {
        "contig_id": 161,
        "length_m": 50.921,
        "segment_count": 3,
        "way_names": [],
        "way_ids": [
          280718274
        ],
        "endpoint_node_ids": [
          2847788859,
          2847799256
        ],
        "node_ids": [
          2847788859,
          2847788858,
          2847788857,
          2847799256
        ],
        "tags": {
          "local:boundary_refs": "w24040003",
          "local:boundary_zone": "core"
        },
        "elevations_m": [
          1732.0,
          1733.0,
          1733.0,
          1733.0
        ]
      },
      "geometry": {
        "type": "LineString",
        "coordinates": [
          [
            36.798348,
            -1.241062
          ],
          [
            36.798246,
            -1.2411
          ],
          [
            36.798116,
            -1.241227
          ],
          [
            36.797978,
            -1.241322
          ]
        ]
      }
    },
    {
      "type": "Feature",
      "properties": {
        "contig_id": 162,
        "length_m": 70.919,
        "segment_count": 5,
        "way_names": [],
        "way_ids": [
          280718274
        ],
        "endpoint_node_ids": [
          2847788859,
          2847788862
        ],
        "node_ids": [
          2847788859,
          2847788860,
          2847788832,
          2847788861,
          2847788833,
          2847788862
        ],
        "tags": {
          "local:boundary_refs": "w24040003",
          "local:boundary_zone": "core"
        },
        "elevations_m": [
          1732.0,
          1731.0,
          1730.0,
          1729.0,
          1729.0,
          1728.0
        ]
      },
      "geometry": {
        "type": "LineString",
        "coordinates": [
          [
            36.798348,
            -1.241062
          ],
          [
            36.798408,
            -1.241023
          ],
          [
            36.798551,
            -1.240998
          ],
          [
            36.798725,
            -1.240946
          ],
          [
            36.798905,
            -1.24092
          ],
          [
            36.798947,
            -1.24088
          ]
        ]
      }
    },
    {
      "type": "Feature",
      "properties": {
        "contig_id": 163,
        "length_m": 79.167,
        "segment_count": 2,
        "way_names": [],
        "way_ids": [
          1516388866
        ],
        "endpoint_node_ids": [
          2847788859,
          2847788873
        ],
        "node_ids": [
          2847788859,
          13845622509,
          2847788873
        ],
        "tags": {
          "local:boundary_refs": "w24040003",
          "local:boundary_zone": "core"
        },
        "elevations_m": [
          1732.0,
          1730.0,
          1730.0
        ]
      },
      "geometry": {
        "type": "LineString",
        "coordinates": [
          [
            36.798348,
            -1.241062
          ],
          [
            36.798756,
            -1.241116
          ],
          [
            36.799052,
            -1.241063
          ]
        ]
      }
    },
    {
      "type": "Feature",
      "properties": {
        "contig_id": 164,
        "length_m": 95.683,
        "segment_count": 5,
        "way_names": [],
        "way_ids": [
          280718274
        ],
        "endpoint_node_ids": [
          2847788862,
          2847799158
        ],
        "node_ids": [
          2847788862,
          2847788863,
          2847788864,
          2847788865,
          2847788866,
          2847799158
        ],
        "tags": {
          "local:boundary_refs": "w24040003",
          "local:boundary_zone": "core"
        },
        "elevations_m": [
          1728.0,
          1727.0,
          1725.0,
          1724.0,
          1722.0,
          1721.0
        ]
      },
      "geometry": {
        "type": "LineString",
        "coordinates": [
          [
            36.798947,
            -1.24088
          ],
          [
            36.79894,
            -1.240719
          ],
          [
            36.79892,
            -1.240589
          ],
          [
            36.798888,
            -1.240449
          ],
          [
            36.798837,
            -1.240196
          ],
          [
            36.798789,
            -1.240037
          ]
        ]
      }
    },
    {
      "type": "Feature",
      "properties": {
        "contig_id": 165,
        "length_m": 23.577,
        "segment_count": 2,
        "way_names": [],
        "way_ids": [
          280718275
        ],
        "endpoint_node_ids": [
          2847788862,
          2847788873
        ],
        "node_ids": [
          2847788862,
          2847788872,
          2847788873
        ],
        "tags": {
          "local:boundary_refs": "w24040003",
          "local:boundary_zone": "core"
        },
        "elevations_m": [
          1728.0,
          1729.0,
          1730.0
        ]
      },
      "geometry": {
        "type": "LineString",
        "coordinates": [
          [
            36.798947,
            -1.24088
          ],
          [
            36.799028,
            -1.241037
          ],
          [
            36.799052,
            -1.241063
          ]
        ]
      }
    },
    {
      "type": "Feature",
      "properties": {
        "contig_id": 166,
        "length_m": 215.827,
        "segment_count": 13,
        "way_names": [],
        "way_ids": [
          280718275
        ],
        "endpoint_node_ids": [
          2847788871,
          2847788873
        ],
        "node_ids": [
          2847788871,
          2847788883,
          2847788882,
          2847788881,
          2847788880,
          2847788870,
          2847788879,
          2847788878,
          2847788869,
          2847788877,
          2847788876,
          2847788875,
          2847788874,
          2847788873
        ],
        "tags": {
          "local:boundary_refs": "w24040003",
          "local:boundary_zone": "core"
        },
        "elevations_m": [
          1726.0,
          1725.0,
          1725.0,
          1725.0,
          1726.0,
          1729.0,
          1730.0,
          1731.0,
          1731.0,
          1730.0,
          1730.0,
          1730.0,
          1730.0,
          1730.0
        ]
      },
      "geometry": {
        "type": "LineString",
        "coordinates": [
          [
            36.800406,
            -1.242179
          ],
          [
            36.800358,
            -1.242133
          ],
          [
            36.800307,
            -1.242035
          ],
          [
            36.800296,
            -1.241888
          ],
          [
            36.800227,
            -1.241718
          ],
          [
            36.799971,
            -1.241574
          ],
          [
            36.799883,
            -1.241456
          ],
          [
            36.799794,
            -1.241297
          ],
          [
            36.799716,
            -1.241218
          ],
          [
            36.79962,
            -1.241164
          ],
          [
            36.799548,
            -1.24115
          ],
          [
            36.799402,
            -1.24117
          ],
          [
            36.79915,
            -1.241113
          ],
          [
            36.799052,
            -1.241063
          ]
        ]
      }
    },
    {
      "type": "Feature",
      "properties": {
        "contig_id": 167,
        "length_m": 60.173,
        "segment_count": 4,
        "way_names": [],
        "way_ids": [
          280718275
        ],
        "endpoint_node_ids": [
          2847788871,
          2847799276
        ],
        "node_ids": [
          2847788871,
          2847788884,
          2847788885,
          2847788886,
          2847799276
        ],
        "tags": {
          "local:boundary_refs": "w24040003",
          "local:boundary_zone": "core"
        },
        "elevations_m": [
          1726.0,
          1725.0,
          1725.0,
          1725.0,
          1725.0
        ]
      },
      "geometry": {
        "type": "LineString",
        "coordinates": [
          [
            36.800406,
            -1.242179
          ],
          [
            36.800346,
            -1.242352
          ],
          [
            36.800357,
            -1.242529
          ],
          [
            36.80037,
            -1.242565
          ],
          [
            36.800412,
            -1.242701
          ]
        ]
      }
    },
    {
      "type": "Feature",
      "properties": {
        "contig_id": 168,
        "length_m": 266.246,
        "segment_count": 12,
        "way_names": [],
        "way_ids": [
          280718276
        ],
        "endpoint_node_ids": [
          2847788871,
          2847799146
        ],
        "node_ids": [
          2847788871,
          2847788897,
          2847788896,
          2847788895,
          2847788894,
          2847788893,
          2847788887,
          2847788892,
          2847788891,
          2847788890,
          2847788889,
          2847788888,
          2847799146
        ],
        "tags": {
          "local:boundary_refs": "w24040003",
          "local:boundary_zone": "core"
        },
        "elevations_m": [
          1726.0,
          1726.0,
          1725.0,
          1724.0,
          1723.0,
          1724.0,
          1724.0,
          1723.0,
          1723.0,
          1722.0,
          1721.0,
          1721.0,
          1722.0
        ]
      },
      "geometry": {
        "type": "LineString",
        "coordinates": [
          [
            36.800406,
            -1.242179
          ],
          [
            36.800509,
            -1.24206
          ],
          [
            36.800773,
            -1.241618
          ],
          [
            36.800773,
            -1.241507
          ],
          [
            36.80074,
            -1.241365
          ],
          [
            36.800731,
            -1.241218
          ],
          [
            36.800756,
            -1.241074
          ],
          [
            36.800858,
            -1.240922
          ],
          [
            36.801043,
            -1.240743
          ],
          [
            36.80128,
            -1.240461
          ],
          [
            36.801387,
            -1.240361
          ],
          [
            36.801426,
            -1.240299
          ],
          [
            36.801435,
            -1.240156
          ]
        ]
      }
    },
    {
      "type": "Feature",
      "properties": {
        "contig_id": 169,
        "length_m": 16.927,
        "segment_count": 2,
        "way_names": [],
        "way_ids": [
          280717988
        ],
        "endpoint_node_ids": [
          2847798044,
          2847799254
        ],
        "node_ids": [
          2847798044,
          2847799255,
          2847799254
        ],
        "tags": {
          "local:boundary_refs": "w24040003",
          "local:boundary_zone": "core"
        },
        "elevations_m": [
          1738.0,
          1737.0,
          1737.0
        ]
      },
      "geometry": {
        "type": "LineString",
        "coordinates": [
          [
            36.795335,
            -1.240766
          ],
          [
            36.79533,
            -1.240674
          ],
          [
            36.795348,
            -1.240617
          ]
        ]
      }
    },
    {
      "type": "Feature",
      "properties": {
        "contig_id": 170,
        "length_m": 15.175,
        "segment_count": 1,
        "way_names": [
          "Mukeu Trail"
        ],
        "way_ids": [
          280717984
        ],
        "endpoint_node_ids": [
          2847798044,
          13845622502
        ],
        "node_ids": [
          2847798044,
          13845622502
        ],
        "tags": {
          "local:boundary_refs": "w24040003",
          "local:boundary_zone": "core"
        },
        "elevations_m": [
          1738.0,
          1736.0
        ]
      },
      "geometry": {
        "type": "LineString",
        "coordinates": [
          [
            36.795335,
            -1.240766
          ],
          [
            36.79522,
            -1.240693
          ]
        ]
      }
    },
    {
      "type": "Feature",
      "properties": {
        "contig_id": 171,
        "length_m": 7.196,
        "segment_count": 1,
        "way_names": [
          "Mukeu Trail"
        ],
        "way_ids": [
          280717984
        ],
        "endpoint_node_ids": [
          2847798044,
          13845622508
        ],
        "node_ids": [
          2847798044,
          13845622508
        ],
        "tags": {
          "local:boundary_refs": "w24040003",
          "local:boundary_zone": "core"
        },
        "elevations_m": [
          1738.0,
          1738.0
        ]
      },
      "geometry": {
        "type": "LineString",
        "coordinates": [
          [
            36.795335,
            -1.240766
          ],
          [
            36.795386,
            -1.240805
          ]
        ]
      }
    },
    {
      "type": "Feature",
      "properties": {
        "contig_id": 172,
        "length_m": 179.864,
        "segment_count": 8,
        "way_names": [
          "Mukeu Trail"
        ],
        "way_ids": [
          280717984
        ],
        "endpoint_node_ids": [
          2847798059,
          2847798944
        ],
        "node_ids": [
          2847798059,
          2847798950,
          2847798949,
          2847798948,
          2847798947,
          2847798946,
          2847798945,
          2847798058,
          2847798944
        ],
        "tags": {
          "local:boundary_refs": "w24040003",
          "local:boundary_zone": "core"
        },
        "elevations_m": [
          1702.0,
          1703.0,
          1708.0,
          1710.0,
          1709.0,
          1709.0,
          1709.0,
          1708.0,
          1706.0
        ]
      },
      "geometry": {
        "type": "LineString",
        "coordinates": [
          [
            36.809849,
            -1.24268
          ],
          [
            36.809797,
            -1.242728
          ],
          [
            36.809641,
            -1.24297
          ],
          [
            36.809637,
            -1.243185
          ],
          [
            36.809667,
            -1.243289
          ],
          [
            36.809639,
            -1.243393
          ],
          [
            36.809642,
            -1.243501
          ],
          [
            36.809675,
            -1.243641
          ],
          [
            36.809682,
            -1.244217
          ]
        ]
      }
    },
    {
      "type": "Feature",
      "properties": {
        "contig_id": 173,
        "length_m": 97.176,
        "segment_count": 4,
        "way_names": [
          "Mukeu Trail"
        ],
        "way_ids": [
          280717984
        ],
        "endpoint_node_ids": [
          2847798059,
          13845622366
        ],
        "node_ids": [
          2847798059,
          2847798951,
          2847798952,
          2847798953,
          13845622366
        ],
        "tags": {
          "local:boundary_refs": "w24040003",
          "local:boundary_zone": "core"
        },
        "elevations_m": [
          1702.0,
          1700.0,
          1700.0,
          1701.0,
          1701.0
        ]
      },
      "geometry": {
        "type": "LineString",
        "coordinates": [
          [
            36.809849,
            -1.24268
          ],
          [
            36.810054,
            -1.242611
          ],
          [
            36.810318,
            -1.242495
          ],
          [
            36.810527,
            -1.242441
          ],
          [
            36.81068,
            -1.242428
          ]
        ]
      }
    },
    {
      "type": "Feature",
      "properties": {
        "contig_id": 174,
        "length_m": 11.399,
        "segment_count": 1,
        "way_names": [
          "Sigiria Trail"
        ],
        "way_ids": [
          280717985
        ],
        "endpoint_node_ids": [
          2847798059,
          13845622369
        ],
        "node_ids": [
          2847798059,
          13845622369
        ],
        "tags": {
          "local:boundary_refs": "w24040003",
          "local:boundary_zone": "core"
        },
        "elevations_m": [
          1702.0,
          1703.0
        ]
      },
      "geometry": {
        "type": "LineString",
        "coordinates": [
          [
            36.809849,
            -1.24268
          ],
          [
            36.809747,
            -1.242677
          ]
        ]
      }
    },
    {
      "type": "Feature",
      "properties": {
        "contig_id": 175,
        "length_m": 247.513,
        "segment_count": 13,
        "way_names": [],
        "way_ids": [
          280718274
        ],
        "endpoint_node_ids": [
          2847798096,
          13845622302
        ],
        "node_ids": [
          2847798096,
          2847788834,
          2847788835,
          2847788836,
          2847788827,
          2847788837,
          2847788838,
          2847788828,
          2847788839,
          2847788840,
          2847788841,
          2847788829,
          2847788842,
          13845622302
        ],
        "tags": {
          "local:boundary_refs": "w24040003",
          "local:boundary_zone": "core"
        },
        "elevations_m": [
          1731.0,
          1732.0,
          1732.0,
          1730.0,
          1728.0,
          1727.0,
          1728.0,
          1727.0,
          1727.0,
          1726.0,
          1725.0,
          1723.0,
          1721.0,
          1721.0
        ]
      },
      "geometry": {
        "type": "LineString",
        "coordinates": [
          [
            36.796028,
            -1.243888
          ],
          [
            36.795912,
            -1.243775
          ],
          [
            36.795956,
            -1.243677
          ],
          [
            36.796132,
            -1.243445
          ],
          [
            36.796285,
            -1.24335
          ],
          [
            36.796499,
            -1.243305
          ],
          [
            36.796737,
            -1.243218
          ],
          [
            36.796827,
            -1.243157
          ],
          [
            36.796858,
            -1.243093
          ],
          [
            36.796915,
            -1.243049
          ],
          [
            36.797022,
            -1.243034
          ],
          [
            36.79724,
            -1.243048
          ],
          [
            36.79749,
            -1.24309
          ],
          [
            36.797671,
            -1.243078
          ]
        ]
      }
    },
    {
      "type": "Feature",
      "properties": {
        "contig_id": 176,
        "length_m": 452.184,
        "segment_count": 27,
        "way_names": [
          "Mukeu Trail"
        ],
        "way_ids": [
          280717984
        ],
        "endpoint_node_ids": [
          2847798096,
          13845622508
        ],
        "node_ids": [
          2847798096,
          2847798095,
          2847798094,
          2847798093,
          2847798048,
          2847798092,
          2847798091,
          2847798090,
          2847798089,
          2847798047,
          2847798088,
          2847798087,
          2847798086,
          2847798085,
          2847798084,
          2847798083,
          2847798082,
          2847798081,
          2847798080,
          2847798079,
          2847798046,
          2847798078,
          2847798077,
          2847798076,
          2847798075,
          2847798074,
          2847798045,
          13845622508
        ],
        "tags": {
          "local:boundary_refs": "w24040003",
          "local:boundary_zone": "core"
        },
        "elevations_m": [
          1731.0,
          1732.0,
          1732.0,
          1733.0,
          1733.0,
          1735.0,
          1735.0,
          1735.0,
          1736.0,
          1736.0,
          1735.0,
          1735.0,
          1735.0,
          1735.0,
          1733.0,
          1733.0,
          1732.0,
          1732.0,
          1731.0,
          1730.0,
          1731.0,
          1731.0,
          1732.0,
          1733.0,
          1734.0,
          1735.0,
          1738.0,
          1738.0
        ]
      },
      "geometry": {
        "type": "LineString",
        "coordinates": [
          [
            36.796028,
            -1.243888
          ],
          [
            36.795963,
            -1.243857
          ],
          [
            36.795883,
            -1.243793
          ],
          [
            36.795777,
            -1.243773
          ],
          [
            36.795676,
            -1.243734
          ],
          [
            36.795522,
            -1.243643
          ],
          [
            36.795223,
            -1.243519
          ],
          [
            36.795112,
            -1.243431
          ],
          [
            36.794948,
            -1.24324
          ],
          [
            36.794939,
            -1.243133
          ],
          [
            36.794978,
            -1.243036
          ],
          [
            36.794992,
            -1.242893
          ],
          [
            36.795015,
            -1.242865
          ],
          [
            36.795034,
            -1.242797
          ],
          [
            36.79515,
            -1.242616
          ],
          [
            36.795203,
            -1.242447
          ],
          [
            36.79532,
            -1.242316
          ],
          [
            36.795346,
            -1.242251
          ],
          [
            36.795407,
            -1.242162
          ],
          [
            36.795506,
            -1.241898
          ],
          [
            36.795618,
            -1.241714
          ],
          [
            36.795635,
            -1.241645
          ],
          [
            36.79571,
            -1.241525
          ],
          [
            36.795717,
            -1.241453
          ],
          [
            36.795751,
            -1.241354
          ],
          [
            36.795745,
            -1.241283
          ],
          [
            36.795592,
            -1.240962
          ],
          [
            36.795386,
            -1.240805
          ]
        ]
      }
    },
    {
      "type": "Feature",
      "properties": {
        "contig_id": 177,
        "length_m": 281.897,
        "segment_count": 8,
        "way_names": [
          "Mukeu Trail"
        ],
        "way_ids": [
          280717984
        ],
        "endpoint_node_ids": [
          2847798096,
          13845560500
        ],
        "node_ids": [
          2847798096,
          2847798097,
          2847798098,
          2847798049,
          2847798099,
          2847798100,
          2847798901,
          2847798902,
          13845560500
        ],
        "tags": {
          "local:boundary_refs": "w24040003",
          "local:boundary_zone": "core"
        },
        "elevations_m": [
          1731.0,
          1733.0,
          1734.0,
          1729.0,
          1727.0,
          1727.0,
          1727.0,
          1728.0,
          1728.0
        ]
      },
      "geometry": {
        "type": "LineString",
        "coordinates": [
          [
            36.796028,
            -1.243888
          ],
          [
            36.796298,
            -1.243989
          ],
          [
            36.796856,
            -1.244236
          ],
          [
            36.797401,
            -1.244415
          ],
          [
            36.797868,
            -1.244603
          ],
          [
            36.797971,
            -1.244631
          ],
          [
            36.798151,
            -1.244646
          ],
          [
            36.798323,
            -1.244695
          ],
          [
            36.798407,
            -1.244738
          ]
        ]
      }
    },
    {
      "type": "Feature",
      "properties": {
        "contig_id": 178,
        "length_m": 47.987,
        "segment_count": 2,
        "way_names": [
          "Mukeu Trail"
        ],
        "way_ids": [
          280717984
        ],
        "endpoint_node_ids": [
          2847798906,
          2847798907
        ],
        "node_ids": [
          2847798906,
          2847798051,
          2847798907
        ],
        "tags": {
          "local:boundary_refs": "w24040003",
          "local:boundary_zone": "core"
        },
        "elevations_m": [
          1726.0,
          1724.0,
          1723.0
        ]
      },
      "geometry": {
        "type": "LineString",
        "coordinates": [
          [
            36.800222,
            -1.244522
          ],
          [
            36.80056,
            -1.2444
          ],
          [
            36.800626,
            -1.244371
          ]
        ]
      }
    },
    {
      "type": "Feature",
      "properties": {
        "contig_id": 179,
        "length_m": 212.992,
        "segment_count": 5,
        "way_names": [
          "Mukeu Trail"
        ],
        "way_ids": [
          280717984
        ],
        "endpoint_node_ids": [
          2847798906,
          13845560500
        ],
        "node_ids": [
          2847798906,
          2847798905,
          2847798904,
          2847798050,
          2847798903,
          13845560500
        ],
        "tags": {
          "local:boundary_refs": "w24040003",
          "local:boundary_zone": "core"
        },
        "elevations_m": [
          1726.0,
          1730.0,
          1728.0,
          1729.0,
          1730.0,
          1728.0
        ]
      },
      "geometry": {
        "type": "LineString",
        "coordinates": [
          [
            36.800222,
            -1.244522
          ],
          [
            36.799691,
            -1.244616
          ],
          [
            36.798954,
            -1.2449
          ],
          [
            36.798847,
            -1.244914
          ],
          [
            36.798706,
            -1.24489
          ],
          [
            36.798407,
            -1.244738
          ]
        ]
      }
    },
    {
      "type": "Feature",
      "properties": {
        "contig_id": 180,
        "length_m": 190.219,
        "segment_count": 10,
        "way_names": [],
        "way_ids": [
          280720860
        ],
        "endpoint_node_ids": [
          2847798906,
          2847823993
        ],
        "node_ids": [
          2847798906,
          2847824002,
          2847824001,
          2847824000,
          2847823999,
          2847823998,
          2847823997,
          2847823996,
          2847823995,
          2847823994,
          2847823993
        ],
        "tags": {
          "local:boundary_refs": "w24040003",
          "local:boundary_zone": "core"
        },
        "elevations_m": [
          1726.0,
          1727.0,
          1727.0,
          1729.0,
          1729.0,
          1728.0,
          1728.0,
          1726.0,
          1723.0,
          1721.0,
          1719.0
        ]
      },
      "geometry": {
        "type": "LineString",
        "coordinates": [
          [
            36.800222,
            -1.244522
          ],
          [
            36.800332,
            -1.244577
          ],
          [
            36.800341,
            -1.244612
          ],
          [
            36.800332,
            -1.24472
          ],
          [
            36.800352,
            -1.244937
          ],
          [
            36.800408,
            -1.245182
          ],
          [
            36.800411,
            -1.245255
          ],
          [
            36.800467,
            -1.245426
          ],
          [
            36.800519,
            -1.245782
          ],
          [
            36.800557,
            -1.245921
          ],
          [
            36.800562,
            -1.246138
          ]
        ]
      }
    },
    {
      "type": "Feature",
      "properties": {
        "contig_id": 181,
        "length_m": 142.591,
        "segment_count": 6,
        "way_names": [
          "Mukeu Trail"
        ],
        "way_ids": [
          280717984
        ],
        "endpoint_node_ids": [
          2847798907,
          2847798912
        ],
        "node_ids": [
          2847798907,
          2847798908,
          2847798909,
          2847798910,
          2847798911,
          2847798052,
          2847798912
        ],
        "tags": {
          "local:boundary_refs": "w24040003",
          "local:boundary_zone": "core"
        },
        "elevations_m": [
          1723.0,
          1722.0,
          1719.0,
          1716.0,
          1719.0,
          1720.0,
          1720.0
        ]
      },
      "geometry": {
        "type": "LineString",
        "coordinates": [
          [
            36.800626,
            -1.244371
          ],
          [
            36.800755,
            -1.244343
          ],
          [
            36.800895,
            -1.244307
          ],
          [
            36.80123,
            -1.244178
          ],
          [
            36.801588,
            -1.244141
          ],
          [
            36.801729,
            -1.244112
          ],
          [
            36.801871,
            -1.244132
          ]
        ]
      }
    },
    {
      "type": "Feature",
      "properties": {
        "contig_id": 182,
        "length_m": 13.903,
        "segment_count": 1,
        "way_names": [],
        "way_ids": [
          457597907
        ],
        "endpoint_node_ids": [
          2847798907,
          4537141156
        ],
        "node_ids": [
          2847798907,
          4537141156
        ],
        "tags": {
          "local:boundary_refs": "w24040003",
          "local:boundary_zone": "core"
        },
        "elevations_m": [
          1723.0,
          1721.0
        ]
      },
      "geometry": {
        "type": "LineString",
        "coordinates": [
          [
            36.800626,
            -1.244371
          ],
          [
            36.800638,
            -1.244246
          ]
        ]
      }
    },
    {
      "type": "Feature",
      "properties": {
        "contig_id": 183,
        "length_m": 247.385,
        "segment_count": 5,
        "way_names": [
          "Mukeu Trail"
        ],
        "way_ids": [
          280717984
        ],
        "endpoint_node_ids": [
          2847798912,
          2847798916
        ],
        "node_ids": [
          2847798912,
          2847798913,
          2847798914,
          2847798053,
          2847798915,
          2847798916
        ],
        "tags": {
          "local:boundary_refs": "w24040003",
          "local:boundary_zone": "core"
        },
        "elevations_m": [
          1720.0,
          1720.0,
          1715.0,
          1714.0,
          1713.0,
          1711.0
        ]
      },
      "geometry": {
        "type": "LineString",
        "coordinates": [
          [
            36.801871,
            -1.244132
          ],
          [
            36.802236,
            -1.244282
          ],
          [
            36.803349,
            -1.244786
          ],
          [
            36.803557,
            -1.244927
          ],
          [
            36.803658,
            -1.245026
          ],
          [
            36.803839,
            -1.245144
          ]
        ]
      }
    },
    {
      "type": "Feature",
      "properties": {
        "contig_id": 184,
        "length_m": 103.806,
        "segment_count": 6,
        "way_names": [
          "Thigiri Trail"
        ],
        "way_ids": [
          280717989
        ],
        "endpoint_node_ids": [
          2847798912,
          2847799281
        ],
        "node_ids": [
          2847798912,
          4542431293,
          2847799285,
          2847799284,
          2847799283,
          2847799282,
          2847799281
        ],
        "tags": {
          "local:boundary_refs": "w24040003",
          "local:boundary_zone": "core"
        },
        "elevations_m": [
          1720.0,
          1720.0,
          1719.0,
          1716.0,
          1716.0,
          1716.0,
          1716.0
        ]
      },
      "geometry": {
        "type": "LineString",
        "coordinates": [
          [
            36.801871,
            -1.244132
          ],
          [
            36.801755,
            -1.244042
          ],
          [
            36.801679,
            -1.243975
          ],
          [
            36.801417,
            -1.24386
          ],
          [
            36.801303,
            -1.24378
          ],
          [
            36.801187,
            -1.243719
          ],
          [
            36.801071,
            -1.243663
          ]
        ]
      }
    },
    {
      "type": "Feature",
      "properties": {
        "contig_id": 185,
        "length_m": 19.754,
        "segment_count": 1,
        "way_names": [
          "Mukeu Trail"
        ],
        "way_ids": [
          280717984
        ],
        "endpoint_node_ids": [
          2847798916,
          2847798917
        ],
        "node_ids": [
          2847798916,
          2847798917
        ],
        "tags": {
          "local:boundary_refs": "w24040003",
          "local:boundary_zone": "core"
        },
        "elevations_m": [
          1711.0,
          1711.0
        ]
      },
      "geometry": {
        "type": "LineString",
        "coordinates": [
          [
            36.803839,
            -1.245144
          ],
          [
            36.804001,
            -1.245217
          ]
        ]
      }
    },
    {
      "type": "Feature",
      "properties": {
        "contig_id": 186,
        "length_m": 213.654,
        "segment_count": 11,
        "way_names": [],
        "way_ids": [
          280720860
        ],
        "endpoint_node_ids": [
          2847798916,
          2847823981
        ],
        "node_ids": [
          2847798916,
          2847823971,
          2847823972,
          2847823973,
          2847823974,
          2847823975,
          2847823976,
          2847823977,
          2847823978,
          2847823979,
          2847823980,
          2847823981
        ],
        "tags": {
          "local:boundary_refs": "w24040003",
          "local:boundary_zone": "core"
        },
        "elevations_m": [
          1711.0,
          1712.0,
          1711.0,
          1711.0,
          1712.0,
          1712.0,
          1714.0,
          1715.0,
          1717.0,
          1718.0,
          1717.0,
          1716.0
        ]
      },
      "geometry": {
        "type": "LineString",
        "coordinates": [
          [
            36.803839,
            -1.245144
          ],
          [
            36.803695,
            -1.245104
          ],
          [
            36.803532,
            -1.245249
          ],
          [
            36.803493,
            -1.245309
          ],
          [
            36.803438,
            -1.245357
          ],
          [
            36.803325,
            -1.245542
          ],
          [
            36.803139,
            -1.245713
          ],
          [
            36.803089,
            -1.24581
          ],
          [
            36.802985,
            -1.245958
          ],
          [
            36.80283,
            -1.246108
          ],
          [
            36.80265,
            -1.246381
          ],
          [
            36.802611,
            -1.246481
          ]
        ]
      }
    },
    {
      "type": "Feature",
      "properties": {
        "contig_id": 187,
        "length_m": 350.876,
        "segment_count": 11,
        "way_names": [
          "Mukeu Trail"
        ],
        "way_ids": [
          280717984
        ],
        "endpoint_node_ids": [
          2847798917,
          2847798927
        ],
        "node_ids": [
          2847798917,
          2847798918,
          2847798919,
          2847798920,
          2847798921,
          2847798922,
          2847798054,
          2847798923,
          2847798924,
          2847798925,
          2847798926,
          2847798927
        ],
        "tags": {
          "local:boundary_refs": "w24040003",
          "local:boundary_zone": "core"
        },
        "elevations_m": [
          1711.0,
          1712.0,
          1714.0,
          1714.0,
          1715.0,
          1717.0,
          1718.0,
          1714.0,
          1712.0,
          1709.0,
          1709.0,
          1708.0
        ]
      },
      "geometry": {
        "type": "LineString",
        "coordinates": [
          [
            36.804001,
            -1.245217
          ],
          [
            36.804205,
            -1.245359
          ],
          [
            36.804583,
            -1.245481
          ],
          [
            36.804879,
            -1.245609
          ],
          [
            36.805283,
            -1.245844
          ],
          [
            36.805514,
            -1.246012
          ],
          [
            36.805669,
            -1.246103
          ],
          [
            36.806215,
            -1.246375
          ],
          [
            36.806319,
            -1.246475
          ],
          [
            36.80652,
            -1.246625
          ],
          [
            36.806596,
            -1.2467
          ],
          [
            36.806718,
            -1.246775
          ]
        ]
      }
    },
    {
      "type": "Feature",
      "properties": {
        "contig_id": 188,
        "length_m": 589.369,
        "segment_count": 38,
        "way_names": [],
        "way_ids": [
          280720859
        ],
        "endpoint_node_ids": [
          2847798917,
          2847823917
        ],
        "node_ids": [
          2847798917,
          2847823967,
          2847823966,
          2847823965,
          2847823964,
          2847823963,
          2847823962,
          2847823961,
          2847823960,
          2847823959,
          2847823958,
          2847823957,
          2847823956,
          2847823955,
          2847823933,
          2847823954,
          2847823953,
          2847823952,
          2847823951,
          2847823950,
          2847823949,
          2847823948,
          2847823947,
          2847823932,
          2847823946,
          2847823945,
          2847823944,
          2847823943,
          2847823942,
          2847823941,
          2847823940,
          2847823931,
          2847823939,
          2847823938,
          2847823937,
          2847823936,
          2847823935,
          2847823934,
          2847823917
        ],
        "tags": {
          "local:boundary_refs": "w24040003",
          "local:boundary_zone": "core"
        },
        "elevations_m": [
          1711.0,
          1712.0,
          1713.0,
          1712.0,
          1711.0,
          1710.0,
          1709.0,
          1709.0,
          1707.0,
          1707.0,
          1707.0,
          1708.0,
          1708.0,
          1707.0,
          1706.0,
          1705.0,
          1705.0,
          1705.0,
          1705.0,
          1704.0,
          1704.0,
          1704.0,
          1705.0,
          1706.0,
          1706.0,
          1709.0,
          1711.0,
          1712.0,
          1712.0,
          1714.0,
          1715.0,
          1715.0,
          1716.0,
          1715.0,
          1714.0,
          1713.0,
          1713.0,
          1712.0,
          1713.0
        ]
      },
      "geometry": {
        "type": "LineString",
        "coordinates": [
          [
            36.804001,
            -1.245217
          ],
          [
            36.804015,
            -1.245023
          ],
          [
            36.80413,
            -1.24484
          ],
          [
            36.804188,
            -1.244631
          ],
          [
            36.804186,
            -1.244522
          ],
          [
            36.804074,
            -1.244339
          ],
          [
            36.804059,
            -1.244268
          ],
          [
            36.804066,
            -1.244234
          ],
          [
            36.804157,
            -1.244122
          ],
          [
            36.804184,
            -1.244056
          ],
          [
            36.804163,
            -1.243841
          ],
          [
            36.804189,
            -1.243699
          ],
          [
            36.804202,
            -1.243666
          ],
          [
            36.804311,
            -1.24357
          ],
          [
            36.80437,
            -1.243478
          ],
          [
            36.80438,
            -1.243371
          ],
          [
            36.804347,
            -1.243306
          ],
          [
            36.804251,
            -1.243264
          ],
          [
            36.804212,
            -1.243203
          ],
          [
            36.804185,
            -1.2431
          ],
          [
            36.804122,
            -1.243012
          ],
          [
            36.804,
            -1.242934
          ],
          [
            36.803798,
            -1.242852
          ],
          [
            36.803768,
            -1.242833
          ],
          [
            36.803729,
            -1.242774
          ],
          [
            36.803716,
            -1.242558
          ],
          [
            36.80382,
            -1.242289
          ],
          [
            36.803844,
            -1.242184
          ],
          [
            36.803846,
            -1.242039
          ],
          [
            36.803885,
            -1.241864
          ],
          [
            36.803885,
            -1.241791
          ],
          [
            36.803848,
            -1.241729
          ],
          [
            36.80375,
            -1.241687
          ],
          [
            36.803487,
            -1.241443
          ],
          [
            36.803299,
            -1.241332
          ],
          [
            36.803185,
            -1.241242
          ],
          [
            36.80298,
            -1.24117
          ],
          [
            36.802917,
            -1.241135
          ],
          [
            36.80283,
            -1.241032
          ]
        ]
      }
    },
    {
      "type": "Feature",
      "properties": {
        "contig_id": 189,
        "length_m": 179.649,
        "segment_count": 5,
        "way_names": [
          "Mukeu Trail"
        ],
        "way_ids": [
          280717984
        ],
        "endpoint_node_ids": [
          2847798927,
          2847798930
        ],
        "node_ids": [
          2847798927,
          2847798055,
          2847798928,
          2847798929,
          2847798056,
          2847798930
        ],
        "tags": {
          "local:boundary_refs": "w24040003",
          "local:boundary_zone": "core"
        },
        "elevations_m": [
          1708.0,
          1706.0,
          1708.0,
          1707.0,
          1705.0,
          1705.0
        ]
      },
      "geometry": {
        "type": "LineString",
        "coordinates": [
          [
            36.806718,
            -1.246775
          ],
          [
            36.807572,
            -1.247156
          ],
          [
            36.807808,
            -1.247237
          ],
          [
            36.807948,
            -1.24727
          ],
          [
            36.808131,
            -1.247276
          ],
          [
            36.808235,
            -1.247282
          ]
        ]
      }
    },
    {
      "type": "Feature",
      "properties": {
        "contig_id": 190,
        "length_m": 118.111,
        "segment_count": 8,
        "way_names": [],
        "way_ids": [
          280720861
        ],
        "endpoint_node_ids": [
          2847798927,
          2847824013
        ],
        "node_ids": [
          2847798927,
          2847824007,
          2847824008,
          2847824009,
          2847824010,
          2847824011,
          2847824003,
          2847824012,
          2847824013
        ],
        "tags": {
          "local:boundary_refs": "w24040003",
          "local:boundary_zone": "core"
        },
        "elevations_m": [
          1708.0,
          1708.0,
          1708.0,
          1708.0,
          1709.0,
          1711.0,
          1714.0,
          1713.0,
          1712.0
        ]
      },
      "geometry": {
        "type": "LineString",
        "coordinates": [
          [
            36.806718,
            -1.246775
          ],
          [
            36.806597,
            -1.246809
          ],
          [
            36.80655,
            -1.246864
          ],
          [
            36.806501,
            -1.246962
          ],
          [
            36.806465,
            -1.247103
          ],
          [
            36.806397,
            -1.24727
          ],
          [
            36.80634,
            -1.247481
          ],
          [
            36.806366,
            -1.247541
          ],
          [
            36.806389,
            -1.247684
          ]
        ]
      }
    },
    {
      "type": "Feature",
      "properties": {
        "contig_id": 191,
        "length_m": 84.084,
        "segment_count": 3,
        "way_names": [],
        "way_ids": [
          280720862
        ],
        "endpoint_node_ids": [
          2847798930,
          2847824044
        ],
        "node_ids": [
          2847798930,
          2847824047,
          2847824045,
          2847824044
        ],
        "tags": {
          "local:boundary_refs": "w24040003",
          "local:boundary_zone": "core"
        },
        "elevations_m": [
          1705.0,
          1706.0,
          1703.0,
          1702.0
        ]
      },
      "geometry": {
        "type": "LineString",
        "coordinates": [
          [
            36.808235,
            -1.247282
          ],
          [
            36.808278,
            -1.247516
          ],
          [
            36.808484,
            -1.247672
          ],
          [
            36.808522,
            -1.24793
          ]
        ]
      }
    },
    {
      "type": "Feature",
      "properties": {
        "contig_id": 192,
        "length_m": 36.031,
        "segment_count": 1,
        "way_names": [
          "Mukeu Trail"
        ],
        "way_ids": [
          280717984
        ],
        "endpoint_node_ids": [
          2847798930,
          13845622417
        ],
        "node_ids": [
          2847798930,
          13845622417
        ],
        "tags": {
          "local:boundary_refs": "w24040003",
          "local:boundary_zone": "core"
        },
        "elevations_m": [
          1705.0,
          1704.0
        ]
      },
      "geometry": {
        "type": "LineString",
        "coordinates": [
          [
            36.808235,
            -1.247282
          ],
          [
            36.808549,
            -1.247202
          ]
        ]
      }
    },
    {
      "type": "Feature",
      "properties": {
        "contig_id": 193,
        "length_m": 293.564,
        "segment_count": 11,
        "way_names": [
          "Mukeu Trail"
        ],
        "way_ids": [
          280717984
        ],
        "endpoint_node_ids": [
          2847798944,
          13845622410
        ],
        "node_ids": [
          2847798944,
          2847798943,
          2847798942,
          2847798941,
          2847798940,
          2847798939,
          2847798057,
          2847798938,
          2847798937,
          2847798936,
          2847798935,
          13845622410
        ],
        "tags": {
          "local:boundary_refs": "w24040003",
          "local:boundary_zone": "core"
        },
        "elevations_m": [
          1706.0,
          1707.0,
          1706.0,
          1706.0,
          1705.0,
          1704.0,
          1706.0,
          1707.0,
          1705.0,
          1704.0,
          1704.0,
          1704.0
        ]
      },
      "geometry": {
        "type": "LineString",
        "coordinates": [
          [
            36.809682,
            -1.244217
          ],
          [
            36.809712,
            -1.244357
          ],
          [
            36.809714,
            -1.244609
          ],
          [
            36.809693,
            -1.244714
          ],
          [
            36.809753,
            -1.244802
          ],
          [
            36.809759,
            -1.245666
          ],
          [
            36.809705,
            -1.245909
          ],
          [
            36.809591,
            -1.246133
          ],
          [
            36.809537,
            -1.246338
          ],
          [
            36.809476,
            -1.246504
          ],
          [
            36.809455,
            -1.246682
          ],
          [
            36.809431,
            -1.246778
          ]
        ]
      }
    },
    {
      "type": "Feature",
      "properties": {
        "contig_id": 194,
        "length_m": 73.68,
        "segment_count": 1,
        "way_names": [],
        "way_ids": [
          1516388852
        ],
        "endpoint_node_ids": [
          2847798944,
          13845622395
        ],
        "node_ids": [
          2847798944,
          13845622395
        ],
        "tags": {
          "local:boundary_refs": "w24040003",
          "local:boundary_zone": "core"
        },
        "elevations_m": [
          1706.0,
          1706.0
        ]
      },
      "geometry": {
        "type": "LineString",
        "coordinates": [
          [
            36.809682,
            -1.244217
          ],
          [
            36.810337,
            -1.244116
          ]
        ]
      }
    },
    {
      "type": "Feature",
      "properties": {
        "contig_id": 195,
        "length_m": 718.17,
        "segment_count": 33,
        "way_names": [
          "Mukeu Trail"
        ],
        "way_ids": [
          280717984
        ],
        "endpoint_node_ids": [
          2847798978,
          13845622366
        ],
        "node_ids": [
          2847798978,
          2847798066,
          2847798977,
          2847798976,
          2847798975,
          2847798974,
          2847798065,
          2847798973,
          2847798972,
          2847798971,
          2847798970,
          2847798064,
          2847798969,
          2847798968,
          2847798063,
          11938174295,
          2847798967,
          2847798062,
          2847798966,
          2847798965,
          2847798964,
          2847798963,
          2847798962,
          2847798961,
          2847798960,
          2847798959,
          2847798958,
          2847798061,
          2847798957,
          2847798956,
          2847798955,
          2847798954,
          2847798060,
          13845622366
        ],
        "tags": {
          "local:boundary_refs": "w24040003",
          "local:boundary_zone": "core"
        },
        "elevations_m": [
          1666.0,
          1666.0,
          1666.0,
          1667.0,
          1667.0,
          1667.0,
          1666.0,
          1667.0,
          1670.0,
          1674.0,
          1676.0,
          1677.0,
          1679.0,
          1683.0,
          1684.0,
          1684.0,
          1683.0,
          1684.0,
          1685.0,
          1686.0,
          1686.0,
          1686.0,
          1686.0,
          1687.0,
          1688.0,
          1690.0,
          1692.0,
          1693.0,
          1694.0,
          1697.0,
          1699.0,
          1701.0,
          1701.0,
          1701.0
        ]
      },
      "geometry": {
        "type": "LineString",
        "coordinates": [
          [
            36.815028,
            -1.246635
          ],
          [
            36.814903,
            -1.246568
          ],
          [
            36.814819,
            -1.246499
          ],
          [
            36.814724,
            -1.246391
          ],
          [
            36.814625,
            -1.24616
          ],
          [
            36.814611,
            -1.24609
          ],
          [
            36.814529,
            -1.245931
          ],
          [
            36.814261,
            -1.245552
          ],
          [
            36.814098,
            -1.245362
          ],
          [
            36.813964,
            -1.245243
          ],
          [
            36.813897,
            -1.245217
          ],
          [
            36.813745,
            -1.245122
          ],
          [
            36.813548,
            -1.245034
          ],
          [
            36.81288,
            -1.244886
          ],
          [
            36.812668,
            -1.244851
          ],
          [
            36.812482,
            -1.244761
          ],
          [
            36.812327,
            -1.24464
          ],
          [
            36.812185,
            -1.244505
          ],
          [
            36.812101,
            -1.244409
          ],
          [
            36.812071,
            -1.244361
          ],
          [
            36.812001,
            -1.244156
          ],
          [
            36.811914,
            -1.24396
          ],
          [
            36.811907,
            -1.243889
          ],
          [
            36.811864,
            -1.243792
          ],
          [
            36.811679,
            -1.243491
          ],
          [
            36.811583,
            -1.243386
          ],
          [
            36.811482,
            -1.243239
          ],
          [
            36.811402,
            -1.243082
          ],
          [
            36.811346,
            -1.242914
          ],
          [
            36.811178,
            -1.242642
          ],
          [
            36.811045,
            -1.242522
          ],
          [
            36.810849,
            -1.242434
          ],
          [
            36.810778,
            -1.242419
          ],
          [
            36.81068,
            -1.242428
          ]
        ]
      }
    },
    {
      "type": "Feature",
      "properties": {
        "contig_id": 196,
        "length_m": 155.7,
        "segment_count": 10,
        "way_names": [
          "Mukeu Trail"
        ],
        "way_ids": [
          280717984
        ],
        "endpoint_node_ids": [
          2847798978,
          13845622467
        ],
        "node_ids": [
          2847798978,
          2847798979,
          2847798980,
          2847798981,
          2847798982,
          2847798983,
          2847798984,
          2847798067,
          2847798985,
          2847798986,
          13845622467
        ],
        "tags": {
          "local:boundary_refs": "w24040003",
          "local:boundary_zone": "core"
        },
        "elevations_m": [
          1666.0,
          1667.0,
          1668.0,
          1671.0,
          1670.0,
          1670.0,
          1668.0,
          1667.0,
          1667.0,
          1668.0,
          1668.0
        ]
      },
      "geometry": {
        "type": "LineString",
        "coordinates": [
          [
            36.815028,
            -1.246635
          ],
          [
            36.814964,
            -1.246678
          ],
          [
            36.814899,
            -1.246765
          ],
          [
            36.814834,
            -1.246931
          ],
          [
            36.814822,
            -1.247075
          ],
          [
            36.814866,
            -1.247211
          ],
          [
            36.814871,
            -1.247355
          ],
          [
            36.814827,
            -1.247451
          ],
          [
            36.814714,
            -1.247539
          ],
          [
            36.814467,
            -1.247583
          ],
          [
            36.814362,
            -1.247592
          ]
        ]
      }
    },
    {
      "type": "Feature",
      "properties": {
        "contig_id": 197,
        "length_m": 55.883,
        "segment_count": 2,
        "way_names": [],
        "way_ids": [
          742438873
        ],
        "endpoint_node_ids": [
          2847798978,
          6950727289
        ],
        "node_ids": [
          2847798978,
          6950727290,
          6950727289
        ],
        "tags": {
          "local:boundary_refs": "w24040003",
          "local:boundary_zone": "core"
        },
        "elevations_m": [
          1666.0,
          1664.0,
          1666.0
        ]
      },
      "geometry": {
        "type": "LineString",
        "coordinates": [
          [
            36.815028,
            -1.246635
          ],
          [
            36.815139,
            -1.246595
          ],
          [
            36.815523,
            -1.246576
          ]
        ]
      }
    },
    {
      "type": "Feature",
      "properties": {
        "contig_id": 198,
        "length_m": 427.175,
        "segment_count": 20,
        "way_names": [
          "Mukeu Trail"
        ],
        "way_ids": [
          280717984
        ],
        "endpoint_node_ids": [
          2847799103,
          13845622467
        ],
        "node_ids": [
          2847799103,
          2847798070,
          2847799102,
          2847799101,
          2847799000,
          2847798999,
          2847798998,
          2847798997,
          2847798069,
          2847798996,
          2847798995,
          2847798994,
          2847798993,
          2847798992,
          2847798991,
          2847798990,
          2847798068,
          2847798989,
          2847798988,
          2847798987,
          13845622467
        ],
        "tags": {
          "local:boundary_refs": "w24040003",
          "local:boundary_zone": "core"
        },
        "elevations_m": [
          1703.0,
          1703.0,
          1701.0,
          1700.0,
          1700.0,
          1700.0,
          1698.0,
          1695.0,
          1686.0,
          1683.0,
          1682.0,
          1680.0,
          1675.0,
          1673.0,
          1673.0,
          1671.0,
          1670.0,
          1668.0,
          1668.0,
          1668.0,
          1668.0
        ]
      },
      "geometry": {
        "type": "LineString",
        "coordinates": [
          [
            36.810791,
            -1.248387
          ],
          [
            36.811058,
            -1.248487
          ],
          [
            36.81127,
            -1.248529
          ],
          [
            36.81134,
            -1.248512
          ],
          [
            36.811436,
            -1.248463
          ],
          [
            36.811665,
            -1.248288
          ],
          [
            36.811708,
            -1.248234
          ],
          [
            36.81184,
            -1.248176
          ],
          [
            36.812157,
            -1.248114
          ],
          [
            36.812327,
            -1.248053
          ],
          [
            36.812433,
            -1.248043
          ],
          [
            36.812571,
            -1.248004
          ],
          [
            36.81293,
            -1.24801
          ],
          [
            36.813062,
            -1.247953
          ],
          [
            36.813115,
            -1.247905
          ],
          [
            36.813389,
            -1.247737
          ],
          [
            36.81356,
            -1.247679
          ],
          [
            36.813756,
            -1.247588
          ],
          [
            36.813967,
            -1.247548
          ],
          [
            36.814287,
            -1.247598
          ],
          [
            36.814362,
            -1.247592
          ]
        ]
      }
    },
    {
      "type": "Feature",
      "properties": {
        "contig_id": 199,
        "length_m": 170.056,
        "segment_count": 9,
        "way_names": [
          "Mukeu Trail"
        ],
        "way_ids": [
          280717984
        ],
        "endpoint_node_ids": [
          2847799103,
          2847799111
        ],
        "node_ids": [
          2847799103,
          2847799104,
          2847799105,
          2847799106,
          2847799107,
          2847799108,
          2847798071,
          2847799109,
          2847799110,
          2847799111
        ],
        "tags": {
          "local:boundary_refs": "w24040003",
          "local:boundary_zone": "core"
        },
        "elevations_m": [
          1703.0,
          1704.0,
          1702.0,
          1701.0,
          1701.0,
          1702.0,
          1703.0,
          1704.0,
          1704.0,
          1705.0
        ]
      },
      "geometry": {
        "type": "LineString",
        "coordinates": [
          [
            36.810791,
            -1.248387
          ],
          [
            36.810754,
            -1.248326
          ],
          [
            36.81073,
            -1.24813
          ],
          [
            36.810544,
            -1.247956
          ],
          [
            36.810483,
            -1.247849
          ],
          [
            36.810463,
            -1.247729
          ],
          [
            36.810403,
            -1.247649
          ],
          [
            36.810361,
            -1.247555
          ],
          [
            36.810199,
            -1.247497
          ],
          [
            36.80991,
            -1.247241
          ]
        ]
      }
    },
    {
      "type": "Feature",
      "properties": {
        "contig_id": 200,
        "length_m": 217.597,
        "segment_count": 12,
        "way_names": [],
        "way_ids": [
          759386825
        ],
        "endpoint_node_ids": [
          2847799103,
          7093322620
        ],
        "node_ids": [
          2847799103,
          7093322609,
          7093322610,
          7093322611,
          7093322612,
          7093322613,
          7093322614,
          7093322615,
          7093322616,
          7093322617,
          7093322618,
          7093322619,
          7093322620
        ],
        "tags": {
          "local:boundary_refs": "w24040003",
          "local:boundary_zone": "core"
        },
        "elevations_m": [
          1703.0,
          1703.0,
          1702.0,
          1700.0,
          1696.0,
          1694.0,
          1688.0,
          1687.0,
          1686.0,
          1685.0,
          1684.0,
          1681.0,
          1680.0
        ]
      },
      "geometry": {
        "type": "LineString",
        "coordinates": [
          [
            36.810791,
            -1.248387
          ],
          [
            36.810805,
            -1.248436
          ],
          [
            36.810867,
            -1.248586
          ],
          [
            36.810926,
            -1.248751
          ],
          [
            36.810941,
            -1.248912
          ],
          [
            36.810881,
            -1.249004
          ],
          [
            36.810721,
            -1.249271
          ],
          [
            36.810713,
            -1.249365
          ],
          [
            36.810548,
            -1.249438
          ],
          [
            36.810535,
            -1.249539
          ],
          [
            36.810362,
            -1.249575
          ],
          [
            36.810123,
            -1.249708
          ],
          [
            36.809968,
            -1.249743
          ]
        ]
      }
    },
    {
      "type": "Feature",
      "properties": {
        "contig_id": 201,
        "length_m": 59.113,
        "segment_count": 2,
        "way_names": [],
        "way_ids": [
          1427968754
        ],
        "endpoint_node_ids": [
          2847799111,
          13845622416
        ],
        "node_ids": [
          2847799111,
          13128031314,
          13845622416
        ],
        "tags": {
          "local:boundary_refs": "w24040003",
          "local:boundary_zone": "core"
        },
        "elevations_m": [
          1705.0,
          1706.0,
          1705.0
        ]
      },
      "geometry": {
        "type": "LineString",
        "coordinates": [
          [
            36.80991,
            -1.247241
          ],
          [
            36.809641,
            -1.24707
          ],
          [
            36.809458,
            -1.246961
          ]
        ]
      }
    },
    {
      "type": "Feature",
      "properties": {
        "contig_id": 202,
        "length_m": 523.657,
        "segment_count": 11,
        "way_names": [],
        "way_ids": [
          1516388862
        ],
        "endpoint_node_ids": [
          2847799111,
          13845622467
        ],
        "node_ids": [
          2847799111,
          13845622457,
          13845622458,
          13845622459,
          13845622460,
          13845622461,
          13845622462,
          13845622463,
          13845622464,
          13845622465,
          13845622466,
          13845622467
        ],
        "tags": {
          "local:boundary_refs": "w24040003",
          "local:boundary_zone": "core"
        },
        "elevations_m": [
          1705.0,
          1705.0,
          1704.0,
          1702.0,
          1695.0,
          1687.0,
          1684.0,
          1680.0,
          1673.0,
          1671.0,
          1669.0,
          1668.0
        ]
      },
      "geometry": {
        "type": "LineString",
        "coordinates": [
          [
            36.80991,
            -1.247241
          ],
          [
            36.810285,
            -1.247175
          ],
          [
            36.810715,
            -1.247311
          ],
          [
            36.810981,
            -1.247136
          ],
          [
            36.811566,
            -1.247093
          ],
          [
            36.811966,
            -1.247377
          ],
          [
            36.812197,
            -1.247484
          ],
          [
            36.812703,
            -1.247474
          ],
          [
            36.813171,
            -1.24741
          ],
          [
            36.813468,
            -1.247316
          ],
          [
            36.813924,
            -1.247423
          ],
          [
            36.814362,
            -1.247592
          ]
        ]
      }
    },
    {
      "type": "Feature",
      "properties": {
        "contig_id": 203,
        "length_m": 33.781,
        "segment_count": 2,
        "way_names": [
          "Sigiria Trail"
        ],
        "way_ids": [
          280717985
        ],
        "endpoint_node_ids": [
          2847799120,
          2847799233
        ],
        "node_ids": [
          2847799120,
          2847799178,
          2847799233
        ],
        "tags": {
          "local:boundary_refs": "w24040003",
          "local:boundary_zone": "core"
        },
        "elevations_m": [
          1726.0,
          1722.0,
          1720.0
        ]
      },
      "geometry": {
        "type": "LineString",
        "coordinates": [
          [
            36.798553,
            -1.23763
          ],
          [
            36.798495,
            -1.237746
          ],
          [
            36.79844,
            -1.237911
          ]
        ]
      }
    },
    {
      "type": "Feature",
      "properties": {
        "contig_id": 204,
        "length_m": 145.291,
        "segment_count": 5,
        "way_names": [
          "Sigiria Trail"
        ],
        "way_ids": [
          280717985
        ],
        "endpoint_node_ids": [
          2847799120,
          13845622368
        ],
        "node_ids": [
          2847799120,
          2847799179,
          2847799183,
          2847799184,
          2847799185,
          13845622368
        ],
        "tags": {
          "local:boundary_refs": "w24040003",
          "local:boundary_zone": "core"
        },
        "elevations_m": [
          1726.0,
          1727.0,
          1729.0,
          1729.0,
          1728.0,
          1729.0
        ]
      },
      "geometry": {
        "type": "LineString",
        "coordinates": [
          [
            36.798553,
            -1.23763
          ],
          [
            36.798429,
            -1.237536
          ],
          [
            36.797979,
            -1.237316
          ],
          [
            36.797689,
            -1.237117
          ],
          [
            36.797526,
            -1.237055
          ],
          [
            36.797408,
            -1.237016
          ]
        ]
      }
    },
    {
      "type": "Feature",
      "properties": {
        "contig_id": 205,
        "length_m": 99.667,
        "segment_count": 6,
        "way_names": [],
        "way_ids": [
          280717987
        ],
        "endpoint_node_ids": [
          2847799120,
          7093333518
        ],
        "node_ids": [
          2847799120,
          2847799230,
          2847799229,
          2847799228,
          2847799227,
          2847799226,
          7093333518
        ],
        "tags": {
          "local:boundary_refs": "w24040003",
          "local:boundary_zone": "core"
        },
        "elevations_m": [
          1726.0,
          1726.0,
          1726.0,
          1725.0,
          1724.0,
          1723.0,
          1723.0
        ]
      },
      "geometry": {
        "type": "LineString",
        "coordinates": [
          [
            36.798553,
            -1.23763
          ],
          [
            36.798692,
            -1.237671
          ],
          [
            36.798786,
            -1.237729
          ],
          [
            36.798937,
            -1.237837
          ],
          [
            36.799074,
            -1.237963
          ],
          [
            36.799233,
            -1.238056
          ],
          [
            36.799303,
            -1.238105
          ]
        ]
      }
    },
    {
      "type": "Feature",
      "properties": {
        "contig_id": 206,
        "length_m": 794.574,
        "segment_count": 21,
        "way_names": [
          "Sigiria Trail"
        ],
        "way_ids": [
          280717985
        ],
        "endpoint_node_ids": [
          2847799139,
          13845622369
        ],
        "node_ids": [
          2847799139,
          2847799115,
          2847799138,
          2847799137,
          2847799136,
          2847799135,
          2847799134,
          2847799133,
          2847799132,
          2847799131,
          2847799130,
          2847799129,
          2847799114,
          2847799128,
          2847799127,
          2847799126,
          2847799125,
          2847799113,
          2847799124,
          2847799123,
          2847799122,
          13845622369
        ],
        "tags": {
          "local:boundary_refs": "w24040003",
          "local:boundary_zone": "core"
        },
        "elevations_m": [
          1716.0,
          1714.0,
          1714.0,
          1714.0,
          1714.0,
          1713.0,
          1712.0,
          1711.0,
          1712.0,
          1713.0,
          1712.0,
          1711.0,
          1710.0,
          1711.0,
          1713.0,
          1712.0,
          1712.0,
          1711.0,
          1708.0,
          1706.0,
          1707.0,
          1703.0
        ]
      },
      "geometry": {
        "type": "LineString",
        "coordinates": [
          [
            36.803001,
            -1.240672
          ],
          [
            36.803324,
            -1.240805
          ],
          [
            36.803869,
            -1.241056
          ],
          [
            36.804056,
            -1.241185
          ],
          [
            36.804179,
            -1.24127
          ],
          [
            36.804365,
            -1.241378
          ],
          [
            36.804474,
            -1.241449
          ],
          [
            36.804868,
            -1.241655
          ],
          [
            36.80502,
            -1.241722
          ],
          [
            36.805516,
            -1.241901
          ],
          [
            36.805849,
            -1.24204
          ],
          [
            36.805997,
            -1.242091
          ],
          [
            36.806229,
            -1.242164
          ],
          [
            36.806476,
            -1.242227
          ],
          [
            36.806822,
            -1.242301
          ],
          [
            36.807284,
            -1.242331
          ],
          [
            36.807566,
            -1.242385
          ],
          [
            36.80812,
            -1.24256
          ],
          [
            36.808462,
            -1.242639
          ],
          [
            36.808751,
            -1.242667
          ],
          [
            36.809132,
            -1.24266
          ],
          [
            36.809747,
            -1.242677
          ]
        ]
      }
    },
    {
      "type": "Feature",
      "properties": {
        "contig_id": 207,
        "length_m": 171.524,
        "segment_count": 6,
        "way_names": [
          "Sigiria Trail"
        ],
        "way_ids": [
          280717985
        ],
        "endpoint_node_ids": [
          2847799139,
          2847799145
        ],
        "node_ids": [
          2847799139,
          2847799140,
          2847799141,
          2847799142,
          2847799143,
          2847799144,
          2847799145
        ],
        "tags": {
          "local:boundary_refs": "w24040003",
          "local:boundary_zone": "core"
        },
        "elevations_m": [
          1716.0,
          1716.0,
          1716.0,
          1716.0,
          1719.0,
          1720.0,
          1721.0
        ]
      },
      "geometry": {
        "type": "LineString",
        "coordinates": [
          [
            36.803001,
            -1.240672
          ],
          [
            36.802928,
            -1.240652
          ],
          [
            36.802869,
            -1.240631
          ],
          [
            36.802427,
            -1.240474
          ],
          [
            36.801847,
            -1.240279
          ],
          [
            36.801638,
            -1.240221
          ],
          [
            36.80154,
            -1.240178
          ]
        ]
      }
    },
    {
      "type": "Feature",
      "properties": {
        "contig_id": 208,
        "length_m": 44.553,
        "segment_count": 4,
        "way_names": [],
        "way_ids": [
          280720858
        ],
        "endpoint_node_ids": [
          2847799139,
          2847823917
        ],
        "node_ids": [
          2847799139,
          2847823914,
          2847823915,
          2847823916,
          2847823917
        ],
        "tags": {
          "local:boundary_refs": "w24040003",
          "local:boundary_zone": "core"
        },
        "elevations_m": [
          1716.0,
          1715.0,
          1714.0,
          1713.0,
          1713.0
        ]
      },
      "geometry": {
        "type": "LineString",
        "coordinates": [
          [
            36.803001,
            -1.240672
          ],
          [
            36.802965,
            -1.240737
          ],
          [
            36.802941,
            -1.240805
          ],
          [
            36.802866,
            -1.240929
          ],
          [
            36.80283,
            -1.241032
          ]
        ]
      }
    },
    {
      "type": "Feature",
      "properties": {
        "contig_id": 209,
        "length_m": 11.926,
        "segment_count": 1,
        "way_names": [
          "Sigiria Trail"
        ],
        "way_ids": [
          280717985
        ],
        "endpoint_node_ids": [
          2847799145,
          2847799146
        ],
        "node_ids": [
          2847799145,
          2847799146
        ],
        "tags": {
          "local:boundary_refs": "w24040003",
          "local:boundary_zone": "core"
        },
        "elevations_m": [
          1721.0,
          1722.0
        ]
      },
      "geometry": {
        "type": "LineString",
        "coordinates": [
          [
            36.80154,
            -1.240178
          ],
          [
            36.801435,
            -1.240156
          ]
        ]
      }
    },
    {
      "type": "Feature",
      "properties": {
        "contig_id": 210,
        "length_m": 148.008,
        "segment_count": 7,
        "way_names": [],
        "way_ids": [
          280717986
        ],
        "endpoint_node_ids": [
          2847799145,
          2847799195
        ],
        "node_ids": [
          2847799145,
          2847799189,
          2847799190,
          2847799191,
          2847799192,
          2847799193,
          2847799194,
          2847799195
        ],
        "tags": {
          "local:boundary_refs": "w24040003",
          "local:boundary_zone": "core"
        },
        "elevations_m": [
          1721.0,
          1722.0,
          1722.0,
          1721.0,
          1721.0,
          1721.0,
          1722.0,
          1722.0
        ]
      },
      "geometry": {
        "type": "LineString",
        "coordinates": [
          [
            36.80154,
            -1.240178
          ],
          [
            36.801591,
            -1.24005
          ],
          [
            36.801648,
            -1.239957
          ],
          [
            36.801778,
            -1.239832
          ],
          [
            36.80187,
            -1.239777
          ],
          [
            36.801922,
            -1.239726
          ],
          [
            36.802261,
            -1.239212
          ],
          [
            36.802346,
            -1.239145
          ]
        ]
      }
    },
    {
      "type": "Feature",
      "properties": {
        "contig_id": 211,
        "length_m": 192.446,
        "segment_count": 7,
        "way_names": [
          "Sigiria Trail"
        ],
        "way_ids": [
          280717985
        ],
        "endpoint_node_ids": [
          2847799146,
          2847799152
        ],
        "node_ids": [
          2847799146,
          2847799116,
          2847799147,
          2847799148,
          2847799149,
          2847799150,
          2847799151,
          2847799152
        ],
        "tags": {
          "local:boundary_refs": "w24040003",
          "local:boundary_zone": "core"
        },
        "elevations_m": [
          1722.0,
          1724.0,
          1726.0,
          1724.0,
          1722.0,
          1721.0,
          1720.0,
          1720.0
        ]
      },
      "geometry": {
        "type": "LineString",
        "coordinates": [
          [
            36.801435,
            -1.240156
          ],
          [
            36.801277,
            -1.240068
          ],
          [
            36.801012,
            -1.239954
          ],
          [
            36.800666,
            -1.23976
          ],
          [
            36.800279,
            -1.239566
          ],
          [
            36.800124,
            -1.239474
          ],
          [
            36.799987,
            -1.239357
          ],
          [
            36.799921,
            -1.239329
          ]
        ]
      }
    },
    {
      "type": "Feature",
      "properties": {
        "contig_id": 212,
        "length_m": 48.036,
        "segment_count": 2,
        "way_names": [
          "Sigiria Trail"
        ],
        "way_ids": [
          280717985
        ],
        "endpoint_node_ids": [
          2847799152,
          2847799153
        ],
        "node_ids": [
          2847799152,
          2847799117,
          2847799153
        ],
        "tags": {
          "local:boundary_refs": "w24040003",
          "local:boundary_zone": "core"
        },
        "elevations_m": [
          1720.0,
          1720.0,
          1722.0
        ]
      },
      "geometry": {
        "type": "LineString",
        "coordinates": [
          [
            36.799921,
            -1.239329
          ],
          [
            36.799851,
            -1.239343
          ],
          [
            36.799519,
            -1.239484
          ]
        ]
      }
    },
    {
      "type": "Feature",
      "properties": {
        "contig_id": 213,
        "length_m": 72.033,
        "segment_count": 6,
        "way_names": [],
        "way_ids": [
          280717986
        ],
        "endpoint_node_ids": [
          2847799152,
          2847799215
        ],
        "node_ids": [
          2847799152,
          2847799220,
          2847799219,
          2847799218,
          2847799217,
          2847799216,
          2847799215
        ],
        "tags": {
          "local:boundary_refs": "w24040003",
          "local:boundary_zone": "core"
        },
        "elevations_m": [
          1720.0,
          1719.0,
          1719.0,
          1720.0,
          1721.0,
          1724.0,
          1726.0
        ]
      },
      "geometry": {
        "type": "LineString",
        "coordinates": [
          [
            36.799921,
            -1.239329
          ],
          [
            36.799979,
            -1.239198
          ],
          [
            36.799982,
            -1.239161
          ],
          [
            36.800053,
            -1.239149
          ],
          [
            36.800114,
            -1.239111
          ],
          [
            36.800214,
            -1.238962
          ],
          [
            36.800325,
            -1.23887
          ]
        ]
      }
    },
    {
      "type": "Feature",
      "properties": {
        "contig_id": 214,
        "length_m": 104.327,
        "segment_count": 6,
        "way_names": [
          "Sigiria Trail"
        ],
        "way_ids": [
          280717985
        ],
        "endpoint_node_ids": [
          2847799153,
          2847799158
        ],
        "node_ids": [
          2847799153,
          2847799154,
          2847799155,
          2847799156,
          2847799157,
          2847799118,
          2847799158
        ],
        "tags": {
          "local:boundary_refs": "w24040003",
          "local:boundary_zone": "core"
        },
        "elevations_m": [
          1722.0,
          1722.0,
          1721.0,
          1721.0,
          1720.0,
          1719.0,
          1721.0
        ]
      },
      "geometry": {
        "type": "LineString",
        "coordinates": [
          [
            36.799519,
            -1.239484
          ],
          [
            36.79937,
            -1.239585
          ],
          [
            36.799264,
            -1.239683
          ],
          [
            36.799177,
            -1.239747
          ],
          [
            36.799034,
            -1.239783
          ],
          [
            36.798906,
            -1.23987
          ],
          [
            36.798789,
            -1.240037
          ]
        ]
      }
    },
    {
      "type": "Feature",
      "properties": {
        "contig_id": 215,
        "length_m": 177.396,
        "segment_count": 11,
        "way_names": [],
        "way_ids": [
          759389352
        ],
        "endpoint_node_ids": [
          2847799153,
          7093333518
        ],
        "node_ids": [
          2847799153,
          7093339033,
          7093339034,
          7093339035,
          7093339036,
          7093339037,
          7093339038,
          7093339039,
          7093339040,
          7093339041,
          7093339042,
          7093333518
        ],
        "tags": {
          "local:boundary_refs": "w24040003",
          "local:boundary_zone": "core"
        },
        "elevations_m": [
          1722.0,
          1722.0,
          1720.0,
          1719.0,
          1719.0,
          1718.0,
          1717.0,
          1719.0,
          1720.0,
          1721.0,
          1722.0,
          1723.0
        ]
      },
      "geometry": {
        "type": "LineString",
        "coordinates": [
          [
            36.799519,
            -1.239484
          ],
          [
            36.799509,
            -1.239434
          ],
          [
            36.799571,
            -1.239289
          ],
          [
            36.799614,
            -1.239122
          ],
          [
            36.799648,
            -1.238937
          ],
          [
            36.799605,
            -1.238767
          ],
          [
            36.799481,
            -1.238656
          ],
          [
            36.79945,
            -1.238455
          ],
          [
            36.799467,
            -1.238361
          ],
          [
            36.799253,
            -1.238232
          ],
          [
            36.799294,
            -1.238123
          ],
          [
            36.799303,
            -1.238105
          ]
        ]
      }
    },
    {
      "type": "Feature",
      "properties": {
        "contig_id": 216,
        "length_m": 251.657,
        "segment_count": 17,
        "way_names": [
          "Sigiria Trail"
        ],
        "way_ids": [
          280717985
        ],
        "endpoint_node_ids": [
          2847799158,
          2847799233
        ],
        "node_ids": [
          2847799158,
          2847799159,
          2847799160,
          2847799161,
          2847799162,
          2847799163,
          2847799164,
          2847799119,
          2847799165,
          2847799166,
          2847799167,
          2847799168,
          2847799169,
          2847799173,
          2847799174,
          2847799175,
          2847799176,
          2847799233
        ],
        "tags": {
          "local:boundary_refs": "w24040003",
          "local:boundary_zone": "core"
        },
        "elevations_m": [
          1721.0,
          1720.0,
          1717.0,
          1716.0,
          1716.0,
          1716.0,
          1717.0,
          1717.0,
          1716.0,
          1716.0,
          1715.0,
          1715.0,
          1716.0,
          1716.0,
          1717.0,
          1718.0,
          1719.0,
          1720.0
        ]
      },
      "geometry": {
        "type": "LineString",
        "coordinates": [
          [
            36.798789,
            -1.240037
          ],
          [
            36.798676,
            -1.23997
          ],
          [
            36.798671,
            -1.239741
          ],
          [
            36.79865,
            -1.239497
          ],
          [
            36.798632,
            -1.239401
          ],
          [
            36.798627,
            -1.23932
          ],
          [
            36.798628,
            -1.239175
          ],
          [
            36.798638,
            -1.239105
          ],
          [
            36.798551,
            -1.238929
          ],
          [
            36.798515,
            -1.238812
          ],
          [
            36.798503,
            -1.23874
          ],
          [
            36.798429,
            -1.238586
          ],
          [
            36.79842,
            -1.238469
          ],
          [
            36.798495,
            -1.238314
          ],
          [
            36.798499,
            -1.238192
          ],
          [
            36.798497,
            -1.238122
          ],
          [
            36.798477,
            -1.23801
          ],
          [
            36.79844,
            -1.237911
          ]
        ]
      }
    },
    {
      "type": "Feature",
      "properties": {
        "contig_id": 217,
        "length_m": 288.956,
        "segment_count": 15,
        "way_names": [],
        "way_ids": [
          280717986
        ],
        "endpoint_node_ids": [
          2847799195,
          2847799208
        ],
        "node_ids": [
          2847799195,
          2847799196,
          2847799197,
          2847799186,
          2847799198,
          2847799199,
          2847799200,
          2847799201,
          2847799202,
          2847799203,
          2847799204,
          2847799205,
          2847799206,
          2847799207,
          2847799187,
          2847799208
        ],
        "tags": {
          "local:boundary_refs": "w24040003",
          "local:boundary_zone": "core"
        },
        "elevations_m": [
          1722.0,
          1722.0,
          1721.0,
          1721.0,
          1721.0,
          1721.0,
          1719.0,
          1718.0,
          1717.0,
          1718.0,
          1718.0,
          1719.0,
          1718.0,
          1718.0,
          1718.0,
          1721.0
        ]
      },
      "geometry": {
        "type": "LineString",
        "coordinates": [
          [
            36.802346,
            -1.239145
          ],
          [
            36.802406,
            -1.239055
          ],
          [
            36.802595,
            -1.238834
          ],
          [
            36.802681,
            -1.238771
          ],
          [
            36.802688,
            -1.238737
          ],
          [
            36.802677,
            -1.238668
          ],
          [
            36.802479,
            -1.238509
          ],
          [
            36.802401,
            -1.238387
          ],
          [
            36.802282,
            -1.238305
          ],
          [
            36.802131,
            -1.238103
          ],
          [
            36.802046,
            -1.238036
          ],
          [
            36.801922,
            -1.237964
          ],
          [
            36.80174,
            -1.237694
          ],
          [
            36.801711,
            -1.237673
          ],
          [
            36.80143,
            -1.2376
          ],
          [
            36.80114,
            -1.237603
          ]
        ]
      }
    },
    {
      "type": "Feature",
      "properties": {
        "contig_id": 218,
        "length_m": 239.937,
        "segment_count": 7,
        "way_names": [],
        "way_ids": [
          1516388845
        ],
        "endpoint_node_ids": [
          2847799195,
          2847799208
        ],
        "node_ids": [
          2847799195,
          13845622332,
          13845622331,
          13845622330,
          13845622329,
          13845622328,
          13845622327,
          2847799208
        ],
        "tags": {
          "local:boundary_refs": "w24040003",
          "local:boundary_zone": "core"
        },
        "elevations_m": [
          1722.0,
          1722.0,
          1721.0,
          1720.0,
          1722.0,
          1719.0,
          1719.0,
          1721.0
        ]
      },
      "geometry": {
        "type": "LineString",
        "coordinates": [
          [
            36.802346,
            -1.239145
          ],
          [
            36.802211,
            -1.2389
          ],
          [
            36.802041,
            -1.238673
          ],
          [
            36.801817,
            -1.238665
          ],
          [
            36.801534,
            -1.238314
          ],
          [
            36.80153,
            -1.237889
          ],
          [
            36.801324,
            -1.237801
          ],
          [
            36.80114,
            -1.237603
          ]
        ]
      }
    },
    {
      "type": "Feature",
      "properties": {
        "contig_id": 219,
        "length_m": 927.074,
        "segment_count": 30,
        "way_names": [],
        "way_ids": [
          1516388845,
          1516388846
        ],
        "endpoint_node_ids": [
          2847799195,
          13845622362
        ],
        "node_ids": [
          2847799195,
          13845622333,
          13845622334,
          13845622335,
          13845622336,
          13845622337,
          13845622338,
          13845622339,
          13845622340,
          13845622341,
          13845622342,
          13845622343,
          13845622344,
          13845622345,
          13845622346,
          13845622347,
          13845622348,
          13845622349,
          13845622350,
          13845622351,
          13845622352,
          13845622353,
          13845622354,
          13845622355,
          13845622356,
          13845622357,
          13845622358,
          13845622359,
          13845622360,
          13845622361,
          13845622362
        ],
        "tags": {
          "local:boundary_refs": "w24040003",
          "local:boundary_zone": "core"
        },
        "elevations_m": [
          1722.0,
          1721.0,
          1720.0,
          1719.0,
          1717.0,
          1712.0,
          1711.0,
          1710.0,
          1708.0,
          1707.0,
          1706.0,
          1704.0,
          1703.0,
          1703.0,
          1701.0,
          1700.0,
          1697.0,
          1701.0,
          1700.0,
          1704.0,
          1703.0,
          1706.0,
          1706.0,
          1708.0,
          1703.0,
          1701.0,
          1701.0,
          1700.0,
          1702.0,
          1702.0,
          1704.0
        ]
      },
      "geometry": {
        "type": "LineString",
        "coordinates": [
          [
            36.802346,
            -1.239145
          ],
          [
            36.802483,
            -1.239283
          ],
          [
            36.802661,
            -1.239324
          ],
          [
            36.803113,
            -1.239804
          ],
          [
            36.803487,
            -1.239845
          ],
          [
            36.803844,
            -1.240045
          ],
          [
            36.803965,
            -1.240168
          ],
          [
            36.804144,
            -1.240215
          ],
          [
            36.804323,
            -1.24042
          ],
          [
            36.804405,
            -1.240582
          ],
          [
            36.804527,
            -1.240648
          ],
          [
            36.804822,
            -1.240862
          ],
          [
            36.804985,
            -1.241009
          ],
          [
            36.805033,
            -1.241136
          ],
          [
            36.805231,
            -1.241209
          ],
          [
            36.80538,
            -1.241294
          ],
          [
            36.805557,
            -1.241254
          ],
          [
            36.805962,
            -1.241598
          ],
          [
            36.806135,
            -1.241609
          ],
          [
            36.806292,
            -1.241765
          ],
          [
            36.806465,
            -1.24173
          ],
          [
            36.806852,
            -1.241817
          ],
          [
            36.807187,
            -1.241791
          ],
          [
            36.807606,
            -1.24191
          ],
          [
            36.807982,
            -1.241944
          ],
          [
            36.808215,
            -1.241957
          ],
          [
            36.808343,
            -1.242037
          ],
          [
            36.808512,
            -1.242032
          ],
          [
            36.808645,
            -1.242192
          ],
          [
            36.809107,
            -1.242291
          ],
          [
            36.80949,
            -1.242411
          ]
        ]
      }
    },
    {
      "type": "Feature",
      "properties": {
        "contig_id": 220,
        "length_m": 169.061,
        "segment_count": 8,
        "way_names": [],
        "way_ids": [
          280717986
        ],
        "endpoint_node_ids": [
          2847799208,
          2847799215
        ],
        "node_ids": [
          2847799208,
          2847799209,
          2847799210,
          2847799211,
          2847799212,
          2847799213,
          2847799214,
          2847799188,
          2847799215
        ],
        "tags": {
          "local:boundary_refs": "w24040003",
          "local:boundary_zone": "core"
        },
        "elevations_m": [
          1721.0,
          1722.0,
          1722.0,
          1722.0,
          1722.0,
          1722.0,
          1724.0,
          1726.0,
          1726.0
        ]
      },
      "geometry": {
        "type": "LineString",
        "coordinates": [
          [
            36.80114,
            -1.237603
          ],
          [
            36.801089,
            -1.237655
          ],
          [
            36.801017,
            -1.237779
          ],
          [
            36.800941,
            -1.237857
          ],
          [
            36.800861,
            -1.238019
          ],
          [
            36.800731,
            -1.238193
          ],
          [
            36.800538,
            -1.2385
          ],
          [
            36.800435,
            -1.238601
          ],
          [
            36.800325,
            -1.23887
          ]
        ]
      }
    },
    {
      "type": "Feature",
      "properties": {
        "contig_id": 221,
        "length_m": 474.039,
        "segment_count": 15,
        "way_names": [],
        "way_ids": [
          1516388845
        ],
        "endpoint_node_ids": [
          2847799208,
          13845622368
        ],
        "node_ids": [
          2847799208,
          13845622326,
          13845622325,
          13845622324,
          13845622323,
          13845622322,
          13845622321,
          13845622320,
          13845622319,
          13845622318,
          13845622317,
          13845622316,
          13845622315,
          13845622314,
          13845622313,
          13845622368
        ],
        "tags": {
          "local:boundary_refs": "w24040003",
          "local:boundary_zone": "core"
        },
        "elevations_m": [
          1721.0,
          1722.0,
          1725.0,
          1727.0,
          1728.0,
          1727.0,
          1726.0,
          1728.0,
          1730.0,
          1731.0,
          1730.0,
          1730.0,
          1730.0,
          1733.0,
          1732.0,
          1729.0
        ]
      },
      "geometry": {
        "type": "LineString",
        "coordinates": [
          [
            36.80114,
            -1.237603
          ],
          [
            36.801078,
            -1.237512
          ],
          [
            36.800799,
            -1.237451
          ],
          [
            36.800535,
            -1.237377
          ],
          [
            36.800395,
            -1.237231
          ],
          [
            36.800004,
            -1.236998
          ],
          [
            36.799834,
            -1.237063
          ],
          [
            36.799396,
            -1.237156
          ],
          [
            36.799209,
            -1.236976
          ],
          [
            36.798994,
            -1.236925
          ],
          [
            36.798753,
            -1.236806
          ],
          [
            36.798572,
            -1.236769
          ],
          [
            36.798238,
            -1.236626
          ],
          [
            36.798024,
            -1.236564
          ],
          [
            36.79755,
            -1.236806
          ],
          [
            36.797408,
            -1.237016
          ]
        ]
      }
    },
    {
      "type": "Feature",
      "properties": {
        "contig_id": 222,
        "length_m": 158.595,
        "segment_count": 6,
        "way_names": [],
        "way_ids": [
          280717987
        ],
        "endpoint_node_ids": [
          2847799215,
          7093333518
        ],
        "node_ids": [
          2847799215,
          2847799221,
          2847799222,
          2847799223,
          2847799224,
          2847799225,
          7093333518
        ],
        "tags": {
          "local:boundary_refs": "w24040003",
          "local:boundary_zone": "core"
        },
        "elevations_m": [
          1726.0,
          1724.0,
          1724.0,
          1724.0,
          1723.0,
          1719.0,
          1723.0
        ]
      },
      "geometry": {
        "type": "LineString",
        "coordinates": [
          [
            36.800325,
            -1.23887
          ],
          [
            36.800204,
            -1.238951
          ],
          [
            36.800146,
            -1.238905
          ],
          [
            36.800084,
            -1.238696
          ],
          [
            36.8,
            -1.238574
          ],
          [
            36.799718,
            -1.238397
          ],
          [
            36.799303,
            -1.238105
          ]
        ]
      }
    },
    {
      "type": "Feature",
      "properties": {
        "contig_id": 223,
        "length_m": 398.884,
        "segment_count": 19,
        "way_names": [],
        "way_ids": [
          280717988
        ],
        "endpoint_node_ids": [
          2847799231,
          2847799233
        ],
        "node_ids": [
          2847799231,
          2847799251,
          2847799250,
          2847799249,
          2847799248,
          2847799247,
          2847799246,
          2847799245,
          2847799244,
          2847799243,
          2847799242,
          2847799241,
          2847799240,
          2847799239,
          2847799238,
          2847799237,
          2847799236,
          2847799235,
          2847799234,
          2847799233
        ],
        "tags": {
          "local:boundary_refs": "w24040003",
          "local:boundary_zone": "core"
        },
        "elevations_m": [
          1733.0,
          1733.0,
          1733.0,
          1731.0,
          1727.0,
          1726.0,
          1725.0,
          1724.0,
          1724.0,
          1724.0,
          1724.0,
          1724.0,
          1724.0,
          1723.0,
          1722.0,
          1721.0,
          1720.0,
          1720.0,
          1719.0,
          1720.0
        ]
      },
      "geometry": {
        "type": "LineString",
        "coordinates": [
          [
            36.796159,
            -1.240555
          ],
          [
            36.796182,
            -1.24049
          ],
          [
            36.796249,
            -1.240405
          ],
          [
            36.796434,
            -1.240051
          ],
          [
            36.796792,
            -1.239507
          ],
          [
            36.796957,
            -1.239367
          ],
          [
            36.797142,
            -1.239251
          ],
          [
            36.797255,
            -1.239159
          ],
          [
            36.797301,
            -1.239104
          ],
          [
            36.797366,
            -1.23898
          ],
          [
            36.797447,
            -1.238906
          ],
          [
            36.797521,
            -1.238782
          ],
          [
            36.797662,
            -1.238617
          ],
          [
            36.79772,
            -1.238573
          ],
          [
            36.797889,
            -1.238507
          ],
          [
            36.797979,
            -1.238447
          ],
          [
            36.798022,
            -1.23839
          ],
          [
            36.798071,
            -1.238255
          ],
          [
            36.798183,
            -1.238068
          ],
          [
            36.79844,
            -1.237911
          ]
        ]
      }
    },
    {
      "type": "Feature",
      "properties": {
        "contig_id": 224,
        "length_m": 53.001,
        "segment_count": 3,
        "way_names": [],
        "way_ids": [
          280717988
        ],
        "endpoint_node_ids": [
          2847799231,
          13845622381
        ],
        "node_ids": [
          2847799231,
          2847799252,
          5128670226,
          13845622381
        ],
        "tags": {
          "local:boundary_refs": "w24040003",
          "local:boundary_zone": "core"
        },
        "elevations_m": [
          1733.0,
          1734.0,
          1734.0,
          1735.0
        ]
      },
      "geometry": {
        "type": "LineString",
        "coordinates": [
          [
            36.796159,
            -1.240555
          ],
          [
            36.796015,
            -1.240533
          ],
          [
            36.79587,
            -1.240441
          ],
          [
            36.795728,
            -1.240369
          ]
        ]
      }
    },
    {
      "type": "Feature",
      "properties": {
        "contig_id": 225,
        "length_m": 223.291,
        "segment_count": 6,
        "way_names": [
          "Thigiri Trail"
        ],
        "way_ids": [
          280717989
        ],
        "endpoint_node_ids": [
          2847799231,
          2847799256
        ],
        "node_ids": [
          2847799231,
          2847799260,
          2847799261,
          2847799262,
          2847799263,
          2847799264,
          2847799256
        ],
        "tags": {
          "local:boundary_refs": "w24040003",
          "local:boundary_zone": "core"
        },
        "elevations_m": [
          1733.0,
          1733.0,
          1732.0,
          1733.0,
          1734.0,
          1734.0,
          1733.0
        ]
      },
      "geometry": {
        "type": "LineString",
        "coordinates": [
          [
            36.796159,
            -1.240555
          ],
          [
            36.796261,
            -1.240645
          ],
          [
            36.796555,
            -1.240784
          ],
          [
            36.797488,
            -1.241075
          ],
          [
            36.797644,
            -1.241166
          ],
          [
            36.797879,
            -1.241335
          ],
          [
            36.797978,
            -1.241322
          ]
        ]
      }
    },
    {
      "type": "Feature",
      "properties": {
        "contig_id": 226,
        "length_m": 43.639,
        "segment_count": 3,
        "way_names": [],
        "way_ids": [
          280717988
        ],
        "endpoint_node_ids": [
          2847799254,
          5128670227
        ],
        "node_ids": [
          2847799254,
          2847799253,
          5128670228,
          5128670227
        ],
        "tags": {
          "local:boundary_refs": "w24040003",
          "local:boundary_zone": "core"
        },
        "elevations_m": [
          1737.0,
          1736.0,
          1736.0,
          1736.0
        ]
      },
      "geometry": {
        "type": "LineString",
        "coordinates": [
          [
            36.795348,
            -1.240617
          ],
          [
            36.795413,
            -1.240495
          ],
          [
            36.795411,
            -1.240398
          ],
          [
            36.795518,
            -1.240282
          ]
        ]
      }
    },
    {
      "type": "Feature",
      "properties": {
        "contig_id": 227,
        "length_m": 37.206,
        "segment_count": 3,
        "way_names": [],
        "way_ids": [
          1516388849
        ],
        "endpoint_node_ids": [
          2847799254,
          13845622380
        ],
        "node_ids": [
          2847799254,
          13845622382,
          13845622383,
          13845622380
        ],
        "tags": {
          "local:boundary_refs": "w24040003",
          "local:boundary_zone": "core"
        },
        "elevations_m": [
          1737.0,
          1737.0,
          1737.0,
          1736.0
        ]
      },
      "geometry": {
        "type": "LineString",
        "coordinates": [
          [
            36.795348,
            -1.240617
          ],
          [
            36.79544,
            -1.240681
          ],
          [
            36.795558,
            -1.240604
          ],
          [
            36.795628,
            -1.240564
          ]
        ]
      }
    },
    {
      "type": "Feature",
      "properties": {
        "contig_id": 228,
        "length_m": 322.411,
        "segment_count": 14,
        "way_names": [
          "Thigiri Trail"
        ],
        "way_ids": [
          280717989
        ],
        "endpoint_node_ids": [
          2847799256,
          2847799276
        ],
        "node_ids": [
          2847799256,
          2847799265,
          2847799266,
          2847799267,
          2847799257,
          2847799268,
          2847799269,
          2847799270,
          2847799271,
          2847799272,
          2847799273,
          2847799274,
          2847799275,
          2847799258,
          2847799276
        ],
        "tags": {
          "local:boundary_refs": "w24040003",
          "local:boundary_zone": "core"
        },
        "elevations_m": [
          1733.0,
          1732.0,
          1733.0,
          1731.0,
          1727.0,
          1725.0,
          1724.0,
          1724.0,
          1724.0,
          1724.0,
          1724.0,
          1724.0,
          1724.0,
          1724.0,
          1725.0
        ]
      },
      "geometry": {
        "type": "LineString",
        "coordinates": [
          [
            36.797978,
            -1.241322
          ],
          [
            36.798128,
            -1.241535
          ],
          [
            36.798355,
            -1.241713
          ],
          [
            36.798807,
            -1.24194
          ],
          [
            36.799361,
            -1.242226
          ],
          [
            36.799531,
            -1.242323
          ],
          [
            36.79969,
            -1.242419
          ],
          [
            36.799814,
            -1.242413
          ],
          [
            36.80003,
            -1.242412
          ],
          [
            36.80013,
            -1.242454
          ],
          [
            36.800189,
            -1.242497
          ],
          [
            36.800258,
            -1.242517
          ],
          [
            36.800289,
            -1.242531
          ],
          [
            36.800321,
            -1.242554
          ],
          [
            36.800412,
            -1.242701
          ]
        ]
      }
    },
    {
      "type": "Feature",
      "properties": {
        "contig_id": 229,
        "length_m": 133.875,
        "segment_count": 6,
        "way_names": [
          "Thigiri Trail"
        ],
        "way_ids": [
          280717989
        ],
        "endpoint_node_ids": [
          2847799276,
          2847799281
        ],
        "node_ids": [
          2847799276,
          2847799277,
          2847799278,
          2847799259,
          2847799279,
          2847799280,
          2847799281
        ],
        "tags": {
          "local:boundary_refs": "w24040003",
          "local:boundary_zone": "core"
        },
        "elevations_m": [
          1725.0,
          1725.0,
          1724.0,
          1720.0,
          1718.0,
          1717.0,
          1716.0
        ]
      },
      "geometry": {
        "type": "LineString",
        "coordinates": [
          [
            36.800412,
            -1.242701
          ],
          [
            36.800498,
            -1.243008
          ],
          [
            36.800551,
            -1.243103
          ],
          [
            36.800765,
            -1.243428
          ],
          [
            36.800932,
            -1.243571
          ],
          [
            36.800998,
            -1.243601
          ],
          [
            36.801071,
            -1.243663
          ]
        ]
      }
    },
    {
      "type": "Feature",
      "properties": {
        "contig_id": 230,
        "length_m": 378.485,
        "segment_count": 12,
        "way_names": [],
        "way_ids": [
          280720858
        ],
        "endpoint_node_ids": [
          2847799281,
          2847823917
        ],
        "node_ids": [
          2847799281,
          2847823930,
          2847823929,
          2847823928,
          2847823924,
          2847823923,
          2847823922,
          2847823912,
          2847823921,
          2847823920,
          2847823919,
          2847823918,
          2847823917
        ],
        "tags": {
          "local:boundary_refs": "w24040003",
          "local:boundary_zone": "core"
        },
        "elevations_m": [
          1716.0,
          1716.0,
          1714.0,
          1711.0,
          1711.0,
          1713.0,
          1714.0,
          1713.0,
          1714.0,
          1714.0,
          1713.0,
          1712.0,
          1713.0
        ]
      },
      "geometry": {
        "type": "LineString",
        "coordinates": [
          [
            36.801071,
            -1.243663
          ],
          [
            36.801265,
            -1.243571
          ],
          [
            36.801427,
            -1.243488
          ],
          [
            36.80167,
            -1.243271
          ],
          [
            36.802078,
            -1.243033
          ],
          [
            36.802147,
            -1.242751
          ],
          [
            36.802126,
            -1.242317
          ],
          [
            36.802176,
            -1.24207
          ],
          [
            36.802393,
            -1.241652
          ],
          [
            36.802497,
            -1.241503
          ],
          [
            36.802664,
            -1.241313
          ],
          [
            36.80272,
            -1.24122
          ],
          [
            36.80283,
            -1.241032
          ]
        ]
      }
    },
    {
      "type": "Feature",
      "properties": {
        "contig_id": 231,
        "length_m": 249.339,
        "segment_count": 15,
        "way_names": [],
        "way_ids": [
          280720860
        ],
        "endpoint_node_ids": [
          2847823981,
          2847823993
        ],
        "node_ids": [
          2847823981,
          2847823968,
          2847823982,
          2847823983,
          2847823984,
          2847823985,
          2847823986,
          2847823969,
          2847823987,
          2847823988,
          2847823989,
          2847823990,
          2847823991,
          2847823970,
          2847823992,
          2847823993
        ],
        "tags": {
          "local:boundary_refs": "w24040003",
          "local:boundary_zone": "core"
        },
        "elevations_m": [
          1716.0,
          1715.0,
          1715.0,
          1715.0,
          1716.0,
          1716.0,
          1713.0,
          1713.0,
          1714.0,
          1716.0,
          1716.0,
          1717.0,
          1717.0,
          1718.0,
          1718.0,
          1719.0
        ]
      },
      "geometry": {
        "type": "LineString",
        "coordinates": [
          [
            36.802611,
            -1.246481
          ],
          [
            36.802558,
            -1.24653
          ],
          [
            36.802434,
            -1.246605
          ],
          [
            36.802364,
            -1.24662
          ],
          [
            36.802076,
            -1.246587
          ],
          [
            36.80193,
            -1.246589
          ],
          [
            36.801751,
            -1.246614
          ],
          [
            36.801607,
            -1.2466
          ],
          [
            36.801508,
            -1.246556
          ],
          [
            36.801402,
            -1.246457
          ],
          [
            36.80134,
            -1.24642
          ],
          [
            36.800921,
            -1.246303
          ],
          [
            36.800706,
            -1.246271
          ],
          [
            36.800604,
            -1.246234
          ],
          [
            36.800583,
            -1.246207
          ],
          [
            36.800562,
            -1.246138
          ]
        ]
      }
    },
    {
      "type": "Feature",
      "properties": {
        "contig_id": 232,
        "length_m": 490.013,
        "segment_count": 17,
        "way_names": [],
        "way_ids": [
          1516388863
        ],
        "endpoint_node_ids": [
          2847823981,
          2847824013
        ],
        "node_ids": [
          2847823981,
          13845622468,
          13845622469,
          13845622470,
          13845622471,
          13845622472,
          13845622473,
          13845622474,
          13845622475,
          13845622476,
          13845622477,
          13845622478,
          13845622479,
          13845622480,
          13845622481,
          13845622482,
          13845622483,
          2847824013
        ],
        "tags": {
          "local:boundary_refs": "w24040003",
          "local:boundary_zone": "core"
        },
        "elevations_m": [
          1716.0,
          1717.0,
          1718.0,
          1719.0,
          1719.0,
          1720.0,
          1720.0,
          1718.0,
          1718.0,
          1718.0,
          1717.0,
          1717.0,
          1719.0,
          1719.0,
          1719.0,
          1717.0,
          1716.0,
          1712.0
        ]
      },
      "geometry": {
        "type": "LineString",
        "coordinates": [
          [
            36.802611,
            -1.246481
          ],
          [
            36.80304,
            -1.246506
          ],
          [
            36.803176,
            -1.246631
          ],
          [
            36.803365,
            -1.246601
          ],
          [
            36.803474,
            -1.246798
          ],
          [
            36.803693,
            -1.246883
          ],
          [
            36.80396,
            -1.246989
          ],
          [
            36.804287,
            -1.247119
          ],
          [
            36.804517,
            -1.24697
          ],
          [
            36.804684,
            -1.247057
          ],
          [
            36.80491,
            -1.247311
          ],
          [
            36.805165,
            -1.24738
          ],
          [
            36.805386,
            -1.247304
          ],
          [
            36.805631,
            -1.247268
          ],
          [
            36.805838,
            -1.247344
          ],
          [
            36.805933,
            -1.247528
          ],
          [
            36.806181,
            -1.247501
          ],
          [
            36.806389,
            -1.247684
          ]
        ]
      }
    },
    {
      "type": "Feature",
      "properties": {
        "contig_id": 233,
        "length_m": 931.524,
        "segment_count": 13,
        "way_names": [],
        "way_ids": [
          1516388864
        ],
        "endpoint_node_ids": [
          2847823993,
          13845622496
        ],
        "node_ids": [
          2847823993,
          13845622484,
          13845622485,
          13845622486,
          13845622487,
          13845622488,
          13845622489,
          13845622490,
          13845622491,
          13845622492,
          13845622493,
          13845622494,
          13845622495,
          13845622496
        ],
        "tags": {
          "local:boundary_refs": "w24040003",
          "local:boundary_zone": "core"
        },
        "elevations_m": [
          1719.0,
          1712.0,
          1715.0,
          1711.0,
          1710.0,
          1711.0,
          1710.0,
          1718.0,
          1711.0,
          1716.0,
          1717.0,
          1725.0,
          1736.0,
          1737.0
        ]
      },
      "geometry": {
        "type": "LineString",
        "coordinates": [
          [
            36.800562,
            -1.246138
          ],
          [
            36.800069,
            -1.246532
          ],
          [
            36.799587,
            -1.246519
          ],
          [
            36.798958,
            -1.246395
          ],
          [
            36.798401,
            -1.246445
          ],
          [
            36.797755,
            -1.24628
          ],
          [
            36.797242,
            -1.245989
          ],
          [
            36.796618,
            -1.245642
          ],
          [
            36.795929,
            -1.245201
          ],
          [
            36.795271,
            -1.244931
          ],
          [
            36.794867,
            -1.244512
          ],
          [
            36.794555,
            -1.244014
          ],
          [
            36.79448,
            -1.243399
          ],
          [
            36.794453,
            -1.242623
          ]
        ]
      }
    },
    {
      "type": "Feature",
      "properties": {
        "contig_id": 234,
        "length_m": 58.644,
        "segment_count": 3,
        "way_names": [],
        "way_ids": [
          280720861
        ],
        "endpoint_node_ids": [
          2847824013,
          13845622418
        ],
        "node_ids": [
          2847824013,
          2847824014,
          2847824015,
          13845622418
        ],
        "tags": {
          "local:boundary_refs": "w24040003",
          "local:boundary_zone": "core"
        },
        "elevations_m": [
          1712.0,
          1712.0,
          1710.0,
          1710.0
        ]
      },
      "geometry": {
        "type": "LineString",
        "coordinates": [
          [
            36.806389,
            -1.247684
          ],
          [
            36.806415,
            -1.247752
          ],
          [
            36.806533,
            -1.248018
          ],
          [
            36.806658,
            -1.248123
          ]
        ]
      }
    },
    {
      "type": "Feature",
      "properties": {
        "contig_id": 235,
        "length_m": 54.098,
        "segment_count": 5,
        "way_names": [],
        "way_ids": [
          280720861
        ],
        "endpoint_node_ids": [
          2847824019,
          13845622418
        ],
        "node_ids": [
          2847824019,
          2847824018,
          2847824017,
          2847824004,
          2847824016,
          13845622418
        ],
        "tags": {
          "local:boundary_refs": "w24040003",
          "local:boundary_zone": "core"
        },
        "elevations_m": [
          1707.0,
          1709.0,
          1710.0,
          1710.0,
          1710.0,
          1710.0
        ]
      },
      "geometry": {
        "type": "LineString",
        "coordinates": [
          [
            36.80695,
            -1.24846
          ],
          [
            36.806942,
            -1.248389
          ],
          [
            36.806956,
            -1.248356
          ],
          [
            36.806935,
            -1.24833
          ],
          [
            36.806784,
            -1.248228
          ],
          [
            36.806658,
            -1.248123
          ]
        ]
      }
    },
    {
      "type": "Feature",
      "properties": {
        "contig_id": 236,
        "length_m": 207.137,
        "segment_count": 12,
        "way_names": [],
        "way_ids": [
          280720861
        ],
        "endpoint_node_ids": [
          2847824019,
          2847824030
        ],
        "node_ids": [
          2847824019,
          2847824020,
          2847824021,
          2847824022,
          2847824023,
          2847824024,
          2847824025,
          2847824005,
          2847824026,
          2847824027,
          2847824028,
          2847824029,
          2847824030
        ],
        "tags": {
          "local:boundary_refs": "w24040003",
          "local:boundary_zone": "core"
        },
        "elevations_m": [
          1707.0,
          1705.0,
          1703.0,
          1702.0,
          1700.0,
          1695.0,
          1695.0,
          1695.0,
          1694.0,
          1693.0,
          1693.0,
          1690.0,
          1689.0
        ]
      },
      "geometry": {
        "type": "LineString",
        "coordinates": [
          [
            36.80695,
            -1.24846
          ],
          [
            36.807129,
            -1.248636
          ],
          [
            36.807154,
            -1.248742
          ],
          [
            36.807191,
            -1.248804
          ],
          [
            36.80721,
            -1.248911
          ],
          [
            36.807155,
            -1.249195
          ],
          [
            36.807174,
            -1.249375
          ],
          [
            36.807192,
            -1.249445
          ],
          [
            36.807282,
            -1.249555
          ],
          [
            36.807429,
            -1.24967
          ],
          [
            36.807529,
            -1.249726
          ],
          [
            36.807779,
            -1.249651
          ],
          [
            36.807832,
            -1.249705
          ]
        ]
      }
    },
    {
      "type": "Feature",
      "properties": {
        "contig_id": 237,
        "length_m": 192.338,
        "segment_count": 8,
        "way_names": [],
        "way_ids": [
          280720862
        ],
        "endpoint_node_ids": [
          2847824019,
          2847824037
        ],
        "node_ids": [
          2847824019,
          2847824038,
          2847824039,
          2847824040,
          2847824036,
          2847824041,
          2847824042,
          2847824043,
          2847824037
        ],
        "tags": {
          "local:boundary_refs": "w24040003",
          "local:boundary_zone": "core"
        },
        "elevations_m": [
          1707.0,
          1710.0,
          1705.0,
          1704.0,
          1703.0,
          1704.0,
          1704.0,
          1703.0,
          1702.0
        ]
      },
      "geometry": {
        "type": "LineString",
        "coordinates": [
          [
            36.80695,
            -1.24846
          ],
          [
            36.807097,
            -1.248401
          ],
          [
            36.807586,
            -1.248554
          ],
          [
            36.807658,
            -1.248567
          ],
          [
            36.807767,
            -1.248563
          ],
          [
            36.807902,
            -1.248509
          ],
          [
            36.808104,
            -1.248351
          ],
          [
            36.80838,
            -1.248171
          ],
          [
            36.808481,
            -1.248066
          ]
        ]
      }
    },
    {
      "type": "Feature",
      "properties": {
        "contig_id": 238,
        "length_m": 83.794,
        "segment_count": 6,
        "way_names": [],
        "way_ids": [
          280720861
        ],
        "endpoint_node_ids": [
          2847824030,
          7059361586
        ],
        "node_ids": [
          2847824030,
          2847824031,
          2847824032,
          2847824033,
          2847824034,
          2847824035,
          7059361586
        ],
        "tags": {
          "local:boundary_refs": "w24040003",
          "local:boundary_zone": "core"
        },
        "elevations_m": [
          1689.0,
          1691.0,
          1692.0,
          1692.0,
          1693.0,
          1694.0,
          1695.0
        ]
      },
      "geometry": {
        "type": "LineString",
        "coordinates": [
          [
            36.807832,
            -1.249705
          ],
          [
            36.807701,
            -1.249848
          ],
          [
            36.807681,
            -1.249933
          ],
          [
            36.807765,
            -1.250002
          ],
          [
            36.807896,
            -1.250067
          ],
          [
            36.807966,
            -1.250102
          ],
          [
            36.808103,
            -1.250127
          ]
        ]
      }
    },
    {
      "type": "Feature",
      "properties": {
        "contig_id": 239,
        "length_m": 118.652,
        "segment_count": 2,
        "way_names": [],
        "way_ids": [
          1516388856
        ],
        "endpoint_node_ids": [
          2847824030,
          13845622426
        ],
        "node_ids": [
          2847824030,
          13845622425,
          13845622426
        ],
        "tags": {
          "local:boundary_refs": "w24040003",
          "local:boundary_zone": "core"
        },
        "elevations_m": [
          1689.0,
          1682.0,
          1682.0
        ]
      },
      "geometry": {
        "type": "LineString",
        "coordinates": [
          [
            36.807832,
            -1.249705
          ],
          [
            36.808366,
            -1.249524
          ],
          [
            36.808828,
            -1.249323
          ]
        ]
      }
    },
    {
      "type": "Feature",
      "properties": {
        "contig_id": 240,
        "length_m": 15.794,
        "segment_count": 1,
        "way_names": [],
        "way_ids": [
          280720862
        ],
        "endpoint_node_ids": [
          2847824037,
          2847824044
        ],
        "node_ids": [
          2847824037,
          2847824044
        ],
        "tags": {
          "local:boundary_refs": "w24040003",
          "local:boundary_zone": "core"
        },
        "elevations_m": [
          1702.0,
          1702.0
        ]
      },
      "geometry": {
        "type": "LineString",
        "coordinates": [
          [
            36.808481,
            -1.248066
          ],
          [
            36.808522,
            -1.24793
          ]
        ]
      }
    },
    {
      "type": "Feature",
      "properties": {
        "contig_id": 241,
        "length_m": 220.515,
        "segment_count": 7,
        "way_names": [],
        "way_ids": [
          1516388855
        ],
        "endpoint_node_ids": [
          2847824037,
          13845622418
        ],
        "node_ids": [
          2847824037,
          13845622424,
          13845622423,
          13845622422,
          13845622421,
          13845622420,
          13845622419,
          13845622418
        ],
        "tags": {
          "local:boundary_refs": "w24040003",
          "local:boundary_zone": "core"
        },
        "elevations_m": [
          1702.0,
          1707.0,
          1709.0,
          1709.0,
          1710.0,
          1713.0,
          1711.0,
          1710.0
        ]
      },
      "geometry": {
        "type": "LineString",
        "coordinates": [
          [
            36.808481,
            -1.248066
          ],
          [
            36.808214,
            -1.247905
          ],
          [
            36.807835,
            -1.247805
          ],
          [
            36.807699,
            -1.247906
          ],
          [
            36.807483,
            -1.247916
          ],
          [
            36.807142,
            -1.248012
          ],
          [
            36.806801,
            -1.247985
          ],
          [
            36.806658,
            -1.248123
          ]
        ]
      }
    },
    {
      "type": "Feature",
      "properties": {
        "contig_id": 242,
        "length_m": 182.69,
        "segment_count": 7,
        "way_names": [],
        "way_ids": [
          1516388856
        ],
        "endpoint_node_ids": [
          2847824037,
          13845622426
        ],
        "node_ids": [
          2847824037,
          13845622432,
          13845622431,
          13845622430,
          13845622429,
          13845622428,
          13845622427,
          13845622426
        ],
        "tags": {
          "local:boundary_refs": "w24040003",
          "local:boundary_zone": "core"
        },
        "elevations_m": [
          1702.0,
          1699.0,
          1698.0,
          1696.0,
          1695.0,
          1691.0,
          1687.0,
          1682.0
        ]
      },
      "geometry": {
        "type": "LineString",
        "coordinates": [
          [
            36.808481,
            -1.248066
          ],
          [
            36.808653,
            -1.248297
          ],
          [
            36.808884,
            -1.248366
          ],
          [
            36.808975,
            -1.248556
          ],
          [
            36.808804,
            -1.248748
          ],
          [
            36.808674,
            -1.24897
          ],
          [
            36.808757,
            -1.249097
          ],
          [
            36.808828,
            -1.249323
          ]
        ]
      }
    },
    {
      "type": "Feature",
      "properties": {
        "contig_id": 243,
        "length_m": 54.375,
        "segment_count": 2,
        "way_names": [],
        "way_ids": [
          1516388853
        ],
        "endpoint_node_ids": [
          2847824044,
          13845622412
        ],
        "node_ids": [
          2847824044,
          13845622411,
          13845622412
        ],
        "tags": {
          "local:boundary_refs": "w24040003",
          "local:boundary_zone": "core"
        },
        "elevations_m": [
          1702.0,
          1701.0,
          1701.0
        ]
      },
      "geometry": {
        "type": "LineString",
        "coordinates": [
          [
            36.808522,
            -1.24793
          ],
          [
            36.808679,
            -1.247637
          ],
          [
            36.808715,
            -1.247485
          ]
        ]
      }
    },
    {
      "type": "Feature",
      "properties": {
        "contig_id": 244,
        "length_m": 97.648,
        "segment_count": 4,
        "way_names": [
          "Pipeline Path"
        ],
        "way_ids": [
          280720865
        ],
        "endpoint_node_ids": [
          2847824066,
          6164312038
        ],
        "node_ids": [
          2847824066,
          2847824065,
          2847824064,
          2847824063,
          6164312038
        ],
        "tags": {
          "local:boundary_refs": "r13626194",
          "local:boundary_zone": "core"
        },
        "elevations_m": [
          1692.0,
          1693.0,
          1694.0,
          1693.0,
          1693.0
        ]
      },
      "geometry": {
        "type": "LineString",
        "coordinates": [
          [
            36.824217,
            -1.245357
          ],
          [
            36.823939,
            -1.245276
          ],
          [
            36.823634,
            -1.245163
          ],
          [
            36.823447,
            -1.245054
          ],
          [
            36.823403,
            -1.245038
          ]
        ]
      }
    },
    {
      "type": "Feature",
      "properties": {
        "contig_id": 245,
        "length_m": 279.82,
        "segment_count": 12,
        "way_names": [
          "Pipeline Path"
        ],
        "way_ids": [
          280720865
        ],
        "endpoint_node_ids": [
          2847824066,
          2847824077
        ],
        "node_ids": [
          2847824066,
          2847824067,
          2847824068,
          2847824062,
          2847824069,
          2847824070,
          2847824071,
          2847824072,
          2847824073,
          2847824074,
          2847824075,
          2847824076,
          2847824077
        ],
        "tags": {
          "local:boundary_refs": "r13626194",
          "local:boundary_zone": "core"
        },
        "elevations_m": [
          1692.0,
          1693.0,
          1693.0,
          1692.0,
          1689.0,
          1688.0,
          1689.0,
          1689.0,
          1690.0,
          1690.0,
          1689.0,
          1688.0,
          1687.0
        ]
      },
      "geometry": {
        "type": "LineString",
        "coordinates": [
          [
            36.824217,
            -1.245357
          ],
          [
            36.824304,
            -1.245422
          ],
          [
            36.824462,
            -1.245507
          ],
          [
            36.824637,
            -1.245635
          ],
          [
            36.825117,
            -1.246068
          ],
          [
            36.825282,
            -1.246139
          ],
          [
            36.825404,
            -1.246215
          ],
          [
            36.82545,
            -1.246271
          ],
          [
            36.825499,
            -1.246366
          ],
          [
            36.825596,
            -1.246469
          ],
          [
            36.825917,
            -1.246703
          ],
          [
            36.825986,
            -1.246786
          ],
          [
            36.826149,
            -1.246928
          ]
        ]
      }
    },
    {
      "type": "Feature",
      "properties": {
        "contig_id": 246,
        "length_m": 120.544,
        "segment_count": 1,
        "way_names": [],
        "way_ids": [
          692748292
        ],
        "endpoint_node_ids": [
          2847824066,
          6503768722
        ],
        "node_ids": [
          2847824066,
          6503768722
        ],
        "tags": {
          "local:boundary_refs": "r13626194",
          "local:boundary_zone": "core"
        },
        "elevations_m": [
          1692.0,
          1690.0
        ]
      },
      "geometry": {
        "type": "LineString",
        "coordinates": [
          [
            36.824217,
            -1.245357
          ],
          [
            36.823524,
            -1.244523
          ]
        ]
      }
    },
    {
      "type": "Feature",
      "properties": {
        "contig_id": 247,
        "length_m": 14.536,
        "segment_count": 1,
        "way_names": [],
        "way_ids": [
          1504672084
        ],
        "endpoint_node_ids": [
          2847824077,
          13768348481
        ],
        "node_ids": [
          2847824077,
          13768348481
        ],
        "tags": {
          "local:boundary_refs": "r13626194",
          "local:boundary_zone": "core"
        },
        "elevations_m": [
          1687.0,
          1687.0
        ]
      },
      "geometry": {
        "type": "LineString",
        "coordinates": [
          [
            36.826149,
            -1.246928
          ],
          [
            36.82603,
            -1.246982
          ]
        ]
      }
    },
    {
      "type": "Feature",
      "properties": {
        "contig_id": 248,
        "length_m": 147.779,
        "segment_count": 9,
        "way_names": [
          "Turaco Path"
        ],
        "way_ids": [
          280720866
        ],
        "endpoint_node_ids": [
          2847824092,
          2847824100
        ],
        "node_ids": [
          2847824092,
          2847824093,
          2847824094,
          2847824095,
          2847824096,
          2847824097,
          2847824098,
          2847824086,
          2847824099,
          2847824100
        ],
        "tags": {
          "local:boundary_refs": "r13626194",
          "local:boundary_zone": "core"
        },
        "elevations_m": [
          1649.0,
          1646.0,
          1647.0,
          1644.0,
          1644.0,
          1645.0,
          1646.0,
          1650.0,
          1656.0,
          1658.0
        ]
      },
      "geometry": {
        "type": "LineString",
        "coordinates": [
          [
            36.83162,
            -1.246928
          ],
          [
            36.831433,
            -1.246662
          ],
          [
            36.831348,
            -1.246595
          ],
          [
            36.831119,
            -1.246487
          ],
          [
            36.831074,
            -1.246432
          ],
          [
            36.830987,
            -1.246369
          ],
          [
            36.830946,
            -1.246311
          ],
          [
            36.830953,
            -1.246203
          ],
          [
            36.831015,
            -1.245996
          ],
          [
            36.830995,
            -1.24593
          ]
        ]
      }
    },
    {
      "type": "Feature",
      "properties": {
        "contig_id": 249,
        "length_m": 148.835,
        "segment_count": 4,
        "way_names": [
          "Family Trail"
        ],
        "way_ids": [
          280720869
        ],
        "endpoint_node_ids": [
          2847824092,
          13519277170
        ],
        "node_ids": [
          2847824092,
          2847824173,
          2847824172,
          2847824171,
          13519277170
        ],
        "tags": {
          "local:boundary_refs": "r13626194",
          "local:boundary_zone": "core"
        },
        "elevations_m": [
          1649.0,
          1648.0,
          1647.0,
          1653.0,
          1653.0
        ]
      },
      "geometry": {
        "type": "LineString",
        "coordinates": [
          [
            36.83162,
            -1.246928
          ],
          [
            36.831702,
            -1.24694
          ],
          [
            36.832109,
            -1.246947
          ],
          [
            36.83288,
            -1.247027
          ],
          [
            36.832954,
            -1.247029
          ]
        ]
      }
    },
    {
      "type": "Feature",
      "properties": {
        "contig_id": 250,
        "length_m": 251.671,
        "segment_count": 6,
        "way_names": [],
        "way_ids": [
          1473592038
        ],
        "endpoint_node_ids": [
          2847824100,
          13519277170
        ],
        "node_ids": [
          2847824100,
          13519277165,
          13519277166,
          13519277167,
          13519277168,
          13519277169,
          13519277170
        ],
        "tags": {
          "local:boundary_refs": "r13626194",
          "local:boundary_zone": "core"
        },
        "elevations_m": [
          1658.0,
          1660.0,
          1660.0,
          1654.0,
          1654.0,
          1656.0,
          1653.0
        ]
      },
      "geometry": {
        "type": "LineString",
        "coordinates": [
          [
            36.830995,
            -1.24593
          ],
          [
            36.831151,
            -1.245948
          ],
          [
            36.831401,
            -1.246064
          ],
          [
            36.831833,
            -1.246353
          ],
          [
            36.832364,
            -1.246723
          ],
          [
            36.832661,
            -1.246876
          ],
          [
            36.832954,
            -1.247029
          ]
        ]
      }
    },
    {
      "type": "Feature",
      "properties": {
        "contig_id": 251,
        "length_m": 228.608,
        "segment_count": 10,
        "way_names": [],
        "way_ids": [
          280720870
        ],
        "endpoint_node_ids": [
          2847824180,
          2847824221
        ],
        "node_ids": [
          2847824180,
          2847824230,
          2847824229,
          2847824228,
          2847824227,
          2847824226,
          2847824225,
          2847824224,
          2847824223,
          2847824222,
          2847824221
        ],
        "tags": {
          "local:boundary_refs": "r13626194",
          "local:boundary_zone": "core"
        },
        "elevations_m": [
          1676.0,
          1676.0,
          1676.0,
          1676.0,
          1681.0,
          1684.0,
          1685.0,
          1685.0,
          1684.0,
          1683.0,
          1683.0
        ]
      },
      "geometry": {
        "type": "LineString",
        "coordinates": [
          [
            36.835287,
            -1.243754
          ],
          [
            36.835357,
            -1.243865
          ],
          [
            36.835358,
            -1.243887
          ],
          [
            36.835371,
            -1.244138
          ],
          [
            36.835476,
            -1.244558
          ],
          [
            36.835598,
            -1.24478
          ],
          [
            36.835696,
            -1.245011
          ],
          [
            36.835808,
            -1.245147
          ],
          [
            36.835844,
            -1.245286
          ],
          [
            36.835957,
            -1.245589
          ],
          [
            36.835969,
            -1.245659
          ]
        ]
      }
    },
    {
      "type": "Feature",
      "properties": {
        "contig_id": 252,
        "length_m": 383.469,
        "segment_count": 6,
        "way_names": [],
        "way_ids": [
          280720870
        ],
        "endpoint_node_ids": [
          2847824199,
          5927778336
        ],
        "node_ids": [
          2847824199,
          2847824189,
          2847824188,
          2847824175,
          2847824186,
          2847824184,
          5927778336
        ],
        "tags": {
          "local:boundary_refs": "r13626194",
          "local:boundary_zone": "core"
        },
        "elevations_m": [
          1668.0,
          1672.0,
          1670.0,
          1670.0,
          1668.0,
          1662.0,
          1657.0
        ]
      },
      "geometry": {
        "type": "LineString",
        "coordinates": [
          [
            36.836742,
            -1.247585
          ],
          [
            36.835262,
            -1.246781
          ],
          [
            36.834534,
            -1.246478
          ],
          [
            36.834324,
            -1.24643
          ],
          [
            36.834196,
            -1.246481
          ],
          [
            36.833965,
            -1.24664
          ],
          [
            36.833711,
            -1.24687
          ]
        ]
      }
    },
    {
      "type": "Feature",
      "properties": {
        "contig_id": 253,
        "length_m": 110.785,
        "segment_count": 8,
        "way_names": [],
        "way_ids": [
          280720870
        ],
        "endpoint_node_ids": [
          2847824199,
          2847824208
        ],
        "node_ids": [
          2847824199,
          2847824200,
          2847824176,
          2847824201,
          2847824202,
          2847824203,
          2847824204,
          2847824177,
          2847824208
        ],
        "tags": {
          "local:boundary_refs": "r13626194",
          "local:boundary_zone": "core"
        },
        "elevations_m": [
          1668.0,
          1670.0,
          1671.0,
          1673.0,
          1672.0,
          1670.0,
          1669.0,
          1669.0,
          1670.0
        ]
      },
      "geometry": {
        "type": "LineString",
        "coordinates": [
          [
            36.836742,
            -1.247585
          ],
          [
            36.836883,
            -1.247618
          ],
          [
            36.836991,
            -1.247625
          ],
          [
            36.837271,
            -1.247552
          ],
          [
            36.837337,
            -1.247522
          ],
          [
            36.837453,
            -1.247439
          ],
          [
            36.837479,
            -1.247416
          ],
          [
            36.837529,
            -1.24732
          ],
          [
            36.837529,
            -1.247224
          ]
        ]
      }
    },
    {
      "type": "Feature",
      "properties": {
        "contig_id": 254,
        "length_m": 86.156,
        "segment_count": 1,
        "way_names": [],
        "way_ids": [
          1033465745
        ],
        "endpoint_node_ids": [
          2847824199,
          9521536668
        ],
        "node_ids": [
          2847824199,
          9521536668
        ],
        "tags": {
          "local:boundary_refs": "r13626194",
          "local:boundary_zone": "core"
        },
        "elevations_m": [
          1668.0,
          1646.0
        ]
      },
      "geometry": {
        "type": "LineString",
        "coordinates": [
          [
            36.836742,
            -1.247585
          ],
          [
            36.836104,
            -1.248026
          ]
        ]
      }
    },
    {
      "type": "Feature",
      "properties": {
        "contig_id": 255,
        "length_m": 251.089,
        "segment_count": 15,
        "way_names": [],
        "way_ids": [
          280720870
        ],
        "endpoint_node_ids": [
          2847824208,
          2847824221
        ],
        "node_ids": [
          2847824208,
          2847824209,
          2847824210,
          2847824211,
          2847824212,
          2847824213,
          2847824214,
          2847824178,
          2847824215,
          2847824216,
          2847824217,
          2847824218,
          2847824219,
          2847824179,
          2847824220,
          2847824221
        ],
        "tags": {
          "local:boundary_refs": "r13626194",
          "local:boundary_zone": "core"
        },
        "elevations_m": [
          1670.0,
          1673.0,
          1675.0,
          1676.0,
          1677.0,
          1677.0,
          1677.0,
          1676.0,
          1674.0,
          1674.0,
          1675.0,
          1679.0,
          1680.0,
          1681.0,
          1682.0,
          1683.0
        ]
      },
      "geometry": {
        "type": "LineString",
        "coordinates": [
          [
            36.837529,
            -1.247224
          ],
          [
            36.837451,
            -1.247062
          ],
          [
            36.83735,
            -1.246962
          ],
          [
            36.837299,
            -1.246866
          ],
          [
            36.83717,
            -1.24674
          ],
          [
            36.83711,
            -1.24665
          ],
          [
            36.837076,
            -1.246638
          ],
          [
            36.837003,
            -1.246561
          ],
          [
            36.836864,
            -1.246396
          ],
          [
            36.836753,
            -1.246307
          ],
          [
            36.836563,
            -1.24621
          ],
          [
            36.836294,
            -1.246031
          ],
          [
            36.836233,
            -1.245943
          ],
          [
            36.836061,
            -1.245812
          ],
          [
            36.836017,
            -1.245755
          ],
          [
            36.835969,
            -1.245659
          ]
        ]
      }
    },
    {
      "type": "Feature",
      "properties": {
        "contig_id": 256,
        "length_m": 27.57,
        "segment_count": 2,
        "way_names": [],
        "way_ids": [
          280734416
        ],
        "endpoint_node_ids": [
          2847824208,
          6503768711
        ],
        "node_ids": [
          2847824208,
          2847945676,
          6503768711
        ],
        "tags": {
          "local:boundary_refs": "r13626194",
          "local:boundary_zone": "core"
        },
        "elevations_m": [
          1670.0,
          1666.0,
          1664.0
        ]
      },
      "geometry": {
        "type": "LineString",
        "coordinates": [
          [
            36.837529,
            -1.247224
          ],
          [
            36.837681,
            -1.247322
          ],
          [
            36.837743,
            -1.247348
          ]
        ]
      }
    },
    {
      "type": "Feature",
      "properties": {
        "contig_id": 257,
        "length_m": 191.932,
        "segment_count": 13,
        "way_names": [],
        "way_ids": [
          280734426
        ],
        "endpoint_node_ids": [
          2847824221,
          2847945496
        ],
        "node_ids": [
          2847824221,
          2847945485,
          2847945486,
          2847945487,
          2847945488,
          2847945489,
          2847945490,
          2847945491,
          2847945482,
          2847945492,
          2847945493,
          2847945494,
          2847945495,
          2847945496
        ],
        "tags": {
          "local:boundary_refs": "r13626194",
          "local:boundary_zone": "core"
        },
        "elevations_m": [
          1683.0,
          1685.0,
          1685.0,
          1685.0,
          1685.0,
          1684.0,
          1684.0,
          1684.0,
          1684.0,
          1685.0,
          1688.0,
          1688.0,
          1686.0,
          1683.0
        ]
      },
      "geometry": {
        "type": "LineString",
        "coordinates": [
          [
            36.835969,
            -1.245659
          ],
          [
            36.835825,
            -1.245592
          ],
          [
            36.835706,
            -1.245677
          ],
          [
            36.835599,
            -1.245686
          ],
          [
            36.835427,
            -1.245629
          ],
          [
            36.835296,
            -1.245561
          ],
          [
            36.835188,
            -1.24554
          ],
          [
            36.83509,
            -1.245491
          ],
          [
            36.835016,
            -1.245487
          ],
          [
            36.834839,
            -1.245444
          ],
          [
            36.834635,
            -1.245364
          ],
          [
            36.834581,
            -1.24527
          ],
          [
            36.83451,
            -1.245252
          ],
          [
            36.834417,
            -1.245196
          ]
        ]
      }
    },
    {
      "type": "Feature",
      "properties": {
        "contig_id": 258,
        "length_m": 1071.763,
        "segment_count": 49,
        "way_names": [
          "Fika Bikeshare"
        ],
        "way_ids": [
          280720873,
          1013539597,
          1013539598
        ],
        "endpoint_node_ids": [
          2847824295,
          2847824306
        ],
        "node_ids": [
          2847824295,
          2847824351,
          2847824350,
          2847824349,
          2847824348,
          2847824347,
          2847824346,
          2847824345,
          2847824344,
          2847824343,
          2847824342,
          2847824341,
          2847824340,
          2847824339,
          2847824338,
          2847824337,
          2847824336,
          2847824294,
          2847824335,
          2847824334,
          2847824293,
          2847824333,
          2847824332,
          2847824331,
          2847824329,
          2847824327,
          2847824326,
          2847824325,
          2847824324,
          2847824292,
          2847824323,
          9350977946,
          9350977947,
          2847824320,
          2847824291,
          2847824319,
          2847824318,
          2847824317,
          2847824316,
          2847824315,
          2847824314,
          2847824313,
          2847824290,
          2847824312,
          2847824311,
          2847824310,
          2847824309,
          2847824308,
          2847824307,
          2847824306
        ],
        "tags": {
          "local:boundary_refs": "r13626194",
          "local:boundary_zone": "core"
        },
        "elevations_m": [
          1665.0,
          1665.0,
          1665.0,
          1664.0,
          1660.0,
          1658.0,
          1657.0,
          1657.0,
          1657.0,
          1658.0,
          1657.0,
          1657.0,
          1658.0,
          1659.0,
          1660.0,
          1660.0,
          1658.0,
          1657.0,
          1655.0,
          1655.0,
          1658.0,
          1658.0,
          1660.0,
          1660.0,
          1660.0,
          1657.0,
          1657.0,
          1655.0,
          1655.0,
          1654.0,
          1652.0,
          1651.0,
          1650.0,
          1648.0,
          1647.0,
          1647.0,
          1647.0,
          1646.0,
          1646.0,
          1647.0,
          1647.0,
          1650.0,
          1651.0,
          1652.0,
          1653.0,
          1654.0,
          1655.0,
          1656.0,
          1660.0,
          1662.0
        ]
      },
      "geometry": {
        "type": "LineString",
        "coordinates": [
          [
            36.837095,
            -1.233241
          ],
          [
            36.837121,
            -1.233261
          ],
          [
            36.837357,
            -1.233424
          ],
          [
            36.83749,
            -1.233544
          ],
          [
            36.837712,
            -1.23378
          ],
          [
            36.837872,
            -1.233924
          ],
          [
            36.837983,
            -1.234064
          ],
          [
            36.838041,
            -1.234108
          ],
          [
            36.838079,
            -1.234171
          ],
          [
            36.838332,
            -1.234363
          ],
          [
            36.838646,
            -1.234601
          ],
          [
            36.839032,
            -1.234921
          ],
          [
            36.839109,
            -1.235039
          ],
          [
            36.83922,
            -1.235131
          ],
          [
            36.839318,
            -1.235237
          ],
          [
            36.83941,
            -1.235291
          ],
          [
            36.839471,
            -1.235379
          ],
          [
            36.83958,
            -1.235471
          ],
          [
            36.839833,
            -1.235608
          ],
          [
            36.839903,
            -1.235619
          ],
          [
            36.840332,
            -1.235574
          ],
          [
            36.840363,
            -1.235556
          ],
          [
            36.840534,
            -1.235372
          ],
          [
            36.84067,
            -1.235325
          ],
          [
            36.840931,
            -1.235207
          ],
          [
            36.841605,
            -1.235096
          ],
          [
            36.841826,
            -1.234978
          ],
          [
            36.842029,
            -1.234908
          ],
          [
            36.842066,
            -1.234907
          ],
          [
            36.842131,
            -1.234938
          ],
          [
            36.842224,
            -1.235046
          ],
          [
            36.84239,
            -1.235126
          ],
          [
            36.842535,
            -1.235196
          ],
          [
            36.842677,
            -1.235287
          ],
          [
            36.842881,
            -1.235459
          ],
          [
            36.842905,
            -1.235527
          ],
          [
            36.842896,
            -1.235598
          ],
          [
            36.842759,
            -1.23589
          ],
          [
            36.84269,
            -1.236277
          ],
          [
            36.842663,
            -1.236562
          ],
          [
            36.842645,
            -1.236631
          ],
          [
            36.842644,
            -1.236884
          ],
          [
            36.842692,
            -1.237019
          ],
          [
            36.842809,
            -1.237156
          ],
          [
            36.842866,
            -1.237199
          ],
          [
            36.842939,
            -1.237272
          ],
          [
            36.843008,
            -1.237314
          ],
          [
            36.843116,
            -1.237384
          ],
          [
            36.843311,
            -1.237448
          ],
          [
            36.84342,
            -1.237624
          ]
        ]
      }
    },
    {
      "type": "Feature",
      "properties": {
        "contig_id": 259,
        "length_m": 1203.352,
        "segment_count": 52,
        "way_names": [
          "Tara Path"
        ],
        "way_ids": [
          1332841838
        ],
        "endpoint_node_ids": [
          2847824295,
          2847949545
        ],
        "node_ids": [
          2847824295,
          2847949589,
          2847949588,
          2847949587,
          2847949586,
          747730047,
          2847949585,
          2847949584,
          2847949583,
          2847949582,
          2847949581,
          2847949580,
          747730104,
          2847949579,
          2847949578,
          2847949577,
          2847949576,
          2847949575,
          2847949574,
          2847949573,
          747730120,
          2847949572,
          2847949571,
          2847949570,
          2847949569,
          2847949568,
          2847949567,
          2847949566,
          2847949565,
          2847949564,
          2847949563,
          747730082,
          2847949562,
          2847949561,
          2847949560,
          2847949559,
          2847949558,
          2847949557,
          2847949556,
          2847949555,
          747730096,
          2847949554,
          2847949553,
          2847949552,
          2847949551,
          2847949550,
          747730061,
          6503768693,
          9810327703,
          2847949548,
          2847949547,
          2847949546,
          2847949545
        ],
        "tags": {
          "local:boundary_refs": "r13626194",
          "local:boundary_zone": "core"
        },
        "elevations_m": [
          1665.0,
          1665.0,
          1668.0,
          1666.0,
          1668.0,
          1668.0,
          1668.0,
          1668.0,
          1670.0,
          1670.0,
          1671.0,
          1671.0,
          1672.0,
          1671.0,
          1670.0,
          1670.0,
          1670.0,
          1671.0,
          1672.0,
          1673.0,
          1674.0,
          1674.0,
          1674.0,
          1675.0,
          1674.0,
          1673.0,
          1673.0,
          1673.0,
          1673.0,
          1675.0,
          1676.0,
          1679.0,
          1680.0,
          1680.0,
          1678.0,
          1678.0,
          1679.0,
          1682.0,
          1683.0,
          1682.0,
          1682.0,
          1682.0,
          1682.0,
          1682.0,
          1685.0,
          1686.0,
          1685.0,
          1684.0,
          1684.0,
          1684.0,
          1685.0,
          1685.0,
          1685.0
        ]
      },
      "geometry": {
        "type": "LineString",
        "coordinates": [
          [
            36.837095,
            -1.233241
          ],
          [
            36.836994,
            -1.233181
          ],
          [
            36.836721,
            -1.233088
          ],
          [
            36.83629,
            -1.233071
          ],
          [
            36.835979,
            -1.232982
          ],
          [
            36.835835,
            -1.232992
          ],
          [
            36.835765,
            -1.232978
          ],
          [
            36.835704,
            -1.232941
          ],
          [
            36.835463,
            -1.232725
          ],
          [
            36.835421,
            -1.232667
          ],
          [
            36.835316,
            -1.232569
          ],
          [
            36.835207,
            -1.232425
          ],
          [
            36.835125,
            -1.232228
          ],
          [
            36.834963,
            -1.232032
          ],
          [
            36.83474,
            -1.231911
          ],
          [
            36.834471,
            -1.231792
          ],
          [
            36.834358,
            -1.231757
          ],
          [
            36.834285,
            -1.23171
          ],
          [
            36.834145,
            -1.231677
          ],
          [
            36.833963,
            -1.231594
          ],
          [
            36.833835,
            -1.231531
          ],
          [
            36.833737,
            -1.231485
          ],
          [
            36.833589,
            -1.231382
          ],
          [
            36.833305,
            -1.23106
          ],
          [
            36.833249,
            -1.231015
          ],
          [
            36.832964,
            -1.230562
          ],
          [
            36.832942,
            -1.230498
          ],
          [
            36.83288,
            -1.230462
          ],
          [
            36.832835,
            -1.230409
          ],
          [
            36.832799,
            -1.230307
          ],
          [
            36.832731,
            -1.23018
          ],
          [
            36.832368,
            -1.229691
          ],
          [
            36.832259,
            -1.229464
          ],
          [
            36.832241,
            -1.229397
          ],
          [
            36.832079,
            -1.22916
          ],
          [
            36.831862,
            -1.228748
          ],
          [
            36.831803,
            -1.228578
          ],
          [
            36.831752,
            -1.228369
          ],
          [
            36.83172,
            -1.228304
          ],
          [
            36.831612,
            -1.228165
          ],
          [
            36.831469,
            -1.228054
          ],
          [
            36.831195,
            -1.227883
          ],
          [
            36.83113,
            -1.227854
          ],
          [
            36.831058,
            -1.227845
          ],
          [
            36.830634,
            -1.227646
          ],
          [
            36.830326,
            -1.227552
          ],
          [
            36.830095,
            -1.227453
          ],
          [
            36.829521,
            -1.22716
          ],
          [
            36.829406,
            -1.227076
          ],
          [
            36.829375,
            -1.227054
          ],
          [
            36.829215,
            -1.226971
          ],
          [
            36.829147,
            -1.22695
          ],
          [
            36.829076,
            -1.226947
          ]
        ]
      }
    },
    {
      "type": "Feature",
      "properties": {
        "contig_id": 260,
        "length_m": 466.811,
        "segment_count": 21,
        "way_names": [
          "Tara Path"
        ],
        "way_ids": [
          1332841838
        ],
        "endpoint_node_ids": [
          2847824295,
          2847949705
        ],
        "node_ids": [
          2847824295,
          2847949590,
          2847949591,
          747730069,
          2847949592,
          2847949593,
          2847949594,
          747730106,
          2847949595,
          2847949596,
          2847949597,
          747730087,
          2847949598,
          2847949599,
          2847949600,
          747730033,
          2847949701,
          2847949702,
          2847949703,
          747730110,
          2847949704,
          2847949705
        ],
        "tags": {
          "local:boundary_refs": "r13626194",
          "local:boundary_zone": "core",
          "local:routing_state": "exclude"
        },
        "elevations_m": [
          1665.0,
          1664.0,
          1665.0,
          1667.0,
          1671.0,
          1675.0,
          1677.0,
          1678.0,
          1678.0,
          1678.0,
          1675.0,
          1675.0,
          1675.0,
          1676.0,
          1679.0,
          1679.0,
          1678.0,
          1677.0,
          1677.0,
          1678.0,
          1678.0,
          1678.0
        ]
      },
      "geometry": {
        "type": "LineString",
        "coordinates": [
          [
            36.837095,
            -1.233241
          ],
          [
            36.837147,
            -1.233272
          ],
          [
            36.837251,
            -1.233282
          ],
          [
            36.837341,
            -1.233222
          ],
          [
            36.837506,
            -1.233031
          ],
          [
            36.837695,
            -1.232863
          ],
          [
            36.838139,
            -1.232495
          ],
          [
            36.838238,
            -1.232455
          ],
          [
            36.838309,
            -1.232464
          ],
          [
            36.838371,
            -1.2325
          ],
          [
            36.838684,
            -1.232799
          ],
          [
            36.838751,
            -1.232823
          ],
          [
            36.838822,
            -1.232815
          ],
          [
            36.838884,
            -1.232779
          ],
          [
            36.839395,
            -1.232269
          ],
          [
            36.839507,
            -1.23218
          ],
          [
            36.839607,
            -1.232137
          ],
          [
            36.840262,
            -1.231936
          ],
          [
            36.840327,
            -1.231905
          ],
          [
            36.840379,
            -1.231856
          ],
          [
            36.840409,
            -1.231791
          ],
          [
            36.840414,
            -1.231719
          ]
        ]
      }
    },
    {
      "type": "Feature",
      "properties": {
        "contig_id": 261,
        "length_m": 203.079,
        "segment_count": 10,
        "way_names": [
          "Fika Bikeshare"
        ],
        "way_ids": [
          1013539597
        ],
        "endpoint_node_ids": [
          2847824306,
          13769374299
        ],
        "node_ids": [
          2847824306,
          2847824289,
          2847824305,
          2847824304,
          2847824303,
          2847824288,
          2847824302,
          2847824301,
          2847824300,
          2847824299,
          13769374299
        ],
        "tags": {
          "local:boundary_refs": "r13626194",
          "local:boundary_zone": "core"
        },
        "elevations_m": [
          1662.0,
          1661.0,
          1662.0,
          1663.0,
          1666.0,
          1668.0,
          1672.0,
          1672.0,
          1673.0,
          1673.0,
          1673.0
        ]
      },
      "geometry": {
        "type": "LineString",
        "coordinates": [
          [
            36.84342,
            -1.237624
          ],
          [
            36.843502,
            -1.237624
          ],
          [
            36.843595,
            -1.237732
          ],
          [
            36.843707,
            -1.237909
          ],
          [
            36.843765,
            -1.238297
          ],
          [
            36.843802,
            -1.238435
          ],
          [
            36.843808,
            -1.238724
          ],
          [
            36.843825,
            -1.238794
          ],
          [
            36.843817,
            -1.238865
          ],
          [
            36.843845,
            -1.239043
          ],
          [
            36.843863,
            -1.239287
          ]
        ]
      }
    },
    {
      "type": "Feature",
      "properties": {
        "contig_id": 262,
        "length_m": 23.829,
        "segment_count": 1,
        "way_names": [
          "Muhuga Trail"
        ],
        "way_ids": [
          280720874
        ],
        "endpoint_node_ids": [
          2847824306,
          2847824359
        ],
        "node_ids": [
          2847824306,
          2847824359
        ],
        "tags": {
          "local:boundary_refs": "r13626194",
          "local:boundary_zone": "core"
        },
        "elevations_m": [
          1662.0,
          1661.0
        ]
      },
      "geometry": {
        "type": "LineString",
        "coordinates": [
          [
            36.84342,
            -1.237624
          ],
          [
            36.843207,
            -1.237648
          ]
        ]
      }
    },
    {
      "type": "Feature",
      "properties": {
        "contig_id": 263,
        "length_m": 317.371,
        "segment_count": 11,
        "way_names": [
          "Muhuga Trail"
        ],
        "way_ids": [
          280720874
        ],
        "endpoint_node_ids": [
          2847824359,
          2847824369
        ],
        "node_ids": [
          2847824359,
          2847824360,
          2847824361,
          2847824362,
          2847824363,
          2847824364,
          2847824352,
          2847824365,
          2847824366,
          2847824367,
          2847824368,
          2847824369
        ],
        "tags": {
          "local:boundary_refs": "r13626194",
          "local:boundary_zone": "core"
        },
        "elevations_m": [
          1661.0,
          1660.0,
          1658.0,
          1662.0,
          1660.0,
          1658.0,
          1658.0,
          1657.0,
          1658.0,
          1658.0,
          1658.0,
          1659.0
        ]
      },
      "geometry": {
        "type": "LineString",
        "coordinates": [
          [
            36.843207,
            -1.237648
          ],
          [
            36.843063,
            -1.23764
          ],
          [
            36.842666,
            -1.237656
          ],
          [
            36.842222,
            -1.237796
          ],
          [
            36.842066,
            -1.237836
          ],
          [
            36.841839,
            -1.237914
          ],
          [
            36.841603,
            -1.237947
          ],
          [
            36.841276,
            -1.237866
          ],
          [
            36.841028,
            -1.237701
          ],
          [
            36.840878,
            -1.237602
          ],
          [
            36.84057,
            -1.237504
          ],
          [
            36.8405,
            -1.237496
          ]
        ]
      }
    },
    {
      "type": "Feature",
      "properties": {
        "contig_id": 264,
        "length_m": 78.185,
        "segment_count": 3,
        "way_names": [],
        "way_ids": [
          1504829330
        ],
        "endpoint_node_ids": [
          2847824359,
          13769344192
        ],
        "node_ids": [
          2847824359,
          13769344194,
          13769344193,
          13769344192
        ],
        "tags": {
          "local:boundary_refs": "r13626194",
          "local:boundary_zone": "core"
        },
        "elevations_m": [
          1661.0,
          1664.0,
          1667.0,
          1669.0
        ]
      },
      "geometry": {
        "type": "LineString",
        "coordinates": [
          [
            36.843207,
            -1.237648
          ],
          [
            36.843273,
            -1.237921
          ],
          [
            36.843273,
            -1.238183
          ],
          [
            36.843173,
            -1.238309
          ]
        ]
      }
    },
    {
      "type": "Feature",
      "properties": {
        "contig_id": 265,
        "length_m": 391.872,
        "segment_count": 23,
        "way_names": [
          "Muhuga Trail"
        ],
        "way_ids": [
          280720874
        ],
        "endpoint_node_ids": [
          2847824369,
          6503768695
        ],
        "node_ids": [
          2847824369,
          6503767355,
          2847824370,
          2847824371,
          2847824353,
          2847824372,
          2847824373,
          2847824374,
          2847824375,
          2847824376,
          2847824377,
          2847824378,
          2847824379,
          2847824380,
          2847824381,
          2847824382,
          2847824383,
          2847824384,
          2847824385,
          2847824386,
          2847824387,
          2847824388,
          2847824389,
          6503768695
        ],
        "tags": {
          "local:boundary_refs": "r13626194",
          "local:boundary_zone": "core"
        },
        "elevations_m": [
          1659.0,
          1658.0,
          1659.0,
          1659.0,
          1660.0,
          1661.0,
          1659.0,
          1657.0,
          1655.0,
          1655.0,
          1654.0,
          1655.0,
          1655.0,
          1657.0,
          1659.0,
          1658.0,
          1657.0,
          1657.0,
          1657.0,
          1657.0,
          1657.0,
          1657.0,
          1659.0,
          1659.0
        ]
      },
      "geometry": {
        "type": "LineString",
        "coordinates": [
          [
            36.8405,
            -1.237496
          ],
          [
            36.840442,
            -1.23741
          ],
          [
            36.8404,
            -1.237392
          ],
          [
            36.84027,
            -1.237292
          ],
          [
            36.840161,
            -1.237226
          ],
          [
            36.839988,
            -1.237064
          ],
          [
            36.839844,
            -1.236906
          ],
          [
            36.839711,
            -1.236854
          ],
          [
            36.839623,
            -1.236792
          ],
          [
            36.839553,
            -1.236773
          ],
          [
            36.839428,
            -1.236703
          ],
          [
            36.839292,
            -1.236654
          ],
          [
            36.839182,
            -1.236563
          ],
          [
            36.839076,
            -1.236543
          ],
          [
            36.838945,
            -1.236484
          ],
          [
            36.838637,
            -1.236295
          ],
          [
            36.838539,
            -1.236192
          ],
          [
            36.838364,
            -1.236063
          ],
          [
            36.838304,
            -1.235985
          ],
          [
            36.838268,
            -1.235987
          ],
          [
            36.838174,
            -1.235933
          ],
          [
            36.838101,
            -1.235853
          ],
          [
            36.837839,
            -1.235664
          ],
          [
            36.837666,
            -1.235505
          ]
        ]
      }
    },
    {
      "type": "Feature",
      "properties": {
        "contig_id": 266,
        "length_m": 54.267,
        "segment_count": 1,
        "way_names": [],
        "way_ids": [
          692748284
        ],
        "endpoint_node_ids": [
          2847824369,
          13769333327
        ],
        "node_ids": [
          2847824369,
          13769333327
        ],
        "tags": {
          "local:boundary_refs": "r13626194",
          "local:boundary_zone": "core"
        },
        "elevations_m": [
          1659.0,
          1664.0
        ]
      },
      "geometry": {
        "type": "LineString",
        "coordinates": [
          [
            36.8405,
            -1.237496
          ],
          [
            36.840115,
            -1.237796
          ]
        ]
      }
    },
    {
      "type": "Feature",
      "properties": {
        "contig_id": 267,
        "length_m": 17.872,
        "segment_count": 2,
        "way_names": [],
        "way_ids": [
          280734413
        ],
        "endpoint_node_ids": [
          2847940688,
          2847945615
        ],
        "node_ids": [
          2847940688,
          2847945604,
          2847945615
        ],
        "tags": {
          "local:boundary_refs": "r13626194",
          "local:boundary_zone": "core",
          "local:routing_state": "exclude"
        },
        "elevations_m": [
          1648.0,
          1647.0,
          1647.0
        ]
      },
      "geometry": {
        "type": "LineString",
        "coordinates": [
          [
            36.841965,
            -1.252076
          ],
          [
            36.842003,
            -1.252137
          ],
          [
            36.842088,
            -1.252163
          ]
        ]
      }
    },
    {
      "type": "Feature",
      "properties": {
        "contig_id": 268,
        "length_m": 19.969,
        "segment_count": 1,
        "way_names": [],
        "way_ids": [
          280734413
        ],
        "endpoint_node_ids": [
          2847940688,
          2847945605
        ],
        "node_ids": [
          2847940688,
          2847945605
        ],
        "tags": {
          "local:boundary_refs": "r13626194",
          "local:boundary_zone": "buffer",
          "local:routing_state": "exclude"
        },
        "elevations_m": [
          1648.0,
          1649.0
        ]
      },
      "geometry": {
        "type": "LineString",
        "coordinates": [
          [
            36.841965,
            -1.252076
          ],
          [
            36.841838,
            -1.251949
          ]
        ]
      }
    },
    {
      "type": "Feature",
      "properties": {
        "contig_id": 269,
        "length_m": 186.265,
        "segment_count": 12,
        "way_names": [],
        "way_ids": [
          280734413
        ],
        "endpoint_node_ids": [
          2847940694,
          2847945615
        ],
        "node_ids": [
          2847940694,
          2847940686,
          2847940695,
          2847940696,
          2847940697,
          2847940698,
          2847940699,
          2847940700,
          2847945601,
          2847945602,
          2847945603,
          2847940687,
          2847945615
        ],
        "tags": {
          "local:boundary_refs": "r13626194",
          "local:boundary_zone": "core",
          "local:routing_state": "exclude"
        },
        "elevations_m": [
          1642.0,
          1643.0,
          1643.0,
          1642.0,
          1643.0,
          1642.0,
          1643.0,
          1643.0,
          1643.0,
          1644.0,
          1644.0,
          1645.0,
          1647.0
        ]
      },
      "geometry": {
        "type": "LineString",
        "coordinates": [
          [
            36.843568,
            -1.252845
          ],
          [
            36.84346,
            -1.252703
          ],
          [
            36.843402,
            -1.252659
          ],
          [
            36.843234,
            -1.252593
          ],
          [
            36.843147,
            -1.252528
          ],
          [
            36.843043,
            -1.252501
          ],
          [
            36.842848,
            -1.252405
          ],
          [
            36.842791,
            -1.252361
          ],
          [
            36.842723,
            -1.252337
          ],
          [
            36.842651,
            -1.252344
          ],
          [
            36.84251,
            -1.252317
          ],
          [
            36.84238,
            -1.252254
          ],
          [
            36.842088,
            -1.252163
          ]
        ]
      }
    },
    {
      "type": "Feature",
      "properties": {
        "contig_id": 270,
        "length_m": 122.698,
        "segment_count": 6,
        "way_names": [],
        "way_ids": [
          280734301
        ],
        "endpoint_node_ids": [
          2847941622,
          2847941626
        ],
        "node_ids": [
          2847941622,
          2847941618,
          2847941623,
          2847941624,
          2847941625,
          2847941619,
          2847941626
        ],
        "tags": {
          "local:boundary_refs": "r15417497",
          "local:boundary_zone": "core"
        },
        "elevations_m": [
          1690.0,
          1689.0,
          1688.0,
          1689.0,
          1690.0,
          1690.0,
          1689.0
        ]
      },
      "geometry": {
        "type": "LineString",
        "coordinates": [
          [
            36.817607,
            -1.2383
          ],
          [
            36.817742,
            -1.238425
          ],
          [
            36.81786,
            -1.238652
          ],
          [
            36.817926,
            -1.23874
          ],
          [
            36.818036,
            -1.238837
          ],
          [
            36.818256,
            -1.238969
          ],
          [
            36.818354,
            -1.239084
          ]
        ]
      }
    },
    {
      "type": "Feature",
      "properties": {
        "contig_id": 271,
        "length_m": 318.472,
        "segment_count": 17,
        "way_names": [],
        "way_ids": [
          692748277
        ],
        "endpoint_node_ids": [
          2847941626,
          6503767379
        ],
        "node_ids": [
          2847941626,
          6503767363,
          6503767362,
          6503767361,
          6503767371,
          6503767370,
          6503767369,
          6503767368,
          6503767367,
          6503767366,
          6503767365,
          6503767364,
          6503767373,
          6503767372,
          6503767382,
          6503767381,
          6503767380,
          6503767379
        ],
        "tags": {
          "local:boundary_refs": "r15417497",
          "local:boundary_zone": "core"
        },
        "elevations_m": [
          1689.0,
          1690.0,
          1690.0,
          1691.0,
          1693.0,
          1693.0,
          1693.0,
          1692.0,
          1691.0,
          1691.0,
          1690.0,
          1689.0,
          1685.0,
          1685.0,
          1686.0,
          1688.0,
          1690.0,
          1691.0
        ]
      },
      "geometry": {
        "type": "LineString",
        "coordinates": [
          [
            36.818354,
            -1.239084
          ],
          [
            36.818413,
            -1.238935
          ],
          [
            36.818498,
            -1.238827
          ],
          [
            36.818614,
            -1.238755
          ],
          [
            36.818734,
            -1.238727
          ],
          [
            36.818857,
            -1.238738
          ],
          [
            36.81897,
            -1.238787
          ],
          [
            36.819063,
            -1.238868
          ],
          [
            36.819127,
            -1.238973
          ],
          [
            36.819154,
            -1.239094
          ],
          [
            36.819144,
            -1.239216
          ],
          [
            36.819095,
            -1.23933
          ],
          [
            36.818798,
            -1.240073
          ],
          [
            36.81875,
            -1.240187
          ],
          [
            36.818669,
            -1.24028
          ],
          [
            36.818563,
            -1.240343
          ],
          [
            36.818429,
            -1.240371
          ],
          [
            36.818294,
            -1.240352
          ]
        ]
      }
    },
    {
      "type": "Feature",
      "properties": {
        "contig_id": 272,
        "length_m": 160.966,
        "segment_count": 6,
        "way_names": [],
        "way_ids": [
          692748277
        ],
        "endpoint_node_ids": [
          2847941626,
          6503767379
        ],
        "node_ids": [
          2847941626,
          6503767374,
          6503767375,
          6503767376,
          6503767377,
          6503767378,
          6503767379
        ],
        "tags": {
          "local:boundary_refs": "r15417497",
          "local:boundary_zone": "core"
        },
        "elevations_m": [
          1689.0,
          1692.0,
          1693.0,
          1693.0,
          1692.0,
          1692.0,
          1691.0
        ]
      },
      "geometry": {
        "type": "LineString",
        "coordinates": [
          [
            36.818354,
            -1.239084
          ],
          [
            36.818068,
            -1.239792
          ],
          [
            36.818026,
            -1.239922
          ],
          [
            36.81803,
            -1.240059
          ],
          [
            36.818082,
            -1.240186
          ],
          [
            36.818173,
            -1.240287
          ],
          [
            36.818294,
            -1.240352
          ]
        ]
      }
    },
    {
      "type": "Feature",
      "properties": {
        "contig_id": 273,
        "length_m": 17.85,
        "segment_count": 1,
        "way_names": [
          "KFEET Track"
        ],
        "way_ids": [
          60200207
        ],
        "endpoint_node_ids": [
          2847941633,
          6366642364
        ],
        "node_ids": [
          2847941633,
          6366642364
        ],
        "tags": {
          "local:boundary_refs": "r13626194,w24040003",
          "local:boundary_zone": "buffer"
        },
        "elevations_m": [
          1666.0,
          1664.0
        ]
      },
      "geometry": {
        "type": "LineString",
        "coordinates": [
          [
            36.815935,
            -1.247174
          ],
          [
            36.815783,
            -1.247227
          ]
        ]
      }
    },
    {
      "type": "Feature",
      "properties": {
        "contig_id": 274,
        "length_m": 91.037,
        "segment_count": 3,
        "way_names": [
          "KFEET Track"
        ],
        "way_ids": [
          60200207
        ],
        "endpoint_node_ids": [
          2847941648,
          11952125949
        ],
        "node_ids": [
          2847941648,
          271326705,
          271326704,
          11952125949
        ],
        "tags": {
          "local:boundary_refs": "r13626194",
          "local:boundary_zone": "core"
        },
        "elevations_m": [
          1690.0,
          1690.0,
          1691.0,
          1692.0
        ]
      },
      "geometry": {
        "type": "LineString",
        "coordinates": [
          [
            36.818831,
            -1.241085
          ],
          [
            36.818682,
            -1.241185
          ],
          [
            36.818516,
            -1.241256
          ],
          [
            36.81808,
            -1.241398
          ]
        ]
      }
    },
    {
      "type": "Feature",
      "properties": {
        "contig_id": 275,
        "length_m": 194.713,
        "segment_count": 12,
        "way_names": [],
        "way_ids": [
          60200210
        ],
        "endpoint_node_ids": [
          2847945484,
          11952184360
        ],
        "node_ids": [
          2847945484,
          747730109,
          11952184369,
          11952184368,
          11952184367,
          11952184366,
          11952184365,
          747730032,
          11952184364,
          11952184363,
          11952184362,
          11952184361,
          11952184360
        ],
        "tags": {
          "local:boundary_refs": "r13626194",
          "local:boundary_zone": "core",
          "local:routing_state": "exclude"
        },
        "elevations_m": [
          1670.0,
          1670.0,
          1669.0,
          1668.0,
          1668.0,
          1668.0,
          1668.0,
          1669.0,
          1671.0,
          1672.0,
          1672.0,
          1672.0,
          1672.0
        ]
      },
      "geometry": {
        "type": "LineString",
        "coordinates": [
          [
            36.833716,
            -1.244398
          ],
          [
            36.833591,
            -1.244446
          ],
          [
            36.833453,
            -1.244455
          ],
          [
            36.833315,
            -1.244524
          ],
          [
            36.833217,
            -1.24459
          ],
          [
            36.833078,
            -1.244641
          ],
          [
            36.832987,
            -1.244662
          ],
          [
            36.832772,
            -1.244683
          ],
          [
            36.832687,
            -1.244617
          ],
          [
            36.832819,
            -1.244326
          ],
          [
            36.832894,
            -1.244231
          ],
          [
            36.83299,
            -1.244164
          ],
          [
            36.833042,
            -1.244099
          ]
        ]
      }
    },
    {
      "type": "Feature",
      "properties": {
        "contig_id": 276,
        "length_m": 121.493,
        "segment_count": 7,
        "way_names": [],
        "way_ids": [
          280734426
        ],
        "endpoint_node_ids": [
          2847945484,
          2847945496
        ],
        "node_ids": [
          2847945484,
          2847946201,
          2847945500,
          2847945499,
          2847945498,
          2847945497,
          2847945483,
          2847945496
        ],
        "tags": {
          "local:boundary_refs": "r13626194",
          "local:boundary_zone": "core",
          "local:routing_state": "include"
        },
        "elevations_m": [
          1670.0,
          1669.0,
          1668.0,
          1668.0,
          1667.0,
          1668.0,
          1672.0,
          1683.0
        ]
      },
      "geometry": {
        "type": "LineString",
        "coordinates": [
          [
            36.833716,
            -1.244398
          ],
          [
            36.83379,
            -1.244526
          ],
          [
            36.833865,
            -1.244607
          ],
          [
            36.833901,
            -1.244671
          ],
          [
            36.834017,
            -1.244759
          ],
          [
            36.834114,
            -1.244912
          ],
          [
            36.834308,
            -1.245006
          ],
          [
            36.834417,
            -1.245196
          ]
        ]
      }
    },
    {
      "type": "Feature",
      "properties": {
        "contig_id": 277,
        "length_m": 236.533,
        "segment_count": 6,
        "way_names": [],
        "way_ids": [
          1504647712
        ],
        "endpoint_node_ids": [
          2847945496,
          5927778336
        ],
        "node_ids": [
          2847945496,
          13768230799,
          13768230798,
          13768230797,
          13768230796,
          13768230795,
          5927778336
        ],
        "tags": {
          "local:boundary_refs": "r13626194",
          "local:boundary_zone": "core"
        },
        "elevations_m": [
          1683.0,
          1686.0,
          1684.0,
          1681.0,
          1674.0,
          1663.0,
          1657.0
        ]
      },
      "geometry": {
        "type": "LineString",
        "coordinates": [
          [
            36.834417,
            -1.245196
          ],
          [
            36.83414,
            -1.245615
          ],
          [
            36.833891,
            -1.24583
          ],
          [
            36.833627,
            -1.246006
          ],
          [
            36.83347,
            -1.246314
          ],
          [
            36.833514,
            -1.246646
          ],
          [
            36.833711,
            -1.24687
          ]
        ]
      }
    },
    {
      "type": "Feature",
      "properties": {
        "contig_id": 278,
        "length_m": 136.332,
        "segment_count": 7,
        "way_names": [],
        "way_ids": [
          280734413
        ],
        "endpoint_node_ids": [
          2847945605,
          2847945610
        ],
        "node_ids": [
          2847945605,
          2847945606,
          2847940689,
          2847945607,
          2847945608,
          2847940690,
          2847945609,
          2847945610
        ],
        "tags": {
          "local:boundary_refs": "r13626194",
          "local:boundary_zone": "buffer"
        },
        "elevations_m": [
          1649.0,
          1650.0,
          1651.0,
          1652.0,
          1653.0,
          1653.0,
          1651.0,
          1651.0
        ]
      },
      "geometry": {
        "type": "LineString",
        "coordinates": [
          [
            36.841838,
            -1.251949
          ],
          [
            36.841802,
            -1.251887
          ],
          [
            36.841778,
            -1.251745
          ],
          [
            36.841801,
            -1.25164
          ],
          [
            36.841841,
            -1.25158
          ],
          [
            36.842066,
            -1.251345
          ],
          [
            36.84219,
            -1.251124
          ],
          [
            36.842257,
            -1.250881
          ]
        ]
      }
    },
    {
      "type": "Feature",
      "properties": {
        "contig_id": 279,
        "length_m": 405.606,
        "segment_count": 9,
        "way_names": [],
        "way_ids": [
          60200205
        ],
        "endpoint_node_ids": [
          2847945632,
          9521536668
        ],
        "node_ids": [
          2847945632,
          747730111,
          2847945633,
          2847945634,
          2847945637,
          2847945638,
          2847945639,
          2847945640,
          2847945641,
          9521536668
        ],
        "tags": {
          "local:boundary_refs": "r13626194",
          "local:boundary_zone": "core"
        },
        "elevations_m": [
          1654.0,
          1653.0,
          1651.0,
          1649.0,
          1648.0,
          1647.0,
          1651.0,
          1651.0,
          1650.0,
          1646.0
        ]
      },
      "geometry": {
        "type": "LineString",
        "coordinates": [
          [
            36.839201,
            -1.249907
          ],
          [
            36.838896,
            -1.249601
          ],
          [
            36.838755,
            -1.249488
          ],
          [
            36.838667,
            -1.249426
          ],
          [
            36.838515,
            -1.2493
          ],
          [
            36.837633,
            -1.248804
          ],
          [
            36.837206,
            -1.248606
          ],
          [
            36.836937,
            -1.248501
          ],
          [
            36.836679,
            -1.24837
          ],
          [
            36.836104,
            -1.248026
          ]
        ]
      }
    },
    {
      "type": "Feature",
      "properties": {
        "contig_id": 280,
        "length_m": 121.453,
        "segment_count": 2,
        "way_names": [],
        "way_ids": [
          60200205
        ],
        "endpoint_node_ids": [
          2847945632,
          9810272375
        ],
        "node_ids": [
          2847945632,
          2847945631,
          9810272375
        ],
        "tags": {
          "local:boundary_refs": "r13626194",
          "local:boundary_zone": "core"
        },
        "elevations_m": [
          1654.0,
          1656.0,
          1660.0
        ]
      },
      "geometry": {
        "type": "LineString",
        "coordinates": [
          [
            36.839201,
            -1.249907
          ],
          [
            36.839471,
            -1.25029
          ],
          [
            36.839837,
            -1.250795
          ]
        ]
      }
    },
    {
      "type": "Feature",
      "properties": {
        "contig_id": 281,
        "length_m": 205.744,
        "segment_count": 8,
        "way_names": [],
        "way_ids": [
          1504824091
        ],
        "endpoint_node_ids": [
          2847945632,
          9810272384
        ],
        "node_ids": [
          2847945632,
          13769335634,
          13769335635,
          13769335636,
          13769335637,
          13769335638,
          13769335639,
          13769335640,
          9810272384
        ],
        "tags": {
          "local:boundary_refs": "r13626194",
          "local:boundary_zone": "core"
        },
        "elevations_m": [
          1654.0,
          1659.0,
          1662.0,
          1664.0,
          1661.0,
          1660.0,
          1662.0,
          1664.0,
          1666.0
        ]
      },
      "geometry": {
        "type": "LineString",
        "coordinates": [
          [
            36.839201,
            -1.249907
          ],
          [
            36.839437,
            -1.24998
          ],
          [
            36.839562,
            -1.249996
          ],
          [
            36.839637,
            -1.249868
          ],
          [
            36.83946,
            -1.249648
          ],
          [
            36.839365,
            -1.249473
          ],
          [
            36.839359,
            -1.249243
          ],
          [
            36.839591,
            -1.249131
          ],
          [
            36.839942,
            -1.249209
          ]
        ]
      }
    },
    {
      "type": "Feature",
      "properties": {
        "contig_id": 282,
        "length_m": 31.668,
        "segment_count": 1,
        "way_names": [],
        "way_ids": [
          280734415
        ],
        "endpoint_node_ids": [
          2847945648,
          2847945657
        ],
        "node_ids": [
          2847945648,
          2847945657
        ],
        "tags": {
          "local:boundary_refs": "r13626194",
          "local:boundary_zone": "core",
          "local:routing_state": "exclude"
        },
        "elevations_m": [
          1665.0,
          1664.0
        ]
      },
      "geometry": {
        "type": "LineString",
        "coordinates": [
          [
            36.840047,
            -1.248976
          ],
          [
            36.84019,
            -1.24873
          ]
        ]
      }
    },
    {
      "type": "Feature",
      "properties": {
        "contig_id": 283,
        "length_m": 5.222,
        "segment_count": 2,
        "way_names": [],
        "way_ids": [
          280734416
        ],
        "endpoint_node_ids": [
          2847945648,
          2847945664
        ],
        "node_ids": [
          2847945648,
          2847945663,
          2847945664
        ],
        "tags": {
          "local:boundary_refs": "r13626194",
          "local:boundary_zone": "core"
        },
        "elevations_m": [
          1665.0,
          1665.0,
          1665.0
        ]
      },
      "geometry": {
        "type": "LineString",
        "coordinates": [
          [
            36.840047,
            -1.248976
          ],
          [
            36.840024,
            -1.248966
          ],
          [
            36.840002,
            -1.248966
          ]
        ]
      }
    },
    {
      "type": "Feature",
      "properties": {
        "contig_id": 284,
        "length_m": 36.902,
        "segment_count": 1,
        "way_names": [],
        "way_ids": [
          280734415
        ],
        "endpoint_node_ids": [
          2847945649,
          2847945657
        ],
        "node_ids": [
          2847945649,
          2847945657
        ],
        "tags": {
          "local:boundary_refs": "r13626194",
          "local:boundary_zone": "buffer",
          "local:routing_state": "exclude"
        },
        "elevations_m": [
          1664.0,
          1664.0
        ]
      },
      "geometry": {
        "type": "LineString",
        "coordinates": [
          [
            36.840363,
            -1.248447
          ],
          [
            36.84019,
            -1.24873
          ]
        ]
      }
    },
    {
      "type": "Feature",
      "properties": {
        "contig_id": 285,
        "length_m": 68.635,
        "segment_count": 1,
        "way_names": [],
        "way_ids": [
          142776101
        ],
        "endpoint_node_ids": [
          2847945649,
          6503768700
        ],
        "node_ids": [
          2847945649,
          6503768700
        ],
        "tags": {
          "local:boundary_refs": "r13626194",
          "local:boundary_zone": "buffer",
          "local:routing_state": "exclude"
        },
        "elevations_m": [
          1664.0,
          1665.0
        ]
      },
      "geometry": {
        "type": "LineString",
        "coordinates": [
          [
            36.840363,
            -1.248447
          ],
          [
            36.839993,
            -1.247952
          ]
        ]
      }
    },
    {
      "type": "Feature",
      "properties": {
        "contig_id": 286,
        "length_m": 323.667,
        "segment_count": 17,
        "way_names": [],
        "way_ids": [
          280734416
        ],
        "endpoint_node_ids": [
          2847945664,
          6503768711
        ],
        "node_ids": [
          2847945664,
          2847945665,
          2847945666,
          2847945658,
          2847945667,
          2847945668,
          2847945659,
          2847945669,
          2847945660,
          2847945670,
          2847945671,
          2847945661,
          2847945672,
          2847945673,
          2847945674,
          2847945662,
          2847945675,
          6503768711
        ],
        "tags": {
          "local:boundary_refs": "r13626194",
          "local:boundary_zone": "core"
        },
        "elevations_m": [
          1665.0,
          1665.0,
          1666.0,
          1666.0,
          1665.0,
          1663.0,
          1663.0,
          1663.0,
          1664.0,
          1664.0,
          1663.0,
          1663.0,
          1663.0,
          1663.0,
          1662.0,
          1662.0,
          1663.0,
          1664.0
        ]
      },
      "geometry": {
        "type": "LineString",
        "coordinates": [
          [
            36.840002,
            -1.248966
          ],
          [
            36.839986,
            -1.248933
          ],
          [
            36.839844,
            -1.248722
          ],
          [
            36.839726,
            -1.248637
          ],
          [
            36.839576,
            -1.248479
          ],
          [
            36.839339,
            -1.24831
          ],
          [
            36.839234,
            -1.248208
          ],
          [
            36.839123,
            -1.248065
          ],
          [
            36.839009,
            -1.247976
          ],
          [
            36.83891,
            -1.247931
          ],
          [
            36.838695,
            -1.247965
          ],
          [
            36.838514,
            -1.247941
          ],
          [
            36.838424,
            -1.247884
          ],
          [
            36.83833,
            -1.247773
          ],
          [
            36.83824,
            -1.247712
          ],
          [
            36.838034,
            -1.247507
          ],
          [
            36.837883,
            -1.247405
          ],
          [
            36.837743,
            -1.247348
          ]
        ]
      }
    },
    {
      "type": "Feature",
      "properties": {
        "contig_id": 287,
        "length_m": 28.007,
        "segment_count": 3,
        "way_names": [],
        "way_ids": [
          1068716473
        ],
        "endpoint_node_ids": [
          2847945664,
          9810272384
        ],
        "node_ids": [
          2847945664,
          9810272386,
          9810272385,
          9810272384
        ],
        "tags": {
          "local:boundary_refs": "r13626194",
          "local:boundary_zone": "core"
        },
        "elevations_m": [
          1665.0,
          1665.0,
          1666.0,
          1666.0
        ]
      },
      "geometry": {
        "type": "LineString",
        "coordinates": [
          [
            36.840002,
            -1.248966
          ],
          [
            36.839981,
            -1.249018
          ],
          [
            36.83996,
            -1.249086
          ],
          [
            36.839942,
            -1.249209
          ]
        ]
      }
    },
    {
      "type": "Feature",
      "properties": {
        "contig_id": 288,
        "length_m": 128.705,
        "segment_count": 5,
        "way_names": [
          "Tara Path"
        ],
        "way_ids": [
          1332841839
        ],
        "endpoint_node_ids": [
          2847949503,
          2847949507
        ],
        "node_ids": [
          2847949503,
          2847949504,
          2847949505,
          11952038429,
          2847949506,
          2847949507
        ],
        "tags": {
          "local:boundary_refs": "r13626194",
          "local:boundary_zone": "core"
        },
        "elevations_m": [
          1678.0,
          1680.0,
          1684.0,
          1690.0,
          1690.0,
          1689.0
        ]
      },
      "geometry": {
        "type": "LineString",
        "coordinates": [
          [
            36.826219,
            -1.233285
          ],
          [
            36.826335,
            -1.233189
          ],
          [
            36.826404,
            -1.233024
          ],
          [
            36.826488,
            -1.232765
          ],
          [
            36.826527,
            -1.232496
          ],
          [
            36.826647,
            -1.232239
          ]
        ]
      }
    },
    {
      "type": "Feature",
      "properties": {
        "contig_id": 289,
        "length_m": 76.278,
        "segment_count": 2,
        "way_names": [
          "Tara Path"
        ],
        "way_ids": [
          1332841839
        ],
        "endpoint_node_ids": [
          2847949507,
          2847949509
        ],
        "node_ids": [
          2847949507,
          2847949508,
          2847949509
        ],
        "tags": {
          "local:boundary_refs": "r13626194",
          "local:boundary_zone": "core"
        },
        "elevations_m": [
          1689.0,
          1688.0,
          1686.0
        ]
      },
      "geometry": {
        "type": "LineString",
        "coordinates": [
          [
            36.826647,
            -1.232239
          ],
          [
            36.826688,
            -1.232026
          ],
          [
            36.826806,
            -1.231572
          ]
        ]
      }
    },
    {
      "type": "Feature",
      "properties": {
        "contig_id": 290,
        "length_m": 559.261,
        "segment_count": 3,
        "way_names": [],
        "way_ids": [
          280734652
        ],
        "endpoint_node_ids": [
          2847949507,
          2847949919
        ],
        "node_ids": [
          2847949507,
          6503768724,
          11952065150,
          2847949919
        ],
        "tags": {
          "local:boundary_refs": "r13626194",
          "local:boundary_zone": "core",
          "local:unavailable_until": "2026-06-01"
        },
        "elevations_m": [
          1689.0,
          1688.0,
          1679.0,
          1684.0
        ]
      },
      "geometry": {
        "type": "LineString",
        "coordinates": [
          [
            36.826647,
            -1.232239
          ],
          [
            36.825244,
            -1.231551
          ],
          [
            36.823648,
            -1.230849
          ],
          [
            36.822133,
            -1.230026
          ]
        ]
      }
    },
    {
      "type": "Feature",
      "properties": {
        "contig_id": 291,
        "length_m": 824.19,
        "segment_count": 10,
        "way_names": [
          "Wangari Maathai Track"
        ],
        "way_ids": [
          313840891
        ],
        "endpoint_node_ids": [
          2847949507,
          5518868721
        ],
        "node_ids": [
          2847949507,
          11951439119,
          11951439121,
          11951439120,
          11951461760,
          11951461759,
          11951461758,
          11951461761,
          11951461757,
          11951427049,
          5518868721
        ],
        "tags": {
          "local:boundary_refs": "r13626194",
          "local:boundary_zone": "core"
        },
        "elevations_m": [
          1689.0,
          1691.0,
          1688.0,
          1685.0,
          1681.0,
          1685.0,
          1684.0,
          1683.0,
          1679.0,
          1674.0,
          1674.0
        ]
      },
      "geometry": {
        "type": "LineString",
        "coordinates": [
          [
            36.826647,
            -1.232239
          ],
          [
            36.827495,
            -1.232655
          ],
          [
            36.828334,
            -1.233041
          ],
          [
            36.828724,
            -1.233219
          ],
          [
            36.830206,
            -1.233886
          ],
          [
            36.830524,
            -1.234095
          ],
          [
            36.830728,
            -1.23419
          ],
          [
            36.830917,
            -1.234285
          ],
          [
            36.832157,
            -1.234728
          ],
          [
            36.833141,
            -1.235162
          ],
          [
            36.833403,
            -1.235266
          ]
        ]
      }
    },
    {
      "type": "Feature",
      "properties": {
        "contig_id": 292,
        "length_m": 200.649,
        "segment_count": 6,
        "way_names": [
          "Tara Path"
        ],
        "way_ids": [
          1332841839
        ],
        "endpoint_node_ids": [
          2847949509,
          2847949514
        ],
        "node_ids": [
          2847949509,
          2847949510,
          2847949511,
          747730090,
          2847949512,
          2847949513,
          2847949514
        ],
        "tags": {
          "local:boundary_refs": "r13626194",
          "local:boundary_zone": "core"
        },
        "elevations_m": [
          1686.0,
          1685.0,
          1683.0,
          1683.0,
          1683.0,
          1680.0,
          1679.0
        ]
      },
      "geometry": {
        "type": "LineString",
        "coordinates": [
          [
            36.826806,
            -1.231572
          ],
          [
            36.826865,
            -1.231254
          ],
          [
            36.826967,
            -1.23095
          ],
          [
            36.827097,
            -1.23039
          ],
          [
            36.827138,
            -1.230178
          ],
          [
            36.827176,
            -1.229857
          ],
          [
            36.8272,
            -1.229817
          ]
        ]
      }
    },
    {
      "type": "Feature",
      "properties": {
        "contig_id": 293,
        "length_m": 1327.082,
        "segment_count": 60,
        "way_names": [],
        "way_ids": [
          1504822990
        ],
        "endpoint_node_ids": [
          2847949509,
          13769333317
        ],
        "node_ids": [
          2847949509,
          13769328758,
          13769328759,
          13769328760,
          13769328761,
          13769328762,
          13769328763,
          13769328764,
          13769328765,
          13769328766,
          13769328767,
          13769328768,
          13769328769,
          13769328770,
          13769328771,
          13769328772,
          13769328773,
          13769328774,
          13769328775,
          13769328776,
          13769328777,
          13769328778,
          13769328779,
          13769328780,
          13769328781,
          13769328782,
          13769328783,
          13769328784,
          13769328785,
          13769328786,
          13769328787,
          13769328788,
          13769328789,
          13769328790,
          13769328791,
          13769328792,
          13769328793,
          13769328794,
          13769328795,
          13769328796,
          13769328797,
          13769328798,
          13769328799,
          13769328800,
          13769333301,
          13769333302,
          13769333303,
          13769333304,
          13769333305,
          13769333306,
          13769333307,
          13769333308,
          13769333309,
          13769333310,
          13769333311,
          13769333312,
          13769333313,
          13769333314,
          13769333315,
          13769333316,
          13769333317
        ],
        "tags": {
          "local:boundary_refs": "r13626194",
          "local:boundary_zone": "core"
        },
        "elevations_m": [
          1686.0,
          1685.0,
          1685.0,
          1685.0,
          1685.0,
          1685.0,
          1684.0,
          1682.0,
          1681.0,
          1681.0,
          1681.0,
          1681.0,
          1681.0,
          1680.0,
          1680.0,
          1678.0,
          1676.0,
          1675.0,
          1674.0,
          1676.0,
          1676.0,
          1677.0,
          1676.0,
          1675.0,
          1675.0,
          1674.0,
          1674.0,
          1675.0,
          1675.0,
          1676.0,
          1677.0,
          1677.0,
          1676.0,
          1675.0,
          1674.0,
          1673.0,
          1672.0,
          1672.0,
          1673.0,
          1675.0,
          1677.0,
          1678.0,
          1678.0,
          1678.0,
          1678.0,
          1677.0,
          1676.0,
          1675.0,
          1675.0,
          1676.0,
          1675.0,
          1674.0,
          1673.0,
          1672.0,
          1672.0,
          1673.0,
          1672.0,
          1671.0,
          1671.0,
          1672.0,
          1673.0
        ]
      },
      "geometry": {
        "type": "LineString",
        "coordinates": [
          [
            36.826806,
            -1.231572
          ],
          [
            36.82713,
            -1.231669
          ],
          [
            36.82748,
            -1.231746
          ],
          [
            36.827767,
            -1.231935
          ],
          [
            36.82797,
            -1.232096
          ],
          [
            36.828258,
            -1.232139
          ],
          [
            36.828504,
            -1.232231
          ],
          [
            36.828722,
            -1.232379
          ],
          [
            36.828929,
            -1.232602
          ],
          [
            36.829187,
            -1.232757
          ],
          [
            36.829411,
            -1.232786
          ],
          [
            36.829583,
            -1.232886
          ],
          [
            36.829799,
            -1.233017
          ],
          [
            36.829916,
            -1.233083
          ],
          [
            36.830057,
            -1.233046
          ],
          [
            36.830243,
            -1.233108
          ],
          [
            36.830404,
            -1.233155
          ],
          [
            36.830539,
            -1.233162
          ],
          [
            36.830633,
            -1.233281
          ],
          [
            36.830678,
            -1.23346
          ],
          [
            36.83083,
            -1.233486
          ],
          [
            36.830949,
            -1.233637
          ],
          [
            36.831072,
            -1.233747
          ],
          [
            36.831207,
            -1.233791
          ],
          [
            36.831314,
            -1.233794
          ],
          [
            36.831425,
            -1.233891
          ],
          [
            36.831541,
            -1.233976
          ],
          [
            36.831696,
            -1.234042
          ],
          [
            36.831854,
            -1.234124
          ],
          [
            36.83197,
            -1.234234
          ],
          [
            36.832146,
            -1.234284
          ],
          [
            36.832341,
            -1.234315
          ],
          [
            36.832549,
            -1.2343
          ],
          [
            36.832713,
            -1.234306
          ],
          [
            36.832826,
            -1.234492
          ],
          [
            36.832964,
            -1.23458
          ],
          [
            36.833162,
            -1.234668
          ],
          [
            36.833383,
            -1.234759
          ],
          [
            36.833534,
            -1.23486
          ],
          [
            36.833711,
            -1.234965
          ],
          [
            36.833909,
            -1.235112
          ],
          [
            36.834069,
            -1.235216
          ],
          [
            36.83422,
            -1.235282
          ],
          [
            36.834305,
            -1.235442
          ],
          [
            36.834428,
            -1.235499
          ],
          [
            36.834589,
            -1.235502
          ],
          [
            36.834806,
            -1.235494
          ],
          [
            36.83495,
            -1.235525
          ],
          [
            36.835161,
            -1.235515
          ],
          [
            36.835235,
            -1.235624
          ],
          [
            36.835332,
            -1.23574
          ],
          [
            36.835481,
            -1.235784
          ],
          [
            36.835635,
            -1.235776
          ],
          [
            36.835761,
            -1.235853
          ],
          [
            36.83585,
            -1.235875
          ],
          [
            36.836,
            -1.235862
          ],
          [
            36.836246,
            -1.235928
          ],
          [
            36.836512,
            -1.236036
          ],
          [
            36.836787,
            -1.236116
          ],
          [
            36.837055,
            -1.236217
          ],
          [
            36.837182,
            -1.236255
          ]
        ]
      }
    },
    {
      "type": "Feature",
      "properties": {
        "contig_id": 294,
        "length_m": 152.294,
        "segment_count": 4,
        "way_names": [
          "Muhuga Trail"
        ],
        "way_ids": [
          280720874
        ],
        "endpoint_node_ids": [
          2847949514,
          6503768690
        ],
        "node_ids": [
          2847949514,
          2847824428,
          2847824427,
          2847824426,
          6503768690
        ],
        "tags": {
          "local:boundary_refs": "r13626194",
          "local:boundary_zone": "core"
        },
        "elevations_m": [
          1679.0,
          1677.0,
          1676.0,
          1671.0,
          1674.0
        ]
      },
      "geometry": {
        "type": "LineString",
        "coordinates": [
          [
            36.8272,
            -1.229817
          ],
          [
            36.827333,
            -1.229832
          ],
          [
            36.827488,
            -1.229852
          ],
          [
            36.827776,
            -1.229872
          ],
          [
            36.828564,
            -1.229803
          ]
        ]
      }
    },
    {
      "type": "Feature",
      "properties": {
        "contig_id": 295,
        "length_m": 57.271,
        "segment_count": 3,
        "way_names": [
          "Tara Path"
        ],
        "way_ids": [
          1332841839
        ],
        "endpoint_node_ids": [
          2847949514,
          13768253221
        ],
        "node_ids": [
          2847949514,
          2847949515,
          2847949516,
          13768253221
        ],
        "tags": {
          "local:boundary_refs": "r13626194",
          "local:boundary_zone": "core"
        },
        "elevations_m": [
          1679.0,
          1676.0,
          1673.0,
          1668.0
        ]
      },
      "geometry": {
        "type": "LineString",
        "coordinates": [
          [
            36.8272,
            -1.229817
          ],
          [
            36.827353,
            -1.229751
          ],
          [
            36.827452,
            -1.229649
          ],
          [
            36.827647,
            -1.229583
          ]
        ]
      }
    },
    {
      "type": "Feature",
      "properties": {
        "contig_id": 296,
        "length_m": 320.917,
        "segment_count": 10,
        "way_names": [],
        "way_ids": [
          280734650
        ],
        "endpoint_node_ids": [
          2847949514,
          2847949726
        ],
        "node_ids": [
          2847949514,
          2847949715,
          2847949716,
          2847949718,
          2847949720,
          2847949721,
          2847949722,
          2847949723,
          2847949724,
          2847949725,
          2847949726
        ],
        "tags": {
          "local:boundary_refs": "r13626194",
          "local:boundary_zone": "core"
        },
        "elevations_m": [
          1679.0,
          1680.0,
          1681.0,
          1682.0,
          1680.0,
          1679.0,
          1679.0,
          1678.0,
          1678.0,
          1680.0,
          1680.0
        ]
      },
      "geometry": {
        "type": "LineString",
        "coordinates": [
          [
            36.8272,
            -1.229817
          ],
          [
            36.827074,
            -1.229797
          ],
          [
            36.826909,
            -1.229724
          ],
          [
            36.826563,
            -1.22954
          ],
          [
            36.826347,
            -1.229412
          ],
          [
            36.825844,
            -1.229107
          ],
          [
            36.825588,
            -1.228937
          ],
          [
            36.825391,
            -1.228848
          ],
          [
            36.825161,
            -1.22873
          ],
          [
            36.824762,
            -1.228559
          ],
          [
            36.824639,
            -1.228513
          ]
        ]
      }
    },
    {
      "type": "Feature",
      "properties": {
        "contig_id": 297,
        "length_m": 45.901,
        "segment_count": 3,
        "way_names": [],
        "way_ids": [
          1068718241
        ],
        "endpoint_node_ids": [
          2847949524,
          12330726046
        ],
        "node_ids": [
          2847949524,
          12330726053,
          12330726054,
          12330726046
        ],
        "tags": {
          "local:boundary_refs": "r13626194",
          "local:boundary_zone": "core",
          "local:routing_state": "exclude"
        },
        "elevations_m": [
          1660.0,
          1660.0,
          1662.0,
          1662.0
        ]
      },
      "geometry": {
        "type": "LineString",
        "coordinates": [
          [
            36.828233,
            -1.228718
          ],
          [
            36.82824,
            -1.228661
          ],
          [
            36.828429,
            -1.22849
          ],
          [
            36.82852,
            -1.228446
          ]
        ]
      }
    },
    {
      "type": "Feature",
      "properties": {
        "contig_id": 298,
        "length_m": 20.113,
        "segment_count": 3,
        "way_names": [
          "Tara Path"
        ],
        "way_ids": [
          142777586,
          1332841838,
          1332841839
        ],
        "endpoint_node_ids": [
          2847949524,
          12330717255
        ],
        "node_ids": [
          2847949524,
          12330726060,
          2847949523,
          12330717255
        ],
        "tags": {
          "local:boundary_refs": "r13626194",
          "local:boundary_zone": "core"
        },
        "elevations_m": [
          1660.0,
          1660.0,
          1659.0,
          1659.0
        ]
      },
      "geometry": {
        "type": "LineString",
        "coordinates": [
          [
            36.828233,
            -1.228718
          ],
          [
            36.828266,
            -1.228751
          ],
          [
            36.828306,
            -1.228814
          ],
          [
            36.828334,
            -1.228867
          ]
        ]
      }
    },
    {
      "type": "Feature",
      "properties": {
        "contig_id": 299,
        "length_m": 94.23,
        "segment_count": 2,
        "way_names": [],
        "way_ids": [
          1504644453
        ],
        "endpoint_node_ids": [
          2847949545,
          12330726051
        ],
        "node_ids": [
          2847949545,
          13768240204,
          12330726051
        ],
        "tags": {
          "local:boundary_refs": "r13626194",
          "local:boundary_zone": "core"
        },
        "elevations_m": [
          1685.0,
          1681.0,
          1679.0
        ]
      },
      "geometry": {
        "type": "LineString",
        "coordinates": [
          [
            36.829076,
            -1.226947
          ],
          [
            36.828966,
            -1.227199
          ],
          [
            36.82844,
            -1.227424
          ]
        ]
      }
    },
    {
      "type": "Feature",
      "properties": {
        "contig_id": 300,
        "length_m": 975.091,
        "segment_count": 8,
        "way_names": [],
        "way_ids": [
          280734650
        ],
        "endpoint_node_ids": [
          2847949713,
          13768011707
        ],
        "node_ids": [
          2847949713,
          2847949794,
          2847949763,
          9923907713,
          9923907712,
          9923907711,
          2847949757,
          2847949753,
          13768011707
        ],
        "tags": {
          "local:boundary_refs": "r13626194",
          "local:boundary_zone": "core"
        },
        "elevations_m": [
          1687.0,
          1707.0,
          1705.0,
          1705.0,
          1704.0,
          1701.0,
          1702.0,
          1698.0,
          1695.0
        ]
      },
      "geometry": {
        "type": "LineString",
        "coordinates": [
          [
            36.81957,
            -1.230029
          ],
          [
            36.81783,
            -1.228531
          ],
          [
            36.817286,
            -1.225188
          ],
          [
            36.817309,
            -1.224773
          ],
          [
            36.817427,
            -1.224502
          ],
          [
            36.817635,
            -1.224425
          ],
          [
            36.81814,
            -1.224681
          ],
          [
            36.818627,
            -1.224925
          ],
          [
            36.819501,
            -1.225495
          ]
        ]
      }
    },
    {
      "type": "Feature",
      "properties": {
        "contig_id": 301,
        "length_m": 154.714,
        "segment_count": 1,
        "way_names": [],
        "way_ids": [
          280734651
        ],
        "endpoint_node_ids": [
          2847949713,
          2847949913
        ],
        "node_ids": [
          2847949713,
          2847949913
        ],
        "tags": {
          "local:boundary_refs": "r13626194",
          "local:boundary_zone": "core"
        },
        "elevations_m": [
          1687.0,
          1690.0
        ]
      },
      "geometry": {
        "type": "LineString",
        "coordinates": [
          [
            36.81957,
            -1.230029
          ],
          [
            36.820543,
            -1.229034
          ]
        ]
      }
    },
    {
      "type": "Feature",
      "properties": {
        "contig_id": 302,
        "length_m": 269.486,
        "segment_count": 20,
        "way_names": [],
        "way_ids": [
          1082822652
        ],
        "endpoint_node_ids": [
          2847949713,
          9189127987
        ],
        "node_ids": [
          2847949713,
          9923873796,
          9923873797,
          9923873798,
          9923873799,
          9923873800,
          9923873801,
          9923873802,
          9923873803,
          9923873804,
          9923873805,
          9923873806,
          9923873807,
          9923873808,
          9923873809,
          9923873810,
          9923873811,
          9923873812,
          9923873813,
          9923873814,
          9189127987
        ],
        "tags": {
          "local:boundary_refs": "r13626194",
          "local:boundary_zone": "core"
        },
        "elevations_m": [
          1687.0,
          1687.0,
          1686.0,
          1684.0,
          1683.0,
          1681.0,
          1677.0,
          1674.0,
          1675.0,
          1678.0,
          1680.0,
          1680.0,
          1679.0,
          1678.0,
          1678.0,
          1677.0,
          1677.0,
          1677.0,
          1678.0,
          1678.0,
          1678.0
        ]
      },
      "geometry": {
        "type": "LineString",
        "coordinates": [
          [
            36.81957,
            -1.230029
          ],
          [
            36.819549,
            -1.230034
          ],
          [
            36.819562,
            -1.230069
          ],
          [
            36.819651,
            -1.230154
          ],
          [
            36.819774,
            -1.230227
          ],
          [
            36.819907,
            -1.230355
          ],
          [
            36.8202,
            -1.230614
          ],
          [
            36.820348,
            -1.230757
          ],
          [
            36.820415,
            -1.230761
          ],
          [
            36.820551,
            -1.230692
          ],
          [
            36.820641,
            -1.230622
          ],
          [
            36.820755,
            -1.23056
          ],
          [
            36.820855,
            -1.230569
          ],
          [
            36.820967,
            -1.23065
          ],
          [
            36.820996,
            -1.230739
          ],
          [
            36.820959,
            -1.230829
          ],
          [
            36.820884,
            -1.230896
          ],
          [
            36.820839,
            -1.230929
          ],
          [
            36.820806,
            -1.231029
          ],
          [
            36.820815,
            -1.231121
          ],
          [
            36.820852,
            -1.231181
          ]
        ]
      }
    },
    {
      "type": "Feature",
      "properties": {
        "contig_id": 303,
        "length_m": 304.251,
        "segment_count": 14,
        "way_names": [],
        "way_ids": [
          280734650
        ],
        "endpoint_node_ids": [
          2847949714,
          2847949726
        ],
        "node_ids": [
          2847949714,
          2847949738,
          2847949737,
          2847949736,
          2847949735,
          2847949734,
          2847949733,
          2847949732,
          2847949706,
          2847949731,
          2847949730,
          2847949729,
          2847949728,
          2847949727,
          2847949726
        ],
        "tags": {
          "local:boundary_refs": "r13626194",
          "local:boundary_zone": "core"
        },
        "elevations_m": [
          1690.0,
          1690.0,
          1690.0,
          1690.0,
          1690.0,
          1684.0,
          1680.0,
          1676.0,
          1675.0,
          1676.0,
          1679.0,
          1679.0,
          1679.0,
          1679.0,
          1680.0
        ]
      },
      "geometry": {
        "type": "LineString",
        "coordinates": [
          [
            36.822242,
            -1.227283
          ],
          [
            36.822445,
            -1.227348
          ],
          [
            36.822595,
            -1.227447
          ],
          [
            36.822726,
            -1.227507
          ],
          [
            36.82287,
            -1.227611
          ],
          [
            36.823249,
            -1.227819
          ],
          [
            36.823382,
            -1.227875
          ],
          [
            36.82355,
            -1.227966
          ],
          [
            36.823677,
            -1.228012
          ],
          [
            36.823903,
            -1.2281
          ],
          [
            36.824109,
            -1.228149
          ],
          [
            36.824276,
            -1.228191
          ],
          [
            36.824408,
            -1.228263
          ],
          [
            36.824508,
            -1.228345
          ],
          [
            36.824639,
            -1.228513
          ]
        ]
      }
    },
    {
      "type": "Feature",
      "properties": {
        "contig_id": 304,
        "length_m": 271.24,
        "segment_count": 1,
        "way_names": [],
        "way_ids": [
          280734651
        ],
        "endpoint_node_ids": [
          2847949714,
          2847949913
        ],
        "node_ids": [
          2847949714,
          2847949913
        ],
        "tags": {
          "local:boundary_refs": "r13626194",
          "local:boundary_zone": "core"
        },
        "elevations_m": [
          1690.0,
          1690.0
        ]
      },
      "geometry": {
        "type": "LineString",
        "coordinates": [
          [
            36.822242,
            -1.227283
          ],
          [
            36.820543,
            -1.229034
          ]
        ]
      }
    },
    {
      "type": "Feature",
      "properties": {
        "contig_id": 305,
        "length_m": 221.366,
        "segment_count": 8,
        "way_names": [],
        "way_ids": [
          1213220384
        ],
        "endpoint_node_ids": [
          2847949714,
          11240465997
        ],
        "node_ids": [
          2847949714,
          11240465990,
          11240465991,
          11240465992,
          11240465993,
          11240465994,
          11240465995,
          11240465996,
          11240465997
        ],
        "tags": {
          "local:boundary_refs": "r13626194",
          "local:boundary_zone": "core"
        },
        "elevations_m": [
          1690.0,
          1685.0,
          1681.0,
          1680.0,
          1681.0,
          1682.0,
          1686.0,
          1688.0,
          1688.0
        ]
      },
      "geometry": {
        "type": "LineString",
        "coordinates": [
          [
            36.822242,
            -1.227283
          ],
          [
            36.822322,
            -1.227064
          ],
          [
            36.82226,
            -1.22686
          ],
          [
            36.822208,
            -1.22679
          ],
          [
            36.822065,
            -1.226714
          ],
          [
            36.821901,
            -1.226364
          ],
          [
            36.821606,
            -1.226175
          ],
          [
            36.821413,
            -1.225856
          ],
          [
            36.821458,
            -1.225676
          ]
        ]
      }
    },
    {
      "type": "Feature",
      "properties": {
        "contig_id": 306,
        "length_m": 363.794,
        "segment_count": 1,
        "way_names": [],
        "way_ids": [
          280734650
        ],
        "endpoint_node_ids": [
          2847949714,
          13768011707
        ],
        "node_ids": [
          2847949714,
          13768011707
        ],
        "tags": {
          "local:boundary_refs": "r13626194",
          "local:boundary_zone": "core"
        },
        "elevations_m": [
          1690.0,
          1695.0
        ]
      },
      "geometry": {
        "type": "LineString",
        "coordinates": [
          [
            36.822242,
            -1.227283
          ],
          [
            36.819501,
            -1.225495
          ]
        ]
      }
    },
    {
      "type": "Feature",
      "properties": {
        "contig_id": 307,
        "length_m": 353.197,
        "segment_count": 3,
        "way_names": [],
        "way_ids": [
          692748281
        ],
        "endpoint_node_ids": [
          2847949726,
          2847949919
        ],
        "node_ids": [
          2847949726,
          13556268410,
          6503768689,
          2847949919
        ],
        "tags": {
          "local:boundary_refs": "r13626194",
          "local:boundary_zone": "core"
        },
        "elevations_m": [
          1680.0,
          1688.0,
          1695.0,
          1684.0
        ]
      },
      "geometry": {
        "type": "LineString",
        "coordinates": [
          [
            36.824639,
            -1.228513
          ],
          [
            36.823609,
            -1.228738
          ],
          [
            36.822511,
            -1.229157
          ],
          [
            36.822133,
            -1.230026
          ]
        ]
      }
    },
    {
      "type": "Feature",
      "properties": {
        "contig_id": 308,
        "length_m": 215.577,
        "segment_count": 3,
        "way_names": [],
        "way_ids": [
          280734652
        ],
        "endpoint_node_ids": [
          2847949913,
          2847949919
        ],
        "node_ids": [
          2847949913,
          2847949918,
          13556268409,
          2847949919
        ],
        "tags": {
          "local:boundary_refs": "r13626194",
          "local:boundary_zone": "core"
        },
        "elevations_m": [
          1690.0,
          1682.0,
          1681.0,
          1684.0
        ]
      },
      "geometry": {
        "type": "LineString",
        "coordinates": [
          [
            36.820543,
            -1.229034
          ],
          [
            36.821721,
            -1.22998
          ],
          [
            36.821888,
            -1.230053
          ],
          [
            36.822133,
            -1.230026
          ]
        ]
      }
    },
    {
      "type": "Feature",
      "properties": {
        "contig_id": 309,
        "length_m": 17.387,
        "segment_count": 1,
        "way_names": [],
        "way_ids": [
          431217470
        ],
        "endpoint_node_ids": [
          4304615715,
          4803107764
        ],
        "node_ids": [
          4304615715,
          4803107764
        ],
        "tags": {
          "local:boundary_refs": "r13626194,r15417497",
          "local:boundary_zone": "buffer"
        },
        "elevations_m": [
          1691.0,
          1691.0
        ]
      },
      "geometry": {
        "type": "LineString",
        "coordinates": [
          [
            36.820371,
            -1.24209
          ],
          [
            36.820457,
            -1.242221
          ]
        ]
      }
    },
    {
      "type": "Feature",
      "properties": {
        "contig_id": 310,
        "length_m": 120.839,
        "segment_count": 4,
        "way_names": [],
        "way_ids": [
          457597907
        ],
        "endpoint_node_ids": [
          4537141151,
          13845622301
        ],
        "node_ids": [
          4537141151,
          4537141150,
          4537141149,
          4537141148,
          13845622301
        ],
        "tags": {
          "local:boundary_refs": "w24040003",
          "local:boundary_zone": "core"
        },
        "elevations_m": [
          1728.0,
          1723.0,
          1725.0,
          1726.0,
          1724.0
        ]
      },
      "geometry": {
        "type": "LineString",
        "coordinates": [
          [
            36.799589,
            -1.244514
          ],
          [
            36.799428,
            -1.244367
          ],
          [
            36.799242,
            -1.244483
          ],
          [
            36.798843,
            -1.244417
          ],
          [
            36.798633,
            -1.244288
          ]
        ]
      }
    },
    {
      "type": "Feature",
      "properties": {
        "contig_id": 311,
        "length_m": 122.889,
        "segment_count": 5,
        "way_names": [],
        "way_ids": [
          457597907
        ],
        "endpoint_node_ids": [
          4537141151,
          4537141156
        ],
        "node_ids": [
          4537141151,
          4537141152,
          4537141153,
          4537141154,
          4537141155,
          4537141156
        ],
        "tags": {
          "local:boundary_refs": "w24040003",
          "local:boundary_zone": "core"
        },
        "elevations_m": [
          1728.0,
          1728.0,
          1724.0,
          1723.0,
          1722.0,
          1721.0
        ]
      },
      "geometry": {
        "type": "LineString",
        "coordinates": [
          [
            36.799589,
            -1.244514
          ],
          [
            36.799812,
            -1.244462
          ],
          [
            36.800071,
            -1.244351
          ],
          [
            36.800267,
            -1.244336
          ],
          [
            36.800487,
            -1.244226
          ],
          [
            36.800638,
            -1.244246
          ]
        ]
      }
    },
    {
      "type": "Feature",
      "properties": {
        "contig_id": 312,
        "length_m": 127.693,
        "segment_count": 4,
        "way_names": [],
        "way_ids": [
          1516388844
        ],
        "endpoint_node_ids": [
          4537141151,
          13845622309
        ],
        "node_ids": [
          4537141151,
          13845622312,
          13845622311,
          13845622310,
          13845622309
        ],
        "tags": {
          "local:boundary_refs": "w24040003",
          "local:boundary_zone": "core"
        },
        "elevations_m": [
          1728.0,
          1727.0,
          1728.0,
          1728.0,
          1726.0
        ]
      },
      "geometry": {
        "type": "LineString",
        "coordinates": [
          [
            36.799589,
            -1.244514
          ],
          [
            36.799268,
            -1.244634
          ],
          [
            36.798857,
            -1.244679
          ],
          [
            36.798662,
            -1.244645
          ],
          [
            36.798521,
            -1.244511
          ]
        ]
      }
    },
    {
      "type": "Feature",
      "properties": {
        "contig_id": 313,
        "length_m": 89.742,
        "segment_count": 6,
        "way_names": [],
        "way_ids": [
          431217470
        ],
        "endpoint_node_ids": [
          4803107764,
          10597364823
        ],
        "node_ids": [
          4803107764,
          7361764227,
          7361764226,
          7361764225,
          7361764224,
          7361764223,
          10597364823
        ],
        "tags": {
          "local:boundary_refs": "r13626194",
          "local:boundary_zone": "core"
        },
        "elevations_m": [
          1691.0,
          1691.0,
          1692.0,
          1692.0,
          1691.0,
          1691.0,
          1691.0
        ]
      },
      "geometry": {
        "type": "LineString",
        "coordinates": [
          [
            36.820457,
            -1.242221
          ],
          [
            36.820449,
            -1.242278
          ],
          [
            36.820405,
            -1.242376
          ],
          [
            36.820361,
            -1.242504
          ],
          [
            36.820331,
            -1.242643
          ],
          [
            36.820365,
            -1.242779
          ],
          [
            36.820514,
            -1.242947
          ]
        ]
      }
    },
    {
      "type": "Feature",
      "properties": {
        "contig_id": 314,
        "length_m": 17.688,
        "segment_count": 1,
        "way_names": [],
        "way_ids": [
          1136841297
        ],
        "endpoint_node_ids": [
          4803107764,
          10597364805
        ],
        "node_ids": [
          4803107764,
          10597364805
        ],
        "tags": {
          "local:boundary_refs": "r13626194,r15417497",
          "local:boundary_zone": "buffer",
          "local:routing_state": "exclude"
        },
        "elevations_m": [
          1691.0,
          1690.0
        ]
      },
      "geometry": {
        "type": "LineString",
        "coordinates": [
          [
            36.820457,
            -1.242221
          ],
          [
            36.820468,
            -1.242062
          ]
        ]
      }
    },
    {
      "type": "Feature",
      "properties": {
        "contig_id": 315,
        "length_m": 68.921,
        "segment_count": 8,
        "way_names": [],
        "way_ids": [
          524770054
        ],
        "endpoint_node_ids": [
          5106250679,
          8559123485
        ],
        "node_ids": [
          5106250679,
          8559123478,
          8559123479,
          8559123480,
          8559123481,
          8559123484,
          8559123482,
          8559123483,
          8559123485
        ],
        "tags": {
          "local:boundary_refs": "r13626194",
          "local:boundary_zone": "buffer"
        },
        "elevations_m": [
          1609.0,
          1611.0,
          1612.0,
          1612.0,
          1612.0,
          1613.0,
          1612.0,
          1612.0,
          1612.0
        ]
      },
      "geometry": {
        "type": "LineString",
        "coordinates": [
          [
            36.85939,
            -1.24446
          ],
          [
            36.859323,
            -1.244658
          ],
          [
            36.859294,
            -1.244694
          ],
          [
            36.859253,
            -1.244722
          ],
          [
            36.859211,
            -1.244746
          ],
          [
            36.859147,
            -1.244762
          ],
          [
            36.859044,
            -1.244758
          ],
          [
            36.859001,
            -1.244764
          ],
          [
            36.858952,
            -1.244786
          ]
        ]
      }
    },
    {
      "type": "Feature",
      "properties": {
        "contig_id": 316,
        "length_m": 54.005,
        "segment_count": 2,
        "way_names": [],
        "way_ids": [
          524770054
        ],
        "endpoint_node_ids": [
          5106250680,
          8559123485
        ],
        "node_ids": [
          5106250680,
          8559123486,
          8559123485
        ],
        "tags": {
          "local:boundary_refs": "r13626194",
          "local:boundary_zone": "core"
        },
        "elevations_m": [
          1617.0,
          1617.0,
          1612.0
        ]
      },
      "geometry": {
        "type": "LineString",
        "coordinates": [
          [
            36.858556,
            -1.245067
          ],
          [
            36.858586,
            -1.245043
          ],
          [
            36.858952,
            -1.244786
          ]
        ]
      }
    },
    {
      "type": "Feature",
      "properties": {
        "contig_id": 317,
        "length_m": 25.304,
        "segment_count": 2,
        "way_names": [],
        "way_ids": [
          280717988
        ],
        "endpoint_node_ids": [
          5128670227,
          13845622381
        ],
        "node_ids": [
          5128670227,
          2847799232,
          13845622381
        ],
        "tags": {
          "local:boundary_refs": "w24040003",
          "local:boundary_zone": "core"
        },
        "elevations_m": [
          1736.0,
          1736.0,
          1735.0
        ]
      },
      "geometry": {
        "type": "LineString",
        "coordinates": [
          [
            36.795518,
            -1.240282
          ],
          [
            36.795677,
            -1.240344
          ],
          [
            36.795728,
            -1.240369
          ]
        ]
      }
    },
    {
      "type": "Feature",
      "properties": {
        "contig_id": 318,
        "length_m": 30.589,
        "segment_count": 1,
        "way_names": [],
        "way_ids": [
          755810767
        ],
        "endpoint_node_ids": [
          5128670227,
          7059335490
        ],
        "node_ids": [
          5128670227,
          7059335490
        ],
        "tags": {
          "local:boundary_refs": "w24040003",
          "local:boundary_zone": "core"
        },
        "elevations_m": [
          1736.0,
          1736.0
        ]
      },
      "geometry": {
        "type": "LineString",
        "coordinates": [
          [
            36.795518,
            -1.240282
          ],
          [
            36.795599,
            -1.240019
          ]
        ]
      }
    },
    {
      "type": "Feature",
      "properties": {
        "contig_id": 319,
        "length_m": 417.234,
        "segment_count": 2,
        "way_names": [
          "Wangari Maathai Track"
        ],
        "way_ids": [
          313840891
        ],
        "endpoint_node_ids": [
          5518868721,
          6503768696
        ],
        "node_ids": [
          5518868721,
          11951427050,
          6503768696
        ],
        "tags": {
          "local:boundary_refs": "r13626194",
          "local:boundary_zone": "core"
        },
        "elevations_m": [
          1674.0,
          1677.0,
          1672.0
        ]
      },
      "geometry": {
        "type": "LineString",
        "coordinates": [
          [
            36.833403,
            -1.235266
          ],
          [
            36.833756,
            -1.235448
          ],
          [
            36.836825,
            -1.236807
          ]
        ]
      }
    },
    {
      "type": "Feature",
      "properties": {
        "contig_id": 320,
        "length_m": 319.647,
        "segment_count": 9,
        "way_names": [
          "Family Trail"
        ],
        "way_ids": [
          60200205,
          280720869
        ],
        "endpoint_node_ids": [
          5927778335,
          9521536668
        ],
        "node_ids": [
          5927778335,
          2847824168,
          2847824167,
          747730057,
          2847945646,
          2847945645,
          2847945644,
          2847945643,
          2847945642,
          9521536668
        ],
        "tags": {
          "local:boundary_refs": "r13626194",
          "local:boundary_zone": "core"
        },
        "elevations_m": [
          1654.0,
          1654.0,
          1654.0,
          1653.0,
          1653.0,
          1653.0,
          1657.0,
          1661.0,
          1649.0,
          1646.0
        ]
      },
      "geometry": {
        "type": "LineString",
        "coordinates": [
          [
            36.833544,
            -1.247045
          ],
          [
            36.833687,
            -1.247014
          ],
          [
            36.834018,
            -1.246985
          ],
          [
            36.834155,
            -1.246945
          ],
          [
            36.83461,
            -1.247051
          ],
          [
            36.834677,
            -1.247078
          ],
          [
            36.834883,
            -1.247222
          ],
          [
            36.835222,
            -1.24743
          ],
          [
            36.83581,
            -1.247849
          ],
          [
            36.836104,
            -1.248026
          ]
        ]
      }
    },
    {
      "type": "Feature",
      "properties": {
        "contig_id": 321,
        "length_m": 65.798,
        "segment_count": 3,
        "way_names": [
          "Family Trail"
        ],
        "way_ids": [
          280720869
        ],
        "endpoint_node_ids": [
          5927778335,
          13519277170
        ],
        "node_ids": [
          5927778335,
          2847824170,
          2847824166,
          13519277170
        ],
        "tags": {
          "local:boundary_refs": "r13626194",
          "local:boundary_zone": "core"
        },
        "elevations_m": [
          1654.0,
          1653.0,
          1652.0,
          1653.0
        ]
      },
      "geometry": {
        "type": "LineString",
        "coordinates": [
          [
            36.833544,
            -1.247045
          ],
          [
            36.833248,
            -1.247052
          ],
          [
            36.833101,
            -1.247032
          ],
          [
            36.832954,
            -1.247029
          ]
        ]
      }
    },
    {
      "type": "Feature",
      "properties": {
        "contig_id": 322,
        "length_m": 26.879,
        "segment_count": 1,
        "way_names": [],
        "way_ids": [
          280720870
        ],
        "endpoint_node_ids": [
          5927778335,
          5927778336
        ],
        "node_ids": [
          5927778335,
          5927778336
        ],
        "tags": {
          "local:boundary_refs": "r13626194",
          "local:boundary_zone": "core"
        },
        "elevations_m": [
          1654.0,
          1657.0
        ]
      },
      "geometry": {
        "type": "LineString",
        "coordinates": [
          [
            36.833544,
            -1.247045
          ],
          [
            36.833711,
            -1.24687
          ]
        ]
      }
    },
    {
      "type": "Feature",
      "properties": {
        "contig_id": 323,
        "length_m": 79.038,
        "segment_count": 2,
        "way_names": [],
        "way_ids": [
          692748290
        ],
        "endpoint_node_ids": [
          5927778335,
          6503768719
        ],
        "node_ids": [
          5927778335,
          6503768720,
          6503768719
        ],
        "tags": {
          "local:boundary_refs": "r13626194",
          "local:boundary_zone": "core"
        },
        "elevations_m": [
          1654.0,
          1652.0,
          1650.0
        ]
      },
      "geometry": {
        "type": "LineString",
        "coordinates": [
          [
            36.833544,
            -1.247045
          ],
          [
            36.833398,
            -1.247216
          ],
          [
            36.832913,
            -1.247256
          ]
        ]
      }
    },
    {
      "type": "Feature",
      "properties": {
        "contig_id": 324,
        "length_m": 63.69,
        "segment_count": 4,
        "way_names": [
          "Fika Bikeshare"
        ],
        "way_ids": [
          1013539597
        ],
        "endpoint_node_ids": [
          6159312406,
          13769374299
        ],
        "node_ids": [
          6159312406,
          2847824296,
          2847824297,
          2847824298,
          13769374299
        ],
        "tags": {
          "local:boundary_refs": "r13626194",
          "local:boundary_zone": "core"
        },
        "elevations_m": [
          1669.0,
          1669.0,
          1670.0,
          1672.0,
          1673.0
        ]
      },
      "geometry": {
        "type": "LineString",
        "coordinates": [
          [
            36.843909,
            -1.239855
          ],
          [
            36.843907,
            -1.239722
          ],
          [
            36.843909,
            -1.239578
          ],
          [
            36.843871,
            -1.239402
          ],
          [
            36.843863,
            -1.239287
          ]
        ]
      }
    },
    {
      "type": "Feature",
      "properties": {
        "contig_id": 325,
        "length_m": 15.078,
        "segment_count": 1,
        "way_names": [
          "Wangari Maathai Trail"
        ],
        "way_ids": [
          692748275
        ],
        "endpoint_node_ids": [
          6159312406,
          13769374300
        ],
        "node_ids": [
          6159312406,
          13769374300
        ],
        "tags": {
          "local:boundary_refs": "r13626194",
          "local:boundary_zone": "core"
        },
        "elevations_m": [
          1669.0,
          1669.0
        ]
      },
      "geometry": {
        "type": "LineString",
        "coordinates": [
          [
            36.843909,
            -1.239855
          ],
          [
            36.843784,
            -1.239803
          ]
        ]
      }
    },
    {
      "type": "Feature",
      "properties": {
        "contig_id": 326,
        "length_m": 271.663,
        "segment_count": 6,
        "way_names": [
          "Lake Trail",
          "Pipeline Path"
        ],
        "way_ids": [
          196510851,
          280720865
        ],
        "endpoint_node_ids": [
          6164312038,
          6503768721
        ],
        "node_ids": [
          6164312038,
          747730112,
          13776055919,
          10597364826,
          10597364825,
          10597364824,
          6503768721
        ],
        "tags": {
          "local:boundary_refs": "r13626194",
          "local:boundary_zone": "core"
        },
        "elevations_m": [
          1693.0,
          1693.0,
          1694.0,
          1692.0,
          1690.0,
          1691.0,
          1695.0
        ]
      },
      "geometry": {
        "type": "LineString",
        "coordinates": [
          [
            36.823403,
            -1.245038
          ],
          [
            36.82331,
            -1.245007
          ],
          [
            36.822881,
            -1.244973
          ],
          [
            36.822401,
            -1.244885
          ],
          [
            36.822037,
            -1.244765
          ],
          [
            36.821495,
            -1.244543
          ],
          [
            36.821046,
            -1.244449
          ]
        ]
      }
    },
    {
      "type": "Feature",
      "properties": {
        "contig_id": 327,
        "length_m": 58.842,
        "segment_count": 1,
        "way_names": [],
        "way_ids": [
          692748291
        ],
        "endpoint_node_ids": [
          6164312038,
          6503768722
        ],
        "node_ids": [
          6164312038,
          6503768722
        ],
        "tags": {
          "local:boundary_refs": "r13626194",
          "local:boundary_zone": "core"
        },
        "elevations_m": [
          1693.0,
          1690.0
        ]
      },
      "geometry": {
        "type": "LineString",
        "coordinates": [
          [
            36.823403,
            -1.245038
          ],
          [
            36.823524,
            -1.244523
          ]
        ]
      }
    },
    {
      "type": "Feature",
      "properties": {
        "contig_id": 328,
        "length_m": 62.371,
        "segment_count": 1,
        "way_names": [],
        "way_ids": [
          1504672085
        ],
        "endpoint_node_ids": [
          6164312038,
          13768348482
        ],
        "node_ids": [
          6164312038,
          13768348482
        ],
        "tags": {
          "local:boundary_refs": "r13626194",
          "local:boundary_zone": "core"
        },
        "elevations_m": [
          1693.0,
          1694.0
        ]
      },
      "geometry": {
        "type": "LineString",
        "coordinates": [
          [
            36.823403,
            -1.245038
          ],
          [
            36.823284,
            -1.245586
          ]
        ]
      }
    },
    {
      "type": "Feature",
      "properties": {
        "contig_id": 329,
        "length_m": 8.658,
        "segment_count": 1,
        "way_names": [],
        "way_ids": [
          990222612
        ],
        "endpoint_node_ids": [
          6351598655,
          6351733415
        ],
        "node_ids": [
          6351598655,
          6351733415
        ],
        "tags": {
          "local:boundary_refs": "w24040003",
          "local:boundary_zone": "buffer"
        },
        "elevations_m": [
          1735.0,
          1734.0
        ]
      },
      "geometry": {
        "type": "LineString",
        "coordinates": [
          [
            36.796724,
            -1.237558
          ],
          [
            36.796791,
            -1.237598
          ]
        ]
      }
    },
    {
      "type": "Feature",
      "properties": {
        "contig_id": 330,
        "length_m": 140.412,
        "segment_count": 4,
        "way_names": [
          "Limuru Road"
        ],
        "way_ids": [
          40315869
        ],
        "endpoint_node_ids": [
          6366642358,
          8519953643
        ],
        "node_ids": [
          6366642358,
          2026570587,
          2026570504,
          6366642357,
          8519953643
        ],
        "tags": {
          "local:boundary_refs": "r13626194,w24040003",
          "local:boundary_zone": "buffer"
        },
        "elevations_m": [
          1675.0,
          1674.0,
          1671.0,
          1676.0,
          1677.0
        ]
      },
      "geometry": {
        "type": "LineString",
        "coordinates": [
          [
            36.816981,
            -1.248657
          ],
          [
            36.81723,
            -1.248678
          ],
          [
            36.817492,
            -1.248708
          ],
          [
            36.817931,
            -1.248815
          ],
          [
            36.818208,
            -1.248924
          ]
        ]
      }
    },
    {
      "type": "Feature",
      "properties": {
        "contig_id": 331,
        "length_m": 77.99,
        "segment_count": 2,
        "way_names": [
          "Limuru Road"
        ],
        "way_ids": [
          40315869
        ],
        "endpoint_node_ids": [
          6366642364,
          6950727289
        ],
        "node_ids": [
          6366642364,
          6366642365,
          6950727289
        ],
        "tags": {
          "local:boundary_refs": "w24040003",
          "local:boundary_zone": "core"
        },
        "elevations_m": [
          1664.0,
          1666.0,
          1666.0
        ]
      },
      "geometry": {
        "type": "LineString",
        "coordinates": [
          [
            36.815783,
            -1.247227
          ],
          [
            36.815556,
            -1.246665
          ],
          [
            36.815523,
            -1.246576
          ]
        ]
      }
    },
    {
      "type": "Feature",
      "properties": {
        "contig_id": 332,
        "length_m": 49.958,
        "segment_count": 1,
        "way_names": [
          "Limuru Road"
        ],
        "way_ids": [
          40315869
        ],
        "endpoint_node_ids": [
          6366642364,
          6893811241
        ],
        "node_ids": [
          6366642364,
          6893811241
        ],
        "tags": {
          "local:boundary_refs": "w24040003",
          "local:boundary_zone": "core"
        },
        "elevations_m": [
          1664.0,
          1664.0
        ]
      },
      "geometry": {
        "type": "LineString",
        "coordinates": [
          [
            36.815783,
            -1.247227
          ],
          [
            36.815934,
            -1.24765
          ]
        ]
      }
    },
    {
      "type": "Feature",
      "properties": {
        "contig_id": 333,
        "length_m": 136.816,
        "segment_count": 5,
        "way_names": [
          "Limuru Road"
        ],
        "way_ids": [
          40315869
        ],
        "endpoint_node_ids": [
          6366642368,
          6366642371
        ],
        "node_ids": [
          6366642368,
          2026570524,
          6366642370,
          6366642369,
          2026570575,
          6366642371
        ],
        "tags": {
          "local:boundary_refs": "r13626194,w24040003",
          "local:boundary_zone": "buffer"
        },
        "elevations_m": [
          1667.0,
          1669.0,
          1674.0,
          1675.0,
          1677.0,
          1678.0
        ]
      },
      "geometry": {
        "type": "LineString",
        "coordinates": [
          [
            36.814825,
            -1.244809
          ],
          [
            36.814668,
            -1.244567
          ],
          [
            36.814331,
            -1.244182
          ],
          [
            36.814223,
            -1.244065
          ],
          [
            36.814142,
            -1.243953
          ],
          [
            36.814064,
            -1.243845
          ]
        ]
      }
    },
    {
      "type": "Feature",
      "properties": {
        "contig_id": 334,
        "length_m": 211.709,
        "segment_count": 3,
        "way_names": [
          "Limuru Road"
        ],
        "way_ids": [
          40315869
        ],
        "endpoint_node_ids": [
          6366642368,
          6950727289
        ],
        "node_ids": [
          6366642368,
          6366642367,
          6366642366,
          6950727289
        ],
        "tags": {
          "local:boundary_refs": "w24040003",
          "local:boundary_zone": "core"
        },
        "elevations_m": [
          1667.0,
          1665.0,
          1662.0,
          1666.0
        ]
      },
      "geometry": {
        "type": "LineString",
        "coordinates": [
          [
            36.814825,
            -1.244809
          ],
          [
            36.814998,
            -1.24511
          ],
          [
            36.815367,
            -1.246147
          ],
          [
            36.815523,
            -1.246576
          ]
        ]
      }
    },
    {
      "type": "Feature",
      "properties": {
        "contig_id": 335,
        "length_m": 341.804,
        "segment_count": 5,
        "way_names": [
          "Kiambu Road"
        ],
        "way_ids": [
          643633767
        ],
        "endpoint_node_ids": [
          6369379402,
          6369379403
        ],
        "node_ids": [
          6369379402,
          6608828392,
          260566271,
          260566270,
          260566269,
          6369379403
        ],
        "tags": {
          "local:boundary_refs": "r13626194",
          "local:boundary_zone": "buffer",
          "local:routing_state": "exclude"
        },
        "elevations_m": [
          1652.0,
          1649.0,
          1646.0,
          1640.0,
          1634.0,
          1635.0
        ]
      },
      "geometry": {
        "type": "LineString",
        "coordinates": [
          [
            36.844572,
            -1.243715
          ],
          [
            36.844662,
            -1.244036
          ],
          [
            36.844782,
            -1.244367
          ],
          [
            36.845049,
            -1.244919
          ],
          [
            36.845595,
            -1.246074
          ],
          [
            36.845816,
            -1.24652
          ]
        ]
      }
    },
    {
      "type": "Feature",
      "properties": {
        "contig_id": 336,
        "length_m": 329.283,
        "segment_count": 9,
        "way_names": [
          "Kiambu Road"
        ],
        "way_ids": [
          643633767
        ],
        "endpoint_node_ids": [
          6369379403,
          6369379405
        ],
        "node_ids": [
          6369379403,
          260566268,
          260566267,
          260566266,
          6608828393,
          260566265,
          260566264,
          6369379404,
          260566263,
          6369379405
        ],
        "tags": {
          "local:boundary_refs": "r13626194",
          "local:boundary_zone": "core",
          "local:routing_state": "exclude"
        },
        "elevations_m": [
          1635.0,
          1637.0,
          1641.0,
          1644.0,
          1645.0,
          1647.0,
          1650.0,
          1651.0,
          1653.0,
          1654.0
        ]
      },
      "geometry": {
        "type": "LineString",
        "coordinates": [
          [
            36.845816,
            -1.24652
          ],
          [
            36.846047,
            -1.246886
          ],
          [
            36.846291,
            -1.2472
          ],
          [
            36.846739,
            -1.247662
          ],
          [
            36.846885,
            -1.247818
          ],
          [
            36.847023,
            -1.248033
          ],
          [
            36.847131,
            -1.248315
          ],
          [
            36.84719,
            -1.248587
          ],
          [
            36.847192,
            -1.248809
          ],
          [
            36.847174,
            -1.249025
          ]
        ]
      }
    },
    {
      "type": "Feature",
      "properties": {
        "contig_id": 337,
        "length_m": 230.213,
        "segment_count": 5,
        "way_names": [
          "Kiambu Road"
        ],
        "way_ids": [
          643633767
        ],
        "endpoint_node_ids": [
          6369379405,
          6369379443
        ],
        "node_ids": [
          6369379405,
          260566262,
          260566261,
          1481622467,
          8527118196,
          6369379443
        ],
        "tags": {
          "local:boundary_refs": "r13626194",
          "local:boundary_zone": "buffer",
          "local:routing_state": "exclude"
        },
        "elevations_m": [
          1654.0,
          1655.0,
          1654.0,
          1655.0,
          1655.0,
          1653.0
        ]
      },
      "geometry": {
        "type": "LineString",
        "coordinates": [
          [
            36.847174,
            -1.249025
          ],
          [
            36.847138,
            -1.249171
          ],
          [
            36.846994,
            -1.249499
          ],
          [
            36.846799,
            -1.249879
          ],
          [
            36.846589,
            -1.250266
          ],
          [
            36.846279,
            -1.250887
          ]
        ]
      }
    },
    {
      "type": "Feature",
      "properties": {
        "contig_id": 338,
        "length_m": 7.385,
        "segment_count": 1,
        "way_names": [
          "Family Trail"
        ],
        "way_ids": [
          680252127
        ],
        "endpoint_node_ids": [
          6369379427,
          6369379440
        ],
        "node_ids": [
          6369379427,
          6369379440
        ],
        "tags": {
          "local:boundary_refs": "r13626194",
          "local:boundary_zone": "core"
        },
        "elevations_m": [
          1657.0,
          1657.0
        ]
      },
      "geometry": {
        "type": "LineString",
        "coordinates": [
          [
            36.845111,
            -1.249837
          ],
          [
            36.845065,
            -1.249789
          ]
        ]
      }
    },
    {
      "type": "Feature",
      "properties": {
        "contig_id": 339,
        "length_m": 66.496,
        "segment_count": 1,
        "way_names": [
          "Family Trail"
        ],
        "way_ids": [
          680252127
        ],
        "endpoint_node_ids": [
          6369379427,
          6369379445
        ],
        "node_ids": [
          6369379427,
          6369379445
        ],
        "tags": {
          "local:boundary_refs": "r13626194",
          "local:boundary_zone": "buffer"
        },
        "elevations_m": [
          1657.0,
          1653.0
        ]
      },
      "geometry": {
        "type": "LineString",
        "coordinates": [
          [
            36.845111,
            -1.249837
          ],
          [
            36.845433,
            -1.250341
          ]
        ]
      }
    },
    {
      "type": "Feature",
      "properties": {
        "contig_id": 340,
        "length_m": 76.821,
        "segment_count": 6,
        "way_names": [
          "Family Trail"
        ],
        "way_ids": [
          680252127
        ],
        "endpoint_node_ids": [
          6369379428,
          6369379433
        ],
        "node_ids": [
          6369379428,
          6369379436,
          6369379429,
          6369379435,
          6369379434,
          6369379431,
          6369379433
        ],
        "tags": {
          "local:boundary_refs": "r13626194",
          "local:boundary_zone": "buffer"
        },
        "elevations_m": [
          1651.0,
          1651.0,
          1651.0,
          1651.0,
          1651.0,
          1652.0,
          1653.0
        ]
      },
      "geometry": {
        "type": "LineString",
        "coordinates": [
          [
            36.843448,
            -1.247996
          ],
          [
            36.84341,
            -1.247957
          ],
          [
            36.843392,
            -1.247945
          ],
          [
            36.843223,
            -1.247869
          ],
          [
            36.843024,
            -1.247721
          ],
          [
            36.842925,
            -1.247645
          ],
          [
            36.842869,
            -1.247638
          ]
        ]
      }
    },
    {
      "type": "Feature",
      "properties": {
        "contig_id": 341,
        "length_m": 268.705,
        "segment_count": 5,
        "way_names": [
          "Family Trail"
        ],
        "way_ids": [
          680252127
        ],
        "endpoint_node_ids": [
          6369379428,
          6369379440
        ],
        "node_ids": [
          6369379428,
          6369379437,
          8527118164,
          6369379438,
          6369379439,
          6369379440
        ],
        "tags": {
          "local:boundary_refs": "r13626194",
          "local:boundary_zone": "buffer"
        },
        "elevations_m": [
          1651.0,
          1652.0,
          1652.0,
          1653.0,
          1657.0,
          1657.0
        ]
      },
      "geometry": {
        "type": "LineString",
        "coordinates": [
          [
            36.843448,
            -1.247996
          ],
          [
            36.843569,
            -1.248145
          ],
          [
            36.843804,
            -1.248421
          ],
          [
            36.84412,
            -1.248783
          ],
          [
            36.844577,
            -1.249317
          ],
          [
            36.845065,
            -1.249789
          ]
        ]
      }
    },
    {
      "type": "Feature",
      "properties": {
        "contig_id": 342,
        "length_m": 28.038,
        "segment_count": 1,
        "way_names": [],
        "way_ids": [
          918118555
        ],
        "endpoint_node_ids": [
          6369379428,
          8527118151
        ],
        "node_ids": [
          6369379428,
          8527118151
        ],
        "tags": {
          "local:boundary_refs": "r13626194",
          "local:boundary_zone": "buffer"
        },
        "elevations_m": [
          1651.0,
          1653.0
        ]
      },
      "geometry": {
        "type": "LineString",
        "coordinates": [
          [
            36.843448,
            -1.247996
          ],
          [
            36.843624,
            -1.247815
          ]
        ]
      }
    },
    {
      "type": "Feature",
      "properties": {
        "contig_id": 343,
        "length_m": 113.965,
        "segment_count": 5,
        "way_names": [
          "Family Trail"
        ],
        "way_ids": [
          680252127
        ],
        "endpoint_node_ids": [
          6369379443,
          6369379445
        ],
        "node_ids": [
          6369379443,
          6369379442,
          6369379426,
          6369379441,
          6369379444,
          6369379445
        ],
        "tags": {
          "local:boundary_refs": "r13626194",
          "local:boundary_zone": "buffer"
        },
        "elevations_m": [
          1653.0,
          1652.0,
          1651.0,
          1651.0,
          1652.0,
          1653.0
        ]
      },
      "geometry": {
        "type": "LineString",
        "coordinates": [
          [
            36.846279,
            -1.250887
          ],
          [
            36.845977,
            -1.25077
          ],
          [
            36.84583,
            -1.250701
          ],
          [
            36.845655,
            -1.250577
          ],
          [
            36.845588,
            -1.250508
          ],
          [
            36.845433,
            -1.250341
          ]
        ]
      }
    },
    {
      "type": "Feature",
      "properties": {
        "contig_id": 344,
        "length_m": 78.079,
        "segment_count": 4,
        "way_names": [],
        "way_ids": [
          918118562
        ],
        "endpoint_node_ids": [
          6369379445,
          8527118182
        ],
        "node_ids": [
          6369379445,
          8527118185,
          8527118184,
          8527118183,
          8527118182
        ],
        "tags": {
          "local:boundary_refs": "r13626194",
          "local:boundary_zone": "buffer"
        },
        "elevations_m": [
          1653.0,
          1652.0,
          1652.0,
          1653.0,
          1654.0
        ]
      },
      "geometry": {
        "type": "LineString",
        "coordinates": [
          [
            36.845433,
            -1.250341
          ],
          [
            36.845197,
            -1.25025
          ],
          [
            36.845135,
            -1.250218
          ],
          [
            36.845068,
            -1.250175
          ],
          [
            36.84482,
            -1.250006
          ]
        ]
      }
    },
    {
      "type": "Feature",
      "properties": {
        "contig_id": 345,
        "length_m": 3.886,
        "segment_count": 1,
        "way_names": [],
        "way_ids": [
          1421599727
        ],
        "endpoint_node_ids": [
          6503767379,
          6503767383
        ],
        "node_ids": [
          6503767379,
          6503767383
        ],
        "tags": {
          "local:boundary_refs": "r15417497",
          "local:boundary_zone": "core"
        },
        "elevations_m": [
          1691.0,
          1691.0
        ]
      },
      "geometry": {
        "type": "LineString",
        "coordinates": [
          [
            36.818294,
            -1.240352
          ],
          [
            36.818283,
            -1.240385
          ]
        ]
      }
    },
    {
      "type": "Feature",
      "properties": {
        "contig_id": 346,
        "length_m": 12.867,
        "segment_count": 1,
        "way_names": [],
        "way_ids": [
          1421599727
        ],
        "endpoint_node_ids": [
          6503767383,
          13064001313
        ],
        "node_ids": [
          6503767383,
          13064001313
        ],
        "tags": {
          "local:boundary_refs": "r15417497",
          "local:boundary_zone": "core"
        },
        "elevations_m": [
          1691.0,
          1690.0
        ]
      },
      "geometry": {
        "type": "LineString",
        "coordinates": [
          [
            36.818283,
            -1.240385
          ],
          [
            36.818278,
            -1.240501
          ]
        ]
      }
    },
    {
      "type": "Feature",
      "properties": {
        "contig_id": 347,
        "length_m": 1259.956,
        "segment_count": 41,
        "way_names": [
          "Muhuga Trail"
        ],
        "way_ids": [
          280720874
        ],
        "endpoint_node_ids": [
          6503768690,
          6503768695
        ],
        "node_ids": [
          6503768690,
          2847824425,
          2847824424,
          2847824358,
          2847824423,
          2847824422,
          2847824421,
          2847824420,
          2847824419,
          2847824418,
          2847824417,
          2847824416,
          2847824357,
          2847824415,
          2847824414,
          2847824413,
          2847824412,
          2847824411,
          2847824409,
          2847824408,
          2847824356,
          2847824407,
          2847824406,
          2847824405,
          2847824404,
          2847824403,
          2847824402,
          2847824401,
          2847824400,
          2847824399,
          2847824398,
          2847824355,
          2847824397,
          2847824396,
          2847824395,
          2847824394,
          2847824354,
          2847824393,
          2847824392,
          2847824391,
          2847824390,
          6503768695
        ],
        "tags": {
          "local:boundary_refs": "r13626194",
          "local:boundary_zone": "core"
        },
        "elevations_m": [
          1674.0,
          1673.0,
          1674.0,
          1675.0,
          1674.0,
          1674.0,
          1675.0,
          1675.0,
          1673.0,
          1674.0,
          1674.0,
          1674.0,
          1673.0,
          1670.0,
          1669.0,
          1666.0,
          1665.0,
          1665.0,
          1665.0,
          1664.0,
          1664.0,
          1664.0,
          1665.0,
          1668.0,
          1667.0,
          1667.0,
          1667.0,
          1666.0,
          1666.0,
          1666.0,
          1667.0,
          1667.0,
          1665.0,
          1663.0,
          1660.0,
          1658.0,
          1657.0,
          1657.0,
          1657.0,
          1659.0,
          1659.0,
          1659.0
        ]
      },
      "geometry": {
        "type": "LineString",
        "coordinates": [
          [
            36.828564,
            -1.229803
          ],
          [
            36.828924,
            -1.229772
          ],
          [
            36.829249,
            -1.229772
          ],
          [
            36.829393,
            -1.229788
          ],
          [
            36.829674,
            -1.229853
          ],
          [
            36.829808,
            -1.229907
          ],
          [
            36.829998,
            -1.23001
          ],
          [
            36.830129,
            -1.230128
          ],
          [
            36.830427,
            -1.230331
          ],
          [
            36.830502,
            -1.230409
          ],
          [
            36.830683,
            -1.230525
          ],
          [
            36.83087,
            -1.230695
          ],
          [
            36.831079,
            -1.230987
          ],
          [
            36.831253,
            -1.231419
          ],
          [
            36.831355,
            -1.23161
          ],
          [
            36.83176,
            -1.232158
          ],
          [
            36.831899,
            -1.232274
          ],
          [
            36.832075,
            -1.232452
          ],
          [
            36.832188,
            -1.232533
          ],
          [
            36.832427,
            -1.232692
          ],
          [
            36.832652,
            -1.232871
          ],
          [
            36.832967,
            -1.233215
          ],
          [
            36.83305,
            -1.233332
          ],
          [
            36.833308,
            -1.233632
          ],
          [
            36.833598,
            -1.233901
          ],
          [
            36.833779,
            -1.23402
          ],
          [
            36.834004,
            -1.234133
          ],
          [
            36.834208,
            -1.234282
          ],
          [
            36.834338,
            -1.234339
          ],
          [
            36.834371,
            -1.234401
          ],
          [
            36.834626,
            -1.234536
          ],
          [
            36.834792,
            -1.234606
          ],
          [
            36.835571,
            -1.234752
          ],
          [
            36.835819,
            -1.234771
          ],
          [
            36.83606,
            -1.234835
          ],
          [
            36.836698,
            -1.234954
          ],
          [
            36.837003,
            -1.235064
          ],
          [
            36.837155,
            -1.235156
          ],
          [
            36.837292,
            -1.235202
          ],
          [
            36.83743,
            -1.235318
          ],
          [
            36.837495,
            -1.235348
          ],
          [
            36.837666,
            -1.235505
          ]
        ]
      }
    },
    {
      "type": "Feature",
      "properties": {
        "contig_id": 348,
        "length_m": 19.657,
        "segment_count": 1,
        "way_names": [],
        "way_ids": [
          692748282
        ],
        "endpoint_node_ids": [
          6503768690,
          6503768691
        ],
        "node_ids": [
          6503768690,
          6503768691
        ],
        "tags": {
          "local:boundary_refs": "r13626194",
          "local:boundary_zone": "core"
        },
        "elevations_m": [
          1674.0,
          1670.0
        ]
      },
      "geometry": {
        "type": "LineString",
        "coordinates": [
          [
            36.828564,
            -1.229803
          ],
          [
            36.828544,
            -1.229627
          ]
        ]
      }
    },
    {
      "type": "Feature",
      "properties": {
        "contig_id": 349,
        "length_m": 99.97,
        "segment_count": 4,
        "way_names": [],
        "way_ids": [
          1504644448
        ],
        "endpoint_node_ids": [
          6503768691,
          13768253221
        ],
        "node_ids": [
          6503768691,
          13768253224,
          13768253223,
          13768253222,
          13768253221
        ],
        "tags": {
          "local:boundary_refs": "r13626194",
          "local:boundary_zone": "core"
        },
        "elevations_m": [
          1670.0,
          1670.0,
          1666.0,
          1666.0,
          1668.0
        ]
      },
      "geometry": {
        "type": "LineString",
        "coordinates": [
          [
            36.828544,
            -1.229627
          ],
          [
            36.828331,
            -1.229614
          ],
          [
            36.828086,
            -1.229586
          ],
          [
            36.827869,
            -1.22959
          ],
          [
            36.827647,
            -1.229583
          ]
        ]
      }
    },
    {
      "type": "Feature",
      "properties": {
        "contig_id": 350,
        "length_m": 99.2,
        "segment_count": 1,
        "way_names": [],
        "way_ids": [
          692748283
        ],
        "endpoint_node_ids": [
          6503768695,
          13769333317
        ],
        "node_ids": [
          6503768695,
          13769333317
        ],
        "tags": {
          "local:boundary_refs": "r13626194",
          "local:boundary_zone": "core"
        },
        "elevations_m": [
          1659.0,
          1673.0
        ]
      },
      "geometry": {
        "type": "LineString",
        "coordinates": [
          [
            36.837666,
            -1.235505
          ],
          [
            36.837182,
            -1.236255
          ]
        ]
      }
    },
    {
      "type": "Feature",
      "properties": {
        "contig_id": 351,
        "length_m": 352.95,
        "segment_count": 3,
        "way_names": [
          "Wangari Maathai Track",
          "Wangari Maathai Trail"
        ],
        "way_ids": [
          313840891,
          692748275,
          692748276
        ],
        "endpoint_node_ids": [
          6503768696,
          6503768697
        ],
        "node_ids": [
          6503768696,
          6503767356,
          6503767357,
          6503768697
        ],
        "tags": {
          "local:boundary_refs": "r13626194",
          "local:boundary_zone": "core"
        },
        "elevations_m": [
          1672.0,
          1665.0,
          1663.0,
          1662.0
        ]
      },
      "geometry": {
        "type": "LineString",
        "coordinates": [
          [
            36.836825,
            -1.236807
          ],
          [
            36.839249,
            -1.237899
          ],
          [
            36.839396,
            -1.237964
          ],
          [
            36.839724,
            -1.238101
          ]
        ]
      }
    },
    {
      "type": "Feature",
      "properties": {
        "contig_id": 352,
        "length_m": 73.13,
        "segment_count": 1,
        "way_names": [],
        "way_ids": [
          692748283
        ],
        "endpoint_node_ids": [
          6503768696,
          13769333317
        ],
        "node_ids": [
          6503768696,
          13769333317
        ],
        "tags": {
          "local:boundary_refs": "r13626194",
          "local:boundary_zone": "core"
        },
        "elevations_m": [
          1672.0,
          1673.0
        ]
      },
      "geometry": {
        "type": "LineString",
        "coordinates": [
          [
            36.836825,
            -1.236807
          ],
          [
            36.837182,
            -1.236255
          ]
        ]
      }
    },
    {
      "type": "Feature",
      "properties": {
        "contig_id": 353,
        "length_m": 55.217,
        "segment_count": 1,
        "way_names": [],
        "way_ids": [
          692748284
        ],
        "endpoint_node_ids": [
          6503768697,
          13769333327
        ],
        "node_ids": [
          6503768697,
          13769333327
        ],
        "tags": {
          "local:boundary_refs": "r13626194",
          "local:boundary_zone": "core"
        },
        "elevations_m": [
          1662.0,
          1664.0
        ]
      },
      "geometry": {
        "type": "LineString",
        "coordinates": [
          [
            36.839724,
            -1.238101
          ],
          [
            36.840115,
            -1.237796
          ]
        ]
      }
    },
    {
      "type": "Feature",
      "properties": {
        "contig_id": 354,
        "length_m": 432.727,
        "segment_count": 1,
        "way_names": [
          "Wangari Maathai Trail"
        ],
        "way_ids": [
          692748275
        ],
        "endpoint_node_ids": [
          6503768697,
          13769449752
        ],
        "node_ids": [
          6503768697,
          13769449752
        ],
        "tags": {
          "local:boundary_refs": "r13626194",
          "local:boundary_zone": "core"
        },
        "elevations_m": [
          1662.0,
          1670.0
        ]
      },
      "geometry": {
        "type": "LineString",
        "coordinates": [
          [
            36.839724,
            -1.238101
          ],
          [
            36.843314,
            -1.239606
          ]
        ]
      }
    },
    {
      "type": "Feature",
      "properties": {
        "contig_id": 355,
        "length_m": 208.45,
        "segment_count": 7,
        "way_names": [],
        "way_ids": [
          692748289
        ],
        "endpoint_node_ids": [
          6503768714,
          11952184360
        ],
        "node_ids": [
          6503768714,
          11950508029,
          6503768713,
          9385562612,
          11952165171,
          11952184370,
          11952184359,
          11952184360
        ],
        "tags": {
          "local:boundary_refs": "r13626194",
          "local:boundary_zone": "core",
          "local:routing_state": "exclude"
        },
        "elevations_m": [
          1667.0,
          1663.0,
          1664.0,
          1671.0,
          1673.0,
          1672.0,
          1672.0,
          1672.0
        ]
      },
      "geometry": {
        "type": "LineString",
        "coordinates": [
          [
            36.834764,
            -1.243498
          ],
          [
            36.834522,
            -1.243471
          ],
          [
            36.834248,
            -1.243487
          ],
          [
            36.833754,
            -1.243751
          ],
          [
            36.833501,
            -1.243895
          ],
          [
            36.833262,
            -1.243999
          ],
          [
            36.833183,
            -1.244011
          ],
          [
            36.833042,
            -1.244099
          ]
        ]
      }
    },
    {
      "type": "Feature",
      "properties": {
        "contig_id": 356,
        "length_m": 384.326,
        "segment_count": 10,
        "way_names": [],
        "way_ids": [
          1504647728
        ],
        "endpoint_node_ids": [
          6503768719,
          9521536668
        ],
        "node_ids": [
          6503768719,
          13768276735,
          13768276736,
          13768276737,
          13768276738,
          13768276739,
          13768276740,
          13768276741,
          13768276742,
          13768276743,
          9521536668
        ],
        "tags": {
          "local:boundary_refs": "r13626194",
          "local:boundary_zone": "core"
        },
        "elevations_m": [
          1650.0,
          1650.0,
          1650.0,
          1652.0,
          1650.0,
          1651.0,
          1654.0,
          1648.0,
          1644.0,
          1642.0,
          1646.0
        ]
      },
      "geometry": {
        "type": "LineString",
        "coordinates": [
          [
            36.832913,
            -1.247256
          ],
          [
            36.833263,
            -1.247397
          ],
          [
            36.833603,
            -1.247337
          ],
          [
            36.834069,
            -1.247265
          ],
          [
            36.834432,
            -1.247241
          ],
          [
            36.834612,
            -1.247325
          ],
          [
            36.834958,
            -1.247564
          ],
          [
            36.835357,
            -1.247826
          ],
          [
            36.835614,
            -1.247982
          ],
          [
            36.835799,
            -1.248047
          ],
          [
            36.836104,
            -1.248026
          ]
        ]
      }
    },
    {
      "type": "Feature",
      "properties": {
        "contig_id": 357,
        "length_m": 10.574,
        "segment_count": 1,
        "way_names": [
          "Lake Trail"
        ],
        "way_ids": [
          196510851
        ],
        "endpoint_node_ids": [
          6503768721,
          13768348456
        ],
        "node_ids": [
          6503768721,
          13768348456
        ],
        "tags": {
          "local:boundary_refs": "r13626194",
          "local:boundary_zone": "core"
        },
        "elevations_m": [
          1695.0,
          1694.0
        ]
      },
      "geometry": {
        "type": "LineString",
        "coordinates": [
          [
            36.821046,
            -1.244449
          ],
          [
            36.820951,
            -1.244447
          ]
        ]
      }
    },
    {
      "type": "Feature",
      "properties": {
        "contig_id": 358,
        "length_m": 308.126,
        "segment_count": 9,
        "way_names": [],
        "way_ids": [
          1504672086
        ],
        "endpoint_node_ids": [
          6503768721,
          13768348482
        ],
        "node_ids": [
          6503768721,
          13768348484,
          13768348485,
          13768348486,
          13768348487,
          13768348488,
          13768348489,
          13768348490,
          13768348491,
          13768348482
        ],
        "tags": {
          "local:boundary_refs": "r13626194",
          "local:boundary_zone": "core"
        },
        "elevations_m": [
          1695.0,
          1696.0,
          1695.0,
          1691.0,
          1691.0,
          1691.0,
          1693.0,
          1694.0,
          1696.0,
          1694.0
        ]
      },
      "geometry": {
        "type": "LineString",
        "coordinates": [
          [
            36.821046,
            -1.244449
          ],
          [
            36.821082,
            -1.244757
          ],
          [
            36.821267,
            -1.24491
          ],
          [
            36.821785,
            -1.244979
          ],
          [
            36.821864,
            -1.245077
          ],
          [
            36.822261,
            -1.245215
          ],
          [
            36.822391,
            -1.245225
          ],
          [
            36.822488,
            -1.2454
          ],
          [
            36.82271,
            -1.245414
          ],
          [
            36.823284,
            -1.245586
          ]
        ]
      }
    },
    {
      "type": "Feature",
      "properties": {
        "contig_id": 359,
        "length_m": 88.395,
        "segment_count": 1,
        "way_names": [],
        "way_ids": [
          723312824
        ],
        "endpoint_node_ids": [
          6784413869,
          6784413870
        ],
        "node_ids": [
          6784413869,
          6784413870
        ],
        "tags": {
          "local:boundary_refs": "r13626194",
          "local:boundary_zone": "core",
          "local:routing_state": "exclude"
        },
        "elevations_m": [
          1673.0,
          1669.0
        ]
      },
      "geometry": {
        "type": "LineString",
        "coordinates": [
          [
            36.816559,
            -1.246889
          ],
          [
            36.817234,
            -1.247309
          ]
        ]
      }
    },
    {
      "type": "Feature",
      "properties": {
        "contig_id": 360,
        "length_m": 106.691,
        "segment_count": 6,
        "way_names": [
          "Limuru Road"
        ],
        "way_ids": [
          40315869
        ],
        "endpoint_node_ids": [
          6893811241,
          7687042100
        ],
        "node_ids": [
          6893811241,
          6366642359,
          12105744352,
          6366642360,
          12105744353,
          6366642361,
          7687042100
        ],
        "tags": {
          "local:boundary_refs": "w24040003",
          "local:boundary_zone": "core"
        },
        "elevations_m": [
          1664.0,
          1664.0,
          1664.0,
          1664.0,
          1667.0,
          1669.0,
          1672.0
        ]
      },
      "geometry": {
        "type": "LineString",
        "coordinates": [
          [
            36.815934,
            -1.24765
          ],
          [
            36.815976,
            -1.247715
          ],
          [
            36.816072,
            -1.247893
          ],
          [
            36.816183,
            -1.248061
          ],
          [
            36.816268,
            -1.248192
          ],
          [
            36.816396,
            -1.248302
          ],
          [
            36.816515,
            -1.248399
          ]
        ]
      }
    },
    {
      "type": "Feature",
      "properties": {
        "contig_id": 361,
        "length_m": 59.77,
        "segment_count": 3,
        "way_names": [],
        "way_ids": [
          736353610
        ],
        "endpoint_node_ids": [
          6893811241,
          6893811244
        ],
        "node_ids": [
          6893811241,
          6893811242,
          6893811243,
          6893811244
        ],
        "tags": {
          "local:boundary_refs": "w24040003",
          "local:boundary_zone": "core"
        },
        "elevations_m": [
          1664.0,
          1665.0,
          1666.0,
          1667.0
        ]
      },
      "geometry": {
        "type": "LineString",
        "coordinates": [
          [
            36.815934,
            -1.24765
          ],
          [
            36.815801,
            -1.247803
          ],
          [
            36.815663,
            -1.247881
          ],
          [
            36.815493,
            -1.247927
          ]
        ]
      }
    },
    {
      "type": "Feature",
      "properties": {
        "contig_id": 362,
        "length_m": 27.439,
        "segment_count": 1,
        "way_names": [],
        "way_ids": [
          736353610
        ],
        "endpoint_node_ids": [
          6893811244,
          6893811245
        ],
        "node_ids": [
          6893811244,
          6893811245
        ],
        "tags": {
          "local:boundary_refs": "r13626194,w24040003",
          "local:boundary_zone": "buffer"
        },
        "elevations_m": [
          1667.0,
          1666.0
        ]
      },
      "geometry": {
        "type": "LineString",
        "coordinates": [
          [
            36.815493,
            -1.247927
          ],
          [
            36.81525,
            -1.247973
          ]
        ]
      }
    },
    {
      "type": "Feature",
      "properties": {
        "contig_id": 363,
        "length_m": 138.639,
        "segment_count": 11,
        "way_names": [],
        "way_ids": [
          736353610
        ],
        "endpoint_node_ids": [
          6893811245,
          6893811256
        ],
        "node_ids": [
          6893811245,
          6893811246,
          6893811247,
          6893811248,
          6893811249,
          6893811250,
          6893811251,
          6893811252,
          6893811253,
          6893811254,
          6893811255,
          6893811256
        ],
        "tags": {
          "local:boundary_refs": "w24040003",
          "local:boundary_zone": "buffer"
        },
        "elevations_m": [
          1666.0,
          1665.0,
          1666.0,
          1666.0,
          1670.0,
          1673.0,
          1676.0,
          1678.0,
          1678.0,
          1677.0,
          1675.0,
          1672.0
        ]
      },
      "geometry": {
        "type": "LineString",
        "coordinates": [
          [
            36.81525,
            -1.247973
          ],
          [
            36.81505,
            -1.247978
          ],
          [
            36.814889,
            -1.247975
          ],
          [
            36.814799,
            -1.248026
          ],
          [
            36.814734,
            -1.248139
          ],
          [
            36.814732,
            -1.248219
          ],
          [
            36.814776,
            -1.248285
          ],
          [
            36.814852,
            -1.248323
          ],
          [
            36.814976,
            -1.248316
          ],
          [
            36.815045,
            -1.248313
          ],
          [
            36.815169,
            -1.248316
          ],
          [
            36.815254,
            -1.248286
          ]
        ]
      }
    },
    {
      "type": "Feature",
      "properties": {
        "contig_id": 364,
        "length_m": 35.336,
        "segment_count": 3,
        "way_names": [],
        "way_ids": [
          736353610
        ],
        "endpoint_node_ids": [
          6893811245,
          6893811256
        ],
        "node_ids": [
          6893811245,
          6893811258,
          6893811257,
          6893811256
        ],
        "tags": {
          "local:boundary_refs": "w24040003",
          "local:boundary_zone": "buffer"
        },
        "elevations_m": [
          1666.0,
          1667.0,
          1670.0,
          1672.0
        ]
      },
      "geometry": {
        "type": "LineString",
        "coordinates": [
          [
            36.81525,
            -1.247973
          ],
          [
            36.815272,
            -1.248067
          ],
          [
            36.815275,
            -1.248187
          ],
          [
            36.815254,
            -1.248286
          ]
        ]
      }
    },
    {
      "type": "Feature",
      "properties": {
        "contig_id": 365,
        "length_m": 21.555,
        "segment_count": 1,
        "way_names": [],
        "way_ids": [
          823366563
        ],
        "endpoint_node_ids": [
          6893811256,
          7687042096
        ],
        "node_ids": [
          6893811256,
          7687042096
        ],
        "tags": {
          "local:boundary_refs": "w24040003",
          "local:boundary_zone": "buffer"
        },
        "elevations_m": [
          1672.0,
          1672.0
        ]
      },
      "geometry": {
        "type": "LineString",
        "coordinates": [
          [
            36.815254,
            -1.248286
          ],
          [
            36.815434,
            -1.248358
          ]
        ]
      }
    },
    {
      "type": "Feature",
      "properties": {
        "contig_id": 366,
        "length_m": 148.403,
        "segment_count": 4,
        "way_names": [],
        "way_ids": [
          755810766
        ],
        "endpoint_node_ids": [
          7059335490,
          13845622380
        ],
        "node_ids": [
          7059335490,
          7059335486,
          7059335487,
          7059335488,
          13845622380
        ],
        "tags": {
          "local:boundary_refs": "w24040003",
          "local:boundary_zone": "core"
        },
        "elevations_m": [
          1736.0,
          1737.0,
          1736.0,
          1737.0,
          1736.0
        ]
      },
      "geometry": {
        "type": "LineString",
        "coordinates": [
          [
            36.795599,
            -1.240019
          ],
          [
            36.795516,
            -1.239978
          ],
          [
            36.795179,
            -1.240584
          ],
          [
            36.795443,
            -1.240729
          ],
          [
            36.795628,
            -1.240564
          ]
        ]
      }
    },
    {
      "type": "Feature",
      "properties": {
        "contig_id": 367,
        "length_m": 75.621,
        "segment_count": 2,
        "way_names": [],
        "way_ids": [
          755810766
        ],
        "endpoint_node_ids": [
          7059335490,
          13845622380
        ],
        "node_ids": [
          7059335490,
          7059335489,
          13845622380
        ],
        "tags": {
          "local:boundary_refs": "w24040003",
          "local:boundary_zone": "core"
        },
        "elevations_m": [
          1736.0,
          1735.0,
          1736.0
        ]
      },
      "geometry": {
        "type": "LineString",
        "coordinates": [
          [
            36.795599,
            -1.240019
          ],
          [
            36.795777,
            -1.240107
          ],
          [
            36.795628,
            -1.240564
          ]
        ]
      }
    },
    {
      "type": "Feature",
      "properties": {
        "contig_id": 368,
        "length_m": 31.105,
        "segment_count": 1,
        "way_names": [],
        "way_ids": [
          755810767
        ],
        "endpoint_node_ids": [
          7059335490,
          7059335491
        ],
        "node_ids": [
          7059335490,
          7059335491
        ],
        "tags": {
          "local:boundary_refs": "w24040003",
          "local:boundary_zone": "core"
        },
        "elevations_m": [
          1736.0,
          1734.0
        ]
      },
      "geometry": {
        "type": "LineString",
        "coordinates": [
          [
            36.795599,
            -1.240019
          ],
          [
            36.79577,
            -1.239798
          ]
        ]
      }
    },
    {
      "type": "Feature",
      "properties": {
        "contig_id": 369,
        "length_m": 124.641,
        "segment_count": 3,
        "way_names": [],
        "way_ids": [
          755810767
        ],
        "endpoint_node_ids": [
          7059335491,
          13845622389
        ],
        "node_ids": [
          7059335491,
          7059335492,
          7059335493,
          13845622389
        ],
        "tags": {
          "local:boundary_refs": "w24040003",
          "local:boundary_zone": "core"
        },
        "elevations_m": [
          1734.0,
          1730.0,
          1732.0,
          1736.0
        ]
      },
      "geometry": {
        "type": "LineString",
        "coordinates": [
          [
            36.79577,
            -1.239798
          ],
          [
            36.796024,
            -1.239395
          ],
          [
            36.796198,
            -1.239111
          ],
          [
            36.79638,
            -1.238857
          ]
        ]
      }
    },
    {
      "type": "Feature",
      "properties": {
        "contig_id": 370,
        "length_m": 149.476,
        "segment_count": 6,
        "way_names": [],
        "way_ids": [
          1516388850
        ],
        "endpoint_node_ids": [
          7059335491,
          13845622389
        ],
        "node_ids": [
          7059335491,
          13845622384,
          13845622385,
          13845622386,
          13845622387,
          13845622388,
          13845622389
        ],
        "tags": {
          "local:boundary_refs": "w24040003",
          "local:boundary_zone": "core"
        },
        "elevations_m": [
          1734.0,
          1733.0,
          1732.0,
          1729.0,
          1730.0,
          1732.0,
          1736.0
        ]
      },
      "geometry": {
        "type": "LineString",
        "coordinates": [
          [
            36.79577,
            -1.239798
          ],
          [
            36.795951,
            -1.23987
          ],
          [
            36.796063,
            -1.239823
          ],
          [
            36.796163,
            -1.239484
          ],
          [
            36.796243,
            -1.239246
          ],
          [
            36.796334,
            -1.239128
          ],
          [
            36.79638,
            -1.238857
          ]
        ]
      }
    },
    {
      "type": "Feature",
      "properties": {
        "contig_id": 371,
        "length_m": 224.872,
        "segment_count": 13,
        "way_names": [],
        "way_ids": [
          759386825
        ],
        "endpoint_node_ids": [
          7059361586,
          7093325693
        ],
        "node_ids": [
          7059361586,
          7093325705,
          7093325704,
          7093325703,
          7093325702,
          7093325701,
          7093325700,
          7093325699,
          7093325698,
          7093325697,
          7093325696,
          7093325695,
          7093325694,
          7093325693
        ],
        "tags": {
          "local:boundary_refs": "w24040003",
          "local:boundary_zone": "core"
        },
        "elevations_m": [
          1695.0,
          1696.0,
          1696.0,
          1697.0,
          1698.0,
          1700.0,
          1703.0,
          1705.0,
          1706.0,
          1708.0,
          1709.0,
          1708.0,
          1706.0,
          1705.0
        ]
      },
      "geometry": {
        "type": "LineString",
        "coordinates": [
          [
            36.808103,
            -1.250127
          ],
          [
            36.808153,
            -1.250223
          ],
          [
            36.808229,
            -1.250265
          ],
          [
            36.808305,
            -1.250332
          ],
          [
            36.808473,
            -1.250314
          ],
          [
            36.808528,
            -1.250422
          ],
          [
            36.808645,
            -1.250525
          ],
          [
            36.808736,
            -1.250699
          ],
          [
            36.808811,
            -1.250759
          ],
          [
            36.809063,
            -1.251034
          ],
          [
            36.809123,
            -1.251111
          ],
          [
            36.809112,
            -1.251291
          ],
          [
            36.809115,
            -1.25152
          ],
          [
            36.80912,
            -1.251627
          ]
        ]
      }
    },
    {
      "type": "Feature",
      "properties": {
        "contig_id": 372,
        "length_m": 412.757,
        "segment_count": 16,
        "way_names": [],
        "way_ids": [
          1516388860,
          1516388861
        ],
        "endpoint_node_ids": [
          7059361586,
          13845622456
        ],
        "node_ids": [
          7059361586,
          13845622441,
          13845622442,
          13845622443,
          13845622444,
          13845622445,
          13845622446,
          13845622447,
          13845622448,
          13845622449,
          13845622450,
          13845622451,
          13845622452,
          13845622453,
          13845622454,
          13845622455,
          13845622456
        ],
        "tags": {
          "local:boundary_refs": "w24040003",
          "local:boundary_zone": "core"
        },
        "elevations_m": [
          1695.0,
          1697.0,
          1696.0,
          1697.0,
          1699.0,
          1701.0,
          1704.0,
          1705.0,
          1704.0,
          1704.0,
          1705.0,
          1704.0,
          1704.0,
          1703.0,
          1701.0,
          1700.0,
          1699.0
        ]
      },
      "geometry": {
        "type": "LineString",
        "coordinates": [
          [
            36.808103,
            -1.250127
          ],
          [
            36.808001,
            -1.2504
          ],
          [
            36.807663,
            -1.250439
          ],
          [
            36.807521,
            -1.250514
          ],
          [
            36.807494,
            -1.250686
          ],
          [
            36.807319,
            -1.250866
          ],
          [
            36.807378,
            -1.251022
          ],
          [
            36.80721,
            -1.251159
          ],
          [
            36.80666,
            -1.251452
          ],
          [
            36.80644,
            -1.251629
          ],
          [
            36.806164,
            -1.25164
          ],
          [
            36.80605,
            -1.251813
          ],
          [
            36.805953,
            -1.251935
          ],
          [
            36.805961,
            -1.252021
          ],
          [
            36.806185,
            -1.251923
          ],
          [
            36.806325,
            -1.251868
          ],
          [
            36.806399,
            -1.25191
          ]
        ]
      }
    },
    {
      "type": "Feature",
      "properties": {
        "contig_id": 373,
        "length_m": 271.479,
        "segment_count": 12,
        "way_names": [],
        "way_ids": [
          759386825
        ],
        "endpoint_node_ids": [
          7093322620,
          7093322632
        ],
        "node_ids": [
          7093322620,
          7093322621,
          7093322622,
          7093322623,
          7093322624,
          7093322625,
          7093322626,
          7093322627,
          7093322628,
          7093322629,
          7093322630,
          7093322631,
          7093322632
        ],
        "tags": {
          "local:boundary_refs": "w24040003",
          "local:boundary_zone": "core"
        },
        "elevations_m": [
          1680.0,
          1681.0,
          1680.0,
          1685.0,
          1689.0,
          1694.0,
          1697.0,
          1701.0,
          1704.0,
          1710.0,
          1708.0,
          1707.0,
          1704.0
        ]
      },
      "geometry": {
        "type": "LineString",
        "coordinates": [
          [
            36.809968,
            -1.249743
          ],
          [
            36.809993,
            -1.249918
          ],
          [
            36.8097,
            -1.249807
          ],
          [
            36.809688,
            -1.250031
          ],
          [
            36.809835,
            -1.25018
          ],
          [
            36.809804,
            -1.250354
          ],
          [
            36.809849,
            -1.250518
          ],
          [
            36.809853,
            -1.250715
          ],
          [
            36.809884,
            -1.250902
          ],
          [
            36.809794,
            -1.251068
          ],
          [
            36.809874,
            -1.251307
          ],
          [
            36.80983,
            -1.251457
          ],
          [
            36.809794,
            -1.251641
          ]
        ]
      }
    },
    {
      "type": "Feature",
      "properties": {
        "contig_id": 374,
        "length_m": 141.119,
        "segment_count": 5,
        "way_names": [],
        "way_ids": [
          1516388857
        ],
        "endpoint_node_ids": [
          7093322620,
          13845622426
        ],
        "node_ids": [
          7093322620,
          13845622436,
          13845622435,
          13845622434,
          13845622433,
          13845622426
        ],
        "tags": {
          "local:boundary_refs": "w24040003",
          "local:boundary_zone": "core"
        },
        "elevations_m": [
          1680.0,
          1681.0,
          1681.0,
          1679.0,
          1681.0,
          1682.0
        ]
      },
      "geometry": {
        "type": "LineString",
        "coordinates": [
          [
            36.809968,
            -1.249743
          ],
          [
            36.809767,
            -1.249592
          ],
          [
            36.80946,
            -1.249472
          ],
          [
            36.809163,
            -1.249456
          ],
          [
            36.808961,
            -1.2493
          ],
          [
            36.808828,
            -1.249323
          ]
        ]
      }
    },
    {
      "type": "Feature",
      "properties": {
        "contig_id": 375,
        "length_m": 470.275,
        "segment_count": 29,
        "way_names": [],
        "way_ids": [
          759386825
        ],
        "endpoint_node_ids": [
          7093322632,
          13845622440
        ],
        "node_ids": [
          7093322632,
          7093322633,
          7093322634,
          7093322635,
          7093322636,
          7093322637,
          7093322638,
          7093322639,
          7093322640,
          7093322641,
          7093322642,
          7093322643,
          7093322644,
          7093322645,
          7093322646,
          7093322647,
          7093322648,
          7093322649,
          7093322650,
          7093322651,
          7093322652,
          7093322653,
          7093322654,
          7093322655,
          7093322656,
          7093322657,
          7093322658,
          7093322659,
          7093322660,
          13845622440
        ],
        "tags": {
          "local:boundary_refs": "w24040003",
          "local:boundary_zone": "core"
        },
        "elevations_m": [
          1704.0,
          1701.0,
          1700.0,
          1700.0,
          1700.0,
          1700.0,
          1700.0,
          1699.0,
          1698.0,
          1696.0,
          1694.0,
          1693.0,
          1692.0,
          1689.0,
          1689.0,
          1688.0,
          1688.0,
          1689.0,
          1689.0,
          1690.0,
          1689.0,
          1690.0,
          1691.0,
          1691.0,
          1690.0,
          1691.0,
          1692.0,
          1692.0,
          1692.0,
          1693.0
        ]
      },
      "geometry": {
        "type": "LineString",
        "coordinates": [
          [
            36.809794,
            -1.251641
          ],
          [
            36.809858,
            -1.251772
          ],
          [
            36.81008,
            -1.251841
          ],
          [
            36.810155,
            -1.251922
          ],
          [
            36.810192,
            -1.252036
          ],
          [
            36.810147,
            -1.252195
          ],
          [
            36.810261,
            -1.252426
          ],
          [
            36.810395,
            -1.252561
          ],
          [
            36.810429,
            -1.252697
          ],
          [
            36.810396,
            -1.252855
          ],
          [
            36.810393,
            -1.252976
          ],
          [
            36.810384,
            -1.253114
          ],
          [
            36.810369,
            -1.253212
          ],
          [
            36.810378,
            -1.253391
          ],
          [
            36.810221,
            -1.253469
          ],
          [
            36.810096,
            -1.253481
          ],
          [
            36.809973,
            -1.253392
          ],
          [
            36.80991,
            -1.253342
          ],
          [
            36.809904,
            -1.253309
          ],
          [
            36.809835,
            -1.253235
          ],
          [
            36.809725,
            -1.253265
          ],
          [
            36.80966,
            -1.253211
          ],
          [
            36.809548,
            -1.253032
          ],
          [
            36.809356,
            -1.253091
          ],
          [
            36.809242,
            -1.253101
          ],
          [
            36.809047,
            -1.253189
          ],
          [
            36.808976,
            -1.253205
          ],
          [
            36.808844,
            -1.2533
          ],
          [
            36.808678,
            -1.253351
          ],
          [
            36.808536,
            -1.253406
          ]
        ]
      }
    },
    {
      "type": "Feature",
      "properties": {
        "contig_id": 376,
        "length_m": 74.909,
        "segment_count": 1,
        "way_names": [],
        "way_ids": [
          1516388858
        ],
        "endpoint_node_ids": [
          7093322632,
          7093325693
        ],
        "node_ids": [
          7093322632,
          7093325693
        ],
        "tags": {
          "local:boundary_refs": "w24040003",
          "local:boundary_zone": "core"
        },
        "elevations_m": [
          1704.0,
          1705.0
        ]
      },
      "geometry": {
        "type": "LineString",
        "coordinates": [
          [
            36.809794,
            -1.251641
          ],
          [
            36.80912,
            -1.251627
          ]
        ]
      }
    },
    {
      "type": "Feature",
      "properties": {
        "contig_id": 377,
        "length_m": 91.261,
        "segment_count": 6,
        "way_names": [],
        "way_ids": [
          759386825
        ],
        "endpoint_node_ids": [
          7093322665,
          13845622440
        ],
        "node_ids": [
          7093322665,
          7093322664,
          7093322663,
          7093322662,
          12364500901,
          7093322661,
          13845622440
        ],
        "tags": {
          "local:boundary_refs": "w24040003",
          "local:boundary_zone": "core"
        },
        "elevations_m": [
          1693.0,
          1694.0,
          1694.0,
          1696.0,
          1695.0,
          1695.0,
          1693.0
        ]
      },
      "geometry": {
        "type": "LineString",
        "coordinates": [
          [
            36.808003,
            -1.253072
          ],
          [
            36.808037,
            -1.253219
          ],
          [
            36.808166,
            -1.253313
          ],
          [
            36.808208,
            -1.253479
          ],
          [
            36.808308,
            -1.25347
          ],
          [
            36.808391,
            -1.253462
          ],
          [
            36.808536,
            -1.253406
          ]
        ]
      }
    },
    {
      "type": "Feature",
      "properties": {
        "contig_id": 378,
        "length_m": 325.573,
        "segment_count": 16,
        "way_names": [],
        "way_ids": [
          759386825
        ],
        "endpoint_node_ids": [
          7093322665,
          13845622456
        ],
        "node_ids": [
          7093322665,
          7093322666,
          7093322667,
          7093322668,
          7093322669,
          7093322670,
          7093322671,
          7093322672,
          7093322673,
          7093322674,
          7093322675,
          7093322676,
          7093322677,
          7093322678,
          7093322679,
          7093322680,
          13845622456
        ],
        "tags": {
          "local:boundary_refs": "w24040003",
          "local:boundary_zone": "core"
        },
        "elevations_m": [
          1693.0,
          1692.0,
          1692.0,
          1691.0,
          1690.0,
          1692.0,
          1693.0,
          1693.0,
          1695.0,
          1696.0,
          1696.0,
          1696.0,
          1697.0,
          1699.0,
          1701.0,
          1700.0,
          1699.0
        ]
      },
      "geometry": {
        "type": "LineString",
        "coordinates": [
          [
            36.808003,
            -1.253072
          ],
          [
            36.807891,
            -1.253018
          ],
          [
            36.807682,
            -1.25294
          ],
          [
            36.807589,
            -1.252816
          ],
          [
            36.807419,
            -1.252627
          ],
          [
            36.807238,
            -1.252346
          ],
          [
            36.807128,
            -1.252366
          ],
          [
            36.807058,
            -1.252456
          ],
          [
            36.806811,
            -1.252374
          ],
          [
            36.806691,
            -1.25235
          ],
          [
            36.806608,
            -1.252431
          ],
          [
            36.806432,
            -1.252435
          ],
          [
            36.806258,
            -1.252298
          ],
          [
            36.806107,
            -1.252258
          ],
          [
            36.806046,
            -1.252126
          ],
          [
            36.806235,
            -1.252004
          ],
          [
            36.806399,
            -1.25191
          ]
        ]
      }
    },
    {
      "type": "Feature",
      "properties": {
        "contig_id": 379,
        "length_m": 73.202,
        "segment_count": 4,
        "way_names": [],
        "way_ids": [
          1516388859
        ],
        "endpoint_node_ids": [
          7093322665,
          13845622440
        ],
        "node_ids": [
          7093322665,
          13845622437,
          13845622438,
          13845622439,
          13845622440
        ],
        "tags": {
          "local:boundary_refs": "w24040003",
          "local:boundary_zone": "core"
        },
        "elevations_m": [
          1693.0,
          1694.0,
          1694.0,
          1693.0,
          1693.0
        ]
      },
      "geometry": {
        "type": "LineString",
        "coordinates": [
          [
            36.808003,
            -1.253072
          ],
          [
            36.808139,
            -1.253101
          ],
          [
            36.808279,
            -1.253165
          ],
          [
            36.808369,
            -1.253316
          ],
          [
            36.808536,
            -1.253406
          ]
        ]
      }
    },
    {
      "type": "Feature",
      "properties": {
        "contig_id": 380,
        "length_m": 321.023,
        "segment_count": 13,
        "way_names": [],
        "way_ids": [
          759386825
        ],
        "endpoint_node_ids": [
          7093325693,
          13845622456
        ],
        "node_ids": [
          7093325693,
          7093325692,
          7093325691,
          7093325690,
          7093325689,
          7093325688,
          7093325687,
          7093325686,
          7093325685,
          7093322684,
          7093322683,
          7093322682,
          7093322681,
          13845622456
        ],
        "tags": {
          "local:boundary_refs": "w24040003",
          "local:boundary_zone": "core"
        },
        "elevations_m": [
          1705.0,
          1706.0,
          1706.0,
          1706.0,
          1705.0,
          1703.0,
          1702.0,
          1700.0,
          1697.0,
          1697.0,
          1699.0,
          1699.0,
          1699.0,
          1699.0
        ]
      },
      "geometry": {
        "type": "LineString",
        "coordinates": [
          [
            36.80912,
            -1.251627
          ],
          [
            36.808917,
            -1.251653
          ],
          [
            36.808805,
            -1.251679
          ],
          [
            36.808657,
            -1.251772
          ],
          [
            36.808526,
            -1.251889
          ],
          [
            36.808382,
            -1.25201
          ],
          [
            36.808191,
            -1.252064
          ],
          [
            36.807834,
            -1.252071
          ],
          [
            36.807466,
            -1.251997
          ],
          [
            36.807257,
            -1.251982
          ],
          [
            36.806787,
            -1.251843
          ],
          [
            36.806563,
            -1.251886
          ],
          [
            36.806442,
            -1.251885
          ],
          [
            36.806399,
            -1.25191
          ]
        ]
      }
    },
    {
      "type": "Feature",
      "properties": {
        "contig_id": 381,
        "length_m": 74.214,
        "segment_count": 1,
        "way_names": [],
        "way_ids": [
          770407195
        ],
        "endpoint_node_ids": [
          7191425670,
          7191425671
        ],
        "node_ids": [
          7191425670,
          7191425671
        ],
        "tags": {
          "local:boundary_refs": "r13626194,w24040003",
          "local:boundary_zone": "buffer"
        },
        "elevations_m": [
          1690.0,
          1682.0
        ]
      },
      "geometry": {
        "type": "LineString",
        "coordinates": [
          [
            36.813827,
            -1.24286
          ],
          [
            36.813717,
            -1.242201
          ]
        ]
      }
    },
    {
      "type": "Feature",
      "properties": {
        "contig_id": 382,
        "length_m": 61.461,
        "segment_count": 1,
        "way_names": [],
        "way_ids": [
          770407195
        ],
        "endpoint_node_ids": [
          7191425671,
          7191425672
        ],
        "node_ids": [
          7191425671,
          7191425672
        ],
        "tags": {
          "local:boundary_refs": "w24040003",
          "local:boundary_zone": "buffer"
        },
        "elevations_m": [
          1682.0,
          1691.0
        ]
      },
      "geometry": {
        "type": "LineString",
        "coordinates": [
          [
            36.813717,
            -1.242201
          ],
          [
            36.813607,
            -1.24166
          ]
        ]
      }
    },
    {
      "type": "Feature",
      "properties": {
        "contig_id": 383,
        "length_m": 21.089,
        "segment_count": 1,
        "way_names": [],
        "way_ids": [
          431217470
        ],
        "endpoint_node_ids": [
          7361764222,
          10597364823
        ],
        "node_ids": [
          7361764222,
          10597364823
        ],
        "tags": {
          "local:boundary_refs": "r13626194",
          "local:boundary_zone": "core"
        },
        "elevations_m": [
          1691.0,
          1691.0
        ]
      },
      "geometry": {
        "type": "LineString",
        "coordinates": [
          [
            36.820641,
            -1.243088
          ],
          [
            36.820514,
            -1.242947
          ]
        ]
      }
    },
    {
      "type": "Feature",
      "properties": {
        "contig_id": 384,
        "length_m": 23.501,
        "segment_count": 2,
        "way_names": [],
        "way_ids": [
          823367031
        ],
        "endpoint_node_ids": [
          7687039159,
          7687039160
        ],
        "node_ids": [
          7687039159,
          7687039158,
          7687039160
        ],
        "tags": {
          "local:boundary_refs": "r13626194",
          "local:boundary_zone": "core"
        },
        "elevations_m": [
          1690.0,
          1690.0,
          1689.0
        ]
      },
      "geometry": {
        "type": "LineString",
        "coordinates": [
          [
            36.816995,
            -1.242395
          ],
          [
            36.817069,
            -1.242505
          ],
          [
            36.817087,
            -1.242581
          ]
        ]
      }
    },
    {
      "type": "Feature",
      "properties": {
        "contig_id": 385,
        "length_m": 123.512,
        "segment_count": 4,
        "way_names": [],
        "way_ids": [
          823366563
        ],
        "endpoint_node_ids": [
          7687042096,
          7687042100
        ],
        "node_ids": [
          7687042096,
          7687042097,
          7687042098,
          7687042099,
          7687042100
        ],
        "tags": {
          "local:boundary_refs": "w24040003",
          "local:boundary_zone": "core"
        },
        "elevations_m": [
          1672.0,
          1678.0,
          1680.0,
          1676.0,
          1672.0
        ]
      },
      "geometry": {
        "type": "LineString",
        "coordinates": [
          [
            36.815434,
            -1.248358
          ],
          [
            36.815888,
            -1.248443
          ],
          [
            36.816177,
            -1.248489
          ],
          [
            36.816405,
            -1.248461
          ],
          [
            36.816515,
            -1.248399
          ]
        ]
      }
    },
    {
      "type": "Feature",
      "properties": {
        "contig_id": 386,
        "length_m": 125.492,
        "segment_count": 7,
        "way_names": [],
        "way_ids": [
          823368190
        ],
        "endpoint_node_ids": [
          7687057397,
          7687057404
        ],
        "node_ids": [
          7687057397,
          7687057398,
          7687057399,
          7687057400,
          7687057401,
          7687057402,
          7687057403,
          7687057404
        ],
        "tags": {
          "local:boundary_refs": "r13626194",
          "local:boundary_zone": "core"
        },
        "elevations_m": [
          1691.0,
          1690.0,
          1689.0,
          1688.0,
          1688.0,
          1689.0,
          1690.0,
          1690.0
        ]
      },
      "geometry": {
        "type": "LineString",
        "coordinates": [
          [
            36.818925,
            -1.243933
          ],
          [
            36.819088,
            -1.243861
          ],
          [
            36.819251,
            -1.243796
          ],
          [
            36.819418,
            -1.243689
          ],
          [
            36.819576,
            -1.243601
          ],
          [
            36.819724,
            -1.243472
          ],
          [
            36.819801,
            -1.243335
          ],
          [
            36.81982,
            -1.243297
          ]
        ]
      }
    },
    {
      "type": "Feature",
      "properties": {
        "contig_id": 387,
        "length_m": 41.293,
        "segment_count": 1,
        "way_names": [],
        "way_ids": [
          280720863
        ],
        "endpoint_node_ids": [
          7687057404,
          10597364821
        ],
        "node_ids": [
          7687057404,
          10597364821
        ],
        "tags": {
          "local:boundary_refs": "r13626194",
          "local:boundary_zone": "core"
        },
        "elevations_m": [
          1690.0,
          1691.0
        ]
      },
      "geometry": {
        "type": "LineString",
        "coordinates": [
          [
            36.81982,
            -1.243297
          ],
          [
            36.820191,
            -1.243316
          ]
        ]
      }
    },
    {
      "type": "Feature",
      "properties": {
        "contig_id": 388,
        "length_m": 292.45,
        "segment_count": 9,
        "way_names": [],
        "way_ids": [
          280720863
        ],
        "endpoint_node_ids": [
          7687057404,
          11952125949
        ],
        "node_ids": [
          7687057404,
          11952125960,
          2847824051,
          11952125955,
          11952125954,
          11952125953,
          2847824052,
          7209566820,
          6164312039,
          11952125949
        ],
        "tags": {
          "local:boundary_refs": "r13626194",
          "local:boundary_zone": "core",
          "local:routing_state": "exclude"
        },
        "elevations_m": [
          1690.0,
          1690.0,
          1691.0,
          1692.0,
          1694.0,
          1696.0,
          1693.0,
          1693.0,
          1691.0,
          1692.0
        ]
      },
      "geometry": {
        "type": "LineString",
        "coordinates": [
          [
            36.81982,
            -1.243297
          ],
          [
            36.819678,
            -1.243072
          ],
          [
            36.819581,
            -1.24298
          ],
          [
            36.819441,
            -1.242814
          ],
          [
            36.819292,
            -1.242488
          ],
          [
            36.819073,
            -1.242244
          ],
          [
            36.818812,
            -1.241912
          ],
          [
            36.818787,
            -1.241858
          ],
          [
            36.818118,
            -1.241436
          ],
          [
            36.81808,
            -1.241398
          ]
        ]
      }
    },
    {
      "type": "Feature",
      "properties": {
        "contig_id": 389,
        "length_m": 14.137,
        "segment_count": 1,
        "way_names": [],
        "way_ids": [
          917305612
        ],
        "endpoint_node_ids": [
          8519953643,
          8519953644
        ],
        "node_ids": [
          8519953643,
          8519953644
        ],
        "tags": {
          "local:boundary_refs": "w24040003",
          "local:boundary_zone": "buffer"
        },
        "elevations_m": [
          1677.0,
          1678.0
        ]
      },
      "geometry": {
        "type": "LineString",
        "coordinates": [
          [
            36.818208,
            -1.248924
          ],
          [
            36.818083,
            -1.248903
          ]
        ]
      }
    },
    {
      "type": "Feature",
      "properties": {
        "contig_id": 390,
        "length_m": 124.887,
        "segment_count": 8,
        "way_names": [],
        "way_ids": [
          917305612
        ],
        "endpoint_node_ids": [
          8519953644,
          8519953652
        ],
        "node_ids": [
          8519953644,
          8519953645,
          8519953646,
          8519953647,
          8519953648,
          8519953649,
          8519953650,
          8519953651,
          8519953652
        ],
        "tags": {
          "local:boundary_refs": "w24040003",
          "local:boundary_zone": "core"
        },
        "elevations_m": [
          1678.0,
          1679.0,
          1679.0,
          1679.0,
          1679.0,
          1679.0,
          1679.0,
          1679.0,
          1679.0
        ]
      },
      "geometry": {
        "type": "LineString",
        "coordinates": [
          [
            36.818083,
            -1.248903
          ],
          [
            36.818016,
            -1.2489
          ],
          [
            36.81782,
            -1.248865
          ],
          [
            36.817761,
            -1.248854
          ],
          [
            36.817686,
            -1.248857
          ],
          [
            36.817587,
            -1.24887
          ],
          [
            36.817504,
            -1.248884
          ],
          [
            36.817455,
            -1.248884
          ],
          [
            36.816986,
            -1.248744
          ]
        ]
      }
    },
    {
      "type": "Feature",
      "properties": {
        "contig_id": 391,
        "length_m": 15.601,
        "segment_count": 1,
        "way_names": [],
        "way_ids": [
          918118555
        ],
        "endpoint_node_ids": [
          8527118148,
          8527118149
        ],
        "node_ids": [
          8527118148,
          8527118149
        ],
        "tags": {
          "local:boundary_refs": "r13626194",
          "local:boundary_zone": "buffer"
        },
        "elevations_m": [
          1653.0,
          1653.0
        ]
      },
      "geometry": {
        "type": "LineString",
        "coordinates": [
          [
            36.843545,
            -1.247652
          ],
          [
            36.843626,
            -1.247766
          ]
        ]
      }
    },
    {
      "type": "Feature",
      "properties": {
        "contig_id": 392,
        "length_m": 5.653,
        "segment_count": 2,
        "way_names": [],
        "way_ids": [
          918118555
        ],
        "endpoint_node_ids": [
          8527118149,
          8527118151
        ],
        "node_ids": [
          8527118149,
          8527118150,
          8527118151
        ],
        "tags": {
          "local:boundary_refs": "r13626194",
          "local:boundary_zone": "core"
        },
        "elevations_m": [
          1653.0,
          1653.0,
          1653.0
        ]
      },
      "geometry": {
        "type": "LineString",
        "coordinates": [
          [
            36.843626,
            -1.247766
          ],
          [
            36.84363,
            -1.247791
          ],
          [
            36.843624,
            -1.247815
          ]
        ]
      }
    },
    {
      "type": "Feature",
      "properties": {
        "contig_id": 393,
        "length_m": 88.537,
        "segment_count": 10,
        "way_names": [],
        "way_ids": [
          1082822653
        ],
        "endpoint_node_ids": [
          9189127987,
          9923907661
        ],
        "node_ids": [
          9189127987,
          12341461509,
          12341461508,
          12341461507,
          12341461506,
          9923907664,
          12341461505,
          12341461504,
          9923907663,
          9923907662,
          9923907661
        ],
        "tags": {
          "local:boundary_refs": "r13626194",
          "local:boundary_zone": "core"
        },
        "elevations_m": [
          1678.0,
          1678.0,
          1679.0,
          1679.0,
          1680.0,
          1680.0,
          1681.0,
          1682.0,
          1681.0,
          1682.0,
          1683.0
        ]
      },
      "geometry": {
        "type": "LineString",
        "coordinates": [
          [
            36.820852,
            -1.231181
          ],
          [
            36.820893,
            -1.231239
          ],
          [
            36.821006,
            -1.231266
          ],
          [
            36.821104,
            -1.231271
          ],
          [
            36.821167,
            -1.231285
          ],
          [
            36.82121,
            -1.231304
          ],
          [
            36.821229,
            -1.231337
          ],
          [
            36.821194,
            -1.231404
          ],
          [
            36.821114,
            -1.231447
          ],
          [
            36.82104,
            -1.231498
          ],
          [
            36.820953,
            -1.231559
          ]
        ]
      }
    },
    {
      "type": "Feature",
      "properties": {
        "contig_id": 394,
        "length_m": 533.061,
        "segment_count": 4,
        "way_names": [
          "Middle Track"
        ],
        "way_ids": [
          142777587
        ],
        "endpoint_node_ids": [
          9521586419,
          13556268407
        ],
        "node_ids": [
          9521586419,
          10597364829,
          13556268406,
          13556268408,
          13556268407
        ],
        "tags": {
          "local:boundary_refs": "r13626194",
          "local:boundary_zone": "core"
        },
        "elevations_m": [
          1700.0,
          1701.0,
          1690.0,
          1690.0,
          1701.0
        ]
      },
      "geometry": {
        "type": "LineString",
        "coordinates": [
          [
            36.82501,
            -1.238798
          ],
          [
            36.823291,
            -1.238583
          ],
          [
            36.821709,
            -1.238567
          ],
          [
            36.821155,
            -1.238524
          ],
          [
            36.820257,
            -1.238303
          ]
        ]
      }
    },
    {
      "type": "Feature",
      "properties": {
        "contig_id": 395,
        "length_m": 177.769,
        "segment_count": 9,
        "way_names": [],
        "way_ids": [
          1068716473
        ],
        "endpoint_node_ids": [
          9810272375,
          9810272384
        ],
        "node_ids": [
          9810272375,
          9810272376,
          9810272377,
          9810272378,
          9810272379,
          9810272380,
          9810272381,
          9810272382,
          9810272383,
          9810272384
        ],
        "tags": {
          "local:boundary_refs": "r13626194",
          "local:boundary_zone": "core"
        },
        "elevations_m": [
          1660.0,
          1663.0,
          1664.0,
          1666.0,
          1667.0,
          1668.0,
          1669.0,
          1669.0,
          1668.0,
          1666.0
        ]
      },
      "geometry": {
        "type": "LineString",
        "coordinates": [
          [
            36.839837,
            -1.250795
          ],
          [
            36.839894,
            -1.250656
          ],
          [
            36.839887,
            -1.25056
          ],
          [
            36.839891,
            -1.250364
          ],
          [
            36.839896,
            -1.250149
          ],
          [
            36.839896,
            -1.249985
          ],
          [
            36.839905,
            -1.249822
          ],
          [
            36.839923,
            -1.249651
          ],
          [
            36.839934,
            -1.249489
          ],
          [
            36.839942,
            -1.249209
          ]
        ]
      }
    },
    {
      "type": "Feature",
      "properties": {
        "contig_id": 396,
        "length_m": 38.297,
        "segment_count": 4,
        "way_names": [],
        "way_ids": [
          1068718241
        ],
        "endpoint_node_ids": [
          9810327697,
          12330726043
        ],
        "node_ids": [
          9810327697,
          9810327696,
          9810327691,
          9810327690,
          12330726043
        ],
        "tags": {
          "local:boundary_refs": "r13626194",
          "local:boundary_zone": "core",
          "local:routing_state": "exclude"
        },
        "elevations_m": [
          1666.0,
          1666.0,
          1665.0,
          1664.0,
          1664.0
        ]
      },
      "geometry": {
        "type": "LineString",
        "coordinates": [
          [
            36.828598,
            -1.228237
          ],
          [
            36.828716,
            -1.228209
          ],
          [
            36.82878,
            -1.228253
          ],
          [
            36.828754,
            -1.228311
          ],
          [
            36.828686,
            -1.228357
          ]
        ]
      }
    },
    {
      "type": "Feature",
      "properties": {
        "contig_id": 397,
        "length_m": 16.599,
        "segment_count": 1,
        "way_names": [],
        "way_ids": [
          1332841836
        ],
        "endpoint_node_ids": [
          9810327697,
          12330726043
        ],
        "node_ids": [
          9810327697,
          12330726043
        ],
        "tags": {
          "local:boundary_refs": "r13626194",
          "local:boundary_zone": "core"
        },
        "elevations_m": [
          1666.0,
          1664.0
        ]
      },
      "geometry": {
        "type": "LineString",
        "coordinates": [
          [
            36.828598,
            -1.228237
          ],
          [
            36.828686,
            -1.228357
          ]
        ]
      }
    },
    {
      "type": "Feature",
      "properties": {
        "contig_id": 398,
        "length_m": 35.488,
        "segment_count": 2,
        "way_names": [],
        "way_ids": [
          1332841836
        ],
        "endpoint_node_ids": [
          9810327697,
          12330726049
        ],
        "node_ids": [
          9810327697,
          12330726045,
          12330726049
        ],
        "tags": {
          "local:boundary_refs": "r13626194",
          "local:boundary_zone": "core"
        },
        "elevations_m": [
          1666.0,
          1669.0,
          1670.0
        ]
      },
      "geometry": {
        "type": "LineString",
        "coordinates": [
          [
            36.828598,
            -1.228237
          ],
          [
            36.828511,
            -1.228061
          ],
          [
            36.828414,
            -1.227985
          ]
        ]
      }
    },
    {
      "type": "Feature",
      "properties": {
        "contig_id": 399,
        "length_m": 311.59,
        "segment_count": 11,
        "way_names": [
          "Kima Trail"
        ],
        "way_ids": [
          196510846
        ],
        "endpoint_node_ids": [
          9923873816,
          13768277790
        ],
        "node_ids": [
          9923873816,
          2068386514,
          2068386510,
          2068386499,
          2068386497,
          2068386495,
          2068386489,
          2068386475,
          9923907666,
          2068386461,
          2068386446,
          13768277790
        ],
        "tags": {
          "local:boundary_refs": "r15417497",
          "local:boundary_zone": "core"
        },
        "elevations_m": [
          1702.0,
          1703.0,
          1704.0,
          1704.0,
          1703.0,
          1702.0,
          1701.0,
          1700.0,
          1700.0,
          1700.0,
          1699.0,
          1698.0
        ]
      },
      "geometry": {
        "type": "LineString",
        "coordinates": [
          [
            36.820876,
            -1.235835
          ],
          [
            36.820956,
            -1.235696
          ],
          [
            36.821057,
            -1.23555
          ],
          [
            36.821244,
            -1.235079
          ],
          [
            36.821326,
            -1.234852
          ],
          [
            36.821357,
            -1.234753
          ],
          [
            36.821432,
            -1.234605
          ],
          [
            36.821608,
            -1.234378
          ],
          [
            36.821818,
            -1.234142
          ],
          [
            36.821906,
            -1.234043
          ],
          [
            36.822294,
            -1.233783
          ],
          [
            36.822495,
            -1.233645
          ]
        ]
      }
    },
    {
      "type": "Feature",
      "properties": {
        "contig_id": 400,
        "length_m": 72.893,
        "segment_count": 6,
        "way_names": [],
        "way_ids": [
          1082822653
        ],
        "endpoint_node_ids": [
          9923873816,
          9923907622
        ],
        "node_ids": [
          9923873816,
          9923907617,
          9923907618,
          9923907619,
          9923907620,
          9923907621,
          9923907622
        ],
        "tags": {
          "local:boundary_refs": "r15417497",
          "local:boundary_zone": "core"
        },
        "elevations_m": [
          1702.0,
          1703.0,
          1705.0,
          1705.0,
          1705.0,
          1705.0,
          1705.0
        ]
      },
      "geometry": {
        "type": "LineString",
        "coordinates": [
          [
            36.820876,
            -1.235835
          ],
          [
            36.820828,
            -1.235752
          ],
          [
            36.820777,
            -1.235599
          ],
          [
            36.820731,
            -1.23551
          ],
          [
            36.820667,
            -1.235492
          ],
          [
            36.820588,
            -1.235492
          ],
          [
            36.82046,
            -1.235408
          ]
        ]
      }
    },
    {
      "type": "Feature",
      "properties": {
        "contig_id": 401,
        "length_m": 582.093,
        "segment_count": 45,
        "way_names": [],
        "way_ids": [
          1082822653
        ],
        "endpoint_node_ids": [
          9923907622,
          9923907660
        ],
        "node_ids": [
          9923907622,
          9923907623,
          9923907624,
          9923907625,
          9923907626,
          9923907627,
          9923907628,
          9923907629,
          9923907630,
          9923907631,
          9923907632,
          9923907633,
          9923907634,
          9923907635,
          9923907636,
          9923907637,
          9923907638,
          9923907639,
          9923907640,
          9923907641,
          9923907642,
          9923907643,
          9923907644,
          9923907645,
          9923907646,
          9923907647,
          9923907648,
          9923907649,
          9923907650,
          12341461516,
          9923907651,
          9923907652,
          9923907653,
          9923907654,
          9923907655,
          9923907656,
          9923907657,
          9923907658,
          9923907659,
          12341461511,
          12341461510,
          12341461515,
          12341461512,
          12341461513,
          12341461514,
          9923907660
        ],
        "tags": {
          "local:boundary_refs": "r15417497",
          "local:boundary_zone": "core"
        },
        "elevations_m": [
          1705.0,
          1705.0,
          1705.0,
          1705.0,
          1705.0,
          1706.0,
          1706.0,
          1707.0,
          1708.0,
          1709.0,
          1709.0,
          1709.0,
          1710.0,
          1710.0,
          1710.0,
          1709.0,
          1708.0,
          1706.0,
          1705.0,
          1703.0,
          1702.0,
          1701.0,
          1700.0,
          1699.0,
          1698.0,
          1697.0,
          1696.0,
          1695.0,
          1695.0,
          1695.0,
          1694.0,
          1694.0,
          1693.0,
          1693.0,
          1692.0,
          1691.0,
          1690.0,
          1688.0,
          1687.0,
          1686.0,
          1685.0,
          1685.0,
          1684.0,
          1684.0,
          1683.0,
          1684.0
        ]
      },
      "geometry": {
        "type": "LineString",
        "coordinates": [
          [
            36.82046,
            -1.235408
          ],
          [
            36.820315,
            -1.235209
          ],
          [
            36.820228,
            -1.235137
          ],
          [
            36.820113,
            -1.235027
          ],
          [
            36.820042,
            -1.234976
          ],
          [
            36.819927,
            -1.234989
          ],
          [
            36.819843,
            -1.23501
          ],
          [
            36.819685,
            -1.234971
          ],
          [
            36.819567,
            -1.234885
          ],
          [
            36.81947,
            -1.234806
          ],
          [
            36.819399,
            -1.234693
          ],
          [
            36.819376,
            -1.234571
          ],
          [
            36.819391,
            -1.234425
          ],
          [
            36.819442,
            -1.234244
          ],
          [
            36.819488,
            -1.234122
          ],
          [
            36.819585,
            -1.234022
          ],
          [
            36.819741,
            -1.233872
          ],
          [
            36.819764,
            -1.233752
          ],
          [
            36.819741,
            -1.233637
          ],
          [
            36.819787,
            -1.233517
          ],
          [
            36.819825,
            -1.233451
          ],
          [
            36.819802,
            -1.233344
          ],
          [
            36.819863,
            -1.233267
          ],
          [
            36.819878,
            -1.233196
          ],
          [
            36.819973,
            -1.233093
          ],
          [
            36.820091,
            -1.232975
          ],
          [
            36.820128,
            -1.232723
          ],
          [
            36.820163,
            -1.232627
          ],
          [
            36.820237,
            -1.23247
          ],
          [
            36.82026,
            -1.232336
          ],
          [
            36.820293,
            -1.232229
          ],
          [
            36.82038,
            -1.232176
          ],
          [
            36.820346,
            -1.232109
          ],
          [
            36.820369,
            -1.232065
          ],
          [
            36.820366,
            -1.231995
          ],
          [
            36.820367,
            -1.231935
          ],
          [
            36.820351,
            -1.231869
          ],
          [
            36.820343,
            -1.231811
          ],
          [
            36.820369,
            -1.231735
          ],
          [
            36.820402,
            -1.231674
          ],
          [
            36.820441,
            -1.231651
          ],
          [
            36.820483,
            -1.231634
          ],
          [
            36.820664,
            -1.231613
          ],
          [
            36.820712,
            -1.231608
          ],
          [
            36.820816,
            -1.23162
          ],
          [
            36.820853,
            -1.23165
          ]
        ]
      }
    },
    {
      "type": "Feature",
      "properties": {
        "contig_id": 402,
        "length_m": 15.006,
        "segment_count": 1,
        "way_names": [],
        "way_ids": [
          1082822653
        ],
        "endpoint_node_ids": [
          9923907660,
          9923907661
        ],
        "node_ids": [
          9923907660,
          9923907661
        ],
        "tags": {
          "local:boundary_refs": "r13626194,r15417497",
          "local:boundary_zone": "buffer"
        },
        "elevations_m": [
          1684.0,
          1683.0
        ]
      },
      "geometry": {
        "type": "LineString",
        "coordinates": [
          [
            36.820853,
            -1.23165
          ],
          [
            36.820953,
            -1.231559
          ]
        ]
      }
    },
    {
      "type": "Feature",
      "properties": {
        "contig_id": 403,
        "length_m": 30.24,
        "segment_count": 3,
        "way_names": [],
        "way_ids": [
          1136841297,
          1136841299,
          1136841300
        ],
        "endpoint_node_ids": [
          10597364805,
          10597364814
        ],
        "node_ids": [
          10597364805,
          10597364811,
          10597364813,
          10597364814
        ],
        "tags": {
          "local:boundary_refs": "r15417497",
          "local:boundary_zone": "core",
          "local:routing_state": "exclude"
        },
        "elevations_m": [
          1690.0,
          1690.0,
          1689.0,
          1689.0
        ]
      },
      "geometry": {
        "type": "LineString",
        "coordinates": [
          [
            36.820468,
            -1.242062
          ],
          [
            36.820505,
            -1.242006
          ],
          [
            36.820543,
            -1.242022
          ],
          [
            36.820658,
            -1.241907
          ]
        ]
      }
    },
    {
      "type": "Feature",
      "properties": {
        "contig_id": 404,
        "length_m": 55.657,
        "segment_count": 2,
        "way_names": [],
        "way_ids": [
          1136841301
        ],
        "endpoint_node_ids": [
          10597364821,
          10597364823
        ],
        "node_ids": [
          10597364821,
          10597364822,
          10597364823
        ],
        "tags": {
          "local:boundary_refs": "r13626194",
          "local:boundary_zone": "core"
        },
        "elevations_m": [
          1691.0,
          1690.0,
          1691.0
        ]
      },
      "geometry": {
        "type": "LineString",
        "coordinates": [
          [
            36.820191,
            -1.243316
          ],
          [
            36.820252,
            -1.243176
          ],
          [
            36.820514,
            -1.242947
          ]
        ]
      }
    },
    {
      "type": "Feature",
      "properties": {
        "contig_id": 405,
        "length_m": 141.676,
        "segment_count": 2,
        "way_names": [],
        "way_ids": [
          1161338721
        ],
        "endpoint_node_ids": [
          10801643831,
          10801643832
        ],
        "node_ids": [
          10801643831,
          10801643838,
          10801643832
        ],
        "tags": {
          "local:boundary_refs": "r13626194",
          "local:boundary_zone": "buffer"
        },
        "elevations_m": [
          1642.0,
          1647.0,
          1650.0
        ]
      },
      "geometry": {
        "type": "LineString",
        "coordinates": [
          [
            36.853787,
            -1.251475
          ],
          [
            36.85334,
            -1.251482
          ],
          [
            36.852513,
            -1.251507
          ]
        ]
      }
    },
    {
      "type": "Feature",
      "properties": {
        "contig_id": 406,
        "length_m": 38.096,
        "segment_count": 1,
        "way_names": [],
        "way_ids": [
          1213220384
        ],
        "endpoint_node_ids": [
          11240465997,
          11240465998
        ],
        "node_ids": [
          11240465997,
          11240465998
        ],
        "tags": {
          "local:boundary_refs": "r13626194",
          "local:boundary_zone": "buffer",
          "local:routing_state": "include"
        },
        "elevations_m": [
          1688.0,
          1686.0
        ]
      },
      "geometry": {
        "type": "LineString",
        "coordinates": [
          [
            36.821458,
            -1.225676
          ],
          [
            36.821308,
            -1.225368
          ]
        ]
      }
    },
    {
      "type": "Feature",
      "properties": {
        "contig_id": 407,
        "length_m": 41.278,
        "segment_count": 1,
        "way_names": [],
        "way_ids": [
          1213220384
        ],
        "endpoint_node_ids": [
          11240465998,
          13768011702
        ],
        "node_ids": [
          11240465998,
          13768011702
        ],
        "tags": {
          "local:boundary_refs": "r13626194",
          "local:boundary_zone": "buffer",
          "local:routing_state": "include"
        },
        "elevations_m": [
          1686.0,
          1686.0
        ]
      },
      "geometry": {
        "type": "LineString",
        "coordinates": [
          [
            36.821308,
            -1.225368
          ],
          [
            36.821067,
            -1.225086
          ]
        ]
      }
    },
    {
      "type": "Feature",
      "properties": {
        "contig_id": 408,
        "length_m": 50.014,
        "segment_count": 1,
        "way_names": [],
        "way_ids": [
          1504644448
        ],
        "endpoint_node_ids": [
          11240465998,
          13768222683
        ],
        "node_ids": [
          11240465998,
          13768222683
        ],
        "tags": {
          "local:boundary_refs": "r13626194",
          "local:boundary_zone": "buffer",
          "local:routing_state": "include"
        },
        "elevations_m": [
          1686.0,
          1687.0
        ]
      },
      "geometry": {
        "type": "LineString",
        "coordinates": [
          [
            36.821308,
            -1.225368
          ],
          [
            36.821579,
            -1.225727
          ]
        ]
      }
    },
    {
      "type": "Feature",
      "properties": {
        "contig_id": 409,
        "length_m": 107.665,
        "segment_count": 5,
        "way_names": [],
        "way_ids": [
          1213220384
        ],
        "endpoint_node_ids": [
          11240466003,
          13768011702
        ],
        "node_ids": [
          11240466003,
          11240466002,
          11240466001,
          11240466000,
          11240465999,
          13768011702
        ],
        "tags": {
          "local:boundary_refs": "r13626194",
          "local:boundary_zone": "buffer"
        },
        "elevations_m": [
          1683.0,
          1685.0,
          1684.0,
          1685.0,
          1685.0,
          1686.0
        ]
      },
      "geometry": {
        "type": "LineString",
        "coordinates": [
          [
            36.820385,
            -1.224431
          ],
          [
            36.820489,
            -1.224517
          ],
          [
            36.820626,
            -1.22456
          ],
          [
            36.820752,
            -1.22475
          ],
          [
            36.820865,
            -1.22485
          ],
          [
            36.821067,
            -1.225086
          ]
        ]
      }
    },
    {
      "type": "Feature",
      "properties": {
        "contig_id": 410,
        "length_m": 96.869,
        "segment_count": 1,
        "way_names": [],
        "way_ids": [
          1287191842
        ],
        "endpoint_node_ids": [
          11938105343,
          11938105344
        ],
        "node_ids": [
          11938105343,
          11938105344
        ],
        "tags": {
          "local:boundary_refs": "w24040003",
          "local:boundary_zone": "buffer"
        },
        "elevations_m": [
          1706.0,
          1710.0
        ]
      },
      "geometry": {
        "type": "LineString",
        "coordinates": [
          [
            36.797085,
            -1.246752
          ],
          [
            36.796378,
            -1.246242
          ]
        ]
      }
    },
    {
      "type": "Feature",
      "properties": {
        "contig_id": 411,
        "length_m": 258.012,
        "segment_count": 6,
        "way_names": [],
        "way_ids": [
          1287191842
        ],
        "endpoint_node_ids": [
          11938105344,
          11938105350
        ],
        "node_ids": [
          11938105344,
          11938105345,
          11938105346,
          11938105347,
          11938105348,
          11938105349,
          11938105350
        ],
        "tags": {
          "local:boundary_refs": "w24040003",
          "local:boundary_zone": "core"
        },
        "elevations_m": [
          1710.0,
          1704.0,
          1700.0,
          1702.0,
          1708.0,
          1712.0,
          1710.0
        ]
      },
      "geometry": {
        "type": "LineString",
        "coordinates": [
          [
            36.796378,
            -1.246242
          ],
          [
            36.796047,
            -1.245896
          ],
          [
            36.79578,
            -1.245752
          ],
          [
            36.795312,
            -1.24551
          ],
          [
            36.794979,
            -1.245431
          ],
          [
            36.794646,
            -1.245403
          ],
          [
            36.794372,
            -1.24521
          ]
        ]
      }
    },
    {
      "type": "Feature",
      "properties": {
        "contig_id": 412,
        "length_m": 42.165,
        "segment_count": 1,
        "way_names": [],
        "way_ids": [
          1287191842
        ],
        "endpoint_node_ids": [
          11938105350,
          11938105351
        ],
        "node_ids": [
          11938105350,
          11938105351
        ],
        "tags": {
          "local:boundary_refs": "w24040003",
          "local:boundary_zone": "buffer"
        },
        "elevations_m": [
          1710.0,
          1715.0
        ]
      },
      "geometry": {
        "type": "LineString",
        "coordinates": [
          [
            36.794372,
            -1.24521
          ],
          [
            36.793993,
            -1.245184
          ]
        ]
      }
    },
    {
      "type": "Feature",
      "properties": {
        "contig_id": 413,
        "length_m": 2.548,
        "segment_count": 1,
        "way_names": [],
        "way_ids": [
          1516388846
        ],
        "endpoint_node_ids": [
          12301047701,
          13845622369
        ],
        "node_ids": [
          12301047701,
          13845622369
        ],
        "tags": {
          "local:boundary_refs": "w24040003",
          "local:boundary_zone": "core"
        },
        "elevations_m": [
          1703.0,
          1703.0
        ]
      },
      "geometry": {
        "type": "LineString",
        "coordinates": [
          [
            36.809762,
            -1.242694
          ],
          [
            36.809747,
            -1.242677
          ]
        ]
      }
    },
    {
      "type": "Feature",
      "properties": {
        "contig_id": 414,
        "length_m": 57.433,
        "segment_count": 4,
        "way_names": [],
        "way_ids": [
          1332841823
        ],
        "endpoint_node_ids": [
          12330717255,
          12330717259
        ],
        "node_ids": [
          12330717255,
          12330717256,
          12330717257,
          12330717258,
          12330717259
        ],
        "tags": {
          "local:boundary_refs": "r13626194",
          "local:boundary_zone": "core"
        },
        "elevations_m": [
          1659.0,
          1660.0,
          1661.0,
          1662.0,
          1662.0
        ]
      },
      "geometry": {
        "type": "LineString",
        "coordinates": [
          [
            36.828334,
            -1.228867
          ],
          [
            36.828212,
            -1.229013
          ],
          [
            36.828113,
            -1.229131
          ],
          [
            36.828047,
            -1.229181
          ],
          [
            36.827958,
            -1.229169
          ]
        ]
      }
    },
    {
      "type": "Feature",
      "properties": {
        "contig_id": 415,
        "length_m": 218.653,
        "segment_count": 13,
        "way_names": [],
        "way_ids": [
          1332841823
        ],
        "endpoint_node_ids": [
          12330717259,
          12330717272
        ],
        "node_ids": [
          12330717259,
          12330717260,
          12330717261,
          12330717262,
          12330717263,
          12330717264,
          12330717265,
          12330717266,
          12330717267,
          12330717268,
          12330717269,
          12330717270,
          12330717271,
          12330717272
        ],
        "tags": {
          "local:boundary_refs": "r13626194",
          "local:boundary_zone": "buffer"
        },
        "elevations_m": [
          1662.0,
          1661.0,
          1661.0,
          1662.0,
          1663.0,
          1664.0,
          1665.0,
          1665.0,
          1665.0,
          1666.0,
          1668.0,
          1668.0,
          1668.0,
          1667.0
        ]
      },
      "geometry": {
        "type": "LineString",
        "coordinates": [
          [
            36.827958,
            -1.229169
          ],
          [
            36.827839,
            -1.229115
          ],
          [
            36.827736,
            -1.229068
          ],
          [
            36.827534,
            -1.229052
          ],
          [
            36.827293,
            -1.229028
          ],
          [
            36.827157,
            -1.229043
          ],
          [
            36.826993,
            -1.229038
          ],
          [
            36.826928,
            -1.22899
          ],
          [
            36.826829,
            -1.228935
          ],
          [
            36.826619,
            -1.22887
          ],
          [
            36.826434,
            -1.228811
          ],
          [
            36.826325,
            -1.228759
          ],
          [
            36.826267,
            -1.228695
          ],
          [
            36.826154,
            -1.228579
          ]
        ]
      }
    },
    {
      "type": "Feature",
      "properties": {
        "contig_id": 416,
        "length_m": 21.033,
        "segment_count": 2,
        "way_names": [],
        "way_ids": [
          1068718241
        ],
        "endpoint_node_ids": [
          12330726043,
          12330726046
        ],
        "node_ids": [
          12330726043,
          9810327689,
          12330726046
        ],
        "tags": {
          "local:boundary_refs": "r13626194",
          "local:boundary_zone": "core",
          "local:routing_state": "exclude"
        },
        "elevations_m": [
          1664.0,
          1662.0,
          1662.0
        ]
      },
      "geometry": {
        "type": "LineString",
        "coordinates": [
          [
            36.828686,
            -1.228357
          ],
          [
            36.828565,
            -1.228425
          ],
          [
            36.82852,
            -1.228446
          ]
        ]
      }
    },
    {
      "type": "Feature",
      "properties": {
        "contig_id": 417,
        "length_m": 62.792,
        "segment_count": 3,
        "way_names": [],
        "way_ids": [
          1332841837
        ],
        "endpoint_node_ids": [
          12330726046,
          12330726049
        ],
        "node_ids": [
          12330726046,
          12330726047,
          12330726048,
          12330726049
        ],
        "tags": {
          "local:boundary_refs": "r13626194",
          "local:boundary_zone": "core"
        },
        "elevations_m": [
          1662.0,
          1664.0,
          1665.0,
          1670.0
        ]
      },
      "geometry": {
        "type": "LineString",
        "coordinates": [
          [
            36.82852,
            -1.228446
          ],
          [
            36.828346,
            -1.228336
          ],
          [
            36.828374,
            -1.228252
          ],
          [
            36.828414,
            -1.227985
          ]
        ]
      }
    },
    {
      "type": "Feature",
      "properties": {
        "contig_id": 418,
        "length_m": 62.698,
        "segment_count": 2,
        "way_names": [],
        "way_ids": [
          1332841837
        ],
        "endpoint_node_ids": [
          12330726049,
          12330726051
        ],
        "node_ids": [
          12330726049,
          12330726050,
          12330726051
        ],
        "tags": {
          "local:boundary_refs": "r13626194",
          "local:boundary_zone": "core"
        },
        "elevations_m": [
          1670.0,
          1674.0,
          1679.0
        ]
      },
      "geometry": {
        "type": "LineString",
        "coordinates": [
          [
            36.828414,
            -1.227985
          ],
          [
            36.828397,
            -1.22777
          ],
          [
            36.82844,
            -1.227424
          ]
        ]
      }
    },
    {
      "type": "Feature",
      "properties": {
        "contig_id": 419,
        "length_m": 15.577,
        "segment_count": 2,
        "way_names": [],
        "way_ids": [
          1335913330
        ],
        "endpoint_node_ids": [
          12357729135,
          12357729137
        ],
        "node_ids": [
          12357729135,
          12357729136,
          12357729137
        ],
        "tags": {
          "local:boundary_refs": "r13626194",
          "local:boundary_zone": "buffer"
        },
        "elevations_m": [
          1641.0,
          1640.0,
          1638.0
        ]
      },
      "geometry": {
        "type": "LineString",
        "coordinates": [
          [
            36.85548,
            -1.248072
          ],
          [
            36.855521,
            -1.248037
          ],
          [
            36.855601,
            -1.248004
          ]
        ]
      }
    },
    {
      "type": "Feature",
      "properties": {
        "contig_id": 420,
        "length_m": 21.109,
        "segment_count": 3,
        "way_names": [],
        "way_ids": [
          1335913330
        ],
        "endpoint_node_ids": [
          12357729137,
          12357729140
        ],
        "node_ids": [
          12357729137,
          12357729138,
          12357729139,
          12357729140
        ],
        "tags": {
          "local:boundary_refs": "r13626194",
          "local:boundary_zone": "core"
        },
        "elevations_m": [
          1638.0,
          1638.0,
          1637.0,
          1634.0
        ]
      },
      "geometry": {
        "type": "LineString",
        "coordinates": [
          [
            36.855601,
            -1.248004
          ],
          [
            36.855635,
            -1.248007
          ],
          [
            36.855672,
            -1.248019
          ],
          [
            36.855781,
            -1.248063
          ]
        ]
      }
    },
    {
      "type": "Feature",
      "properties": {
        "contig_id": 421,
        "length_m": 41.927,
        "segment_count": 1,
        "way_names": [],
        "way_ids": [
          1335913330
        ],
        "endpoint_node_ids": [
          12357729140,
          12357729141
        ],
        "node_ids": [
          12357729140,
          12357729141
        ],
        "tags": {
          "local:boundary_refs": "r13626194",
          "local:boundary_zone": "buffer"
        },
        "elevations_m": [
          1634.0,
          1636.0
        ]
      },
      "geometry": {
        "type": "LineString",
        "coordinates": [
          [
            36.855781,
            -1.248063
          ],
          [
            36.856125,
            -1.248216
          ]
        ]
      }
    },
    {
      "type": "Feature",
      "properties": {
        "contig_id": 422,
        "length_m": 124.158,
        "segment_count": 17,
        "way_names": [],
        "way_ids": [
          1422774607
        ],
        "endpoint_node_ids": [
          13075347358,
          13075347375
        ],
        "node_ids": [
          13075347358,
          13075347359,
          13075347360,
          13075347361,
          13075347362,
          13075347363,
          13075347364,
          13075347365,
          13075347366,
          13075347367,
          13075347368,
          13075347369,
          13075347370,
          13075347371,
          13075347372,
          13075347373,
          13075347374,
          13075347375
        ],
        "tags": {
          "local:boundary_refs": "r13626194",
          "local:boundary_zone": "core"
        },
        "elevations_m": [
          1672.0,
          1674.0,
          1676.0,
          1677.0,
          1678.0,
          1679.0,
          1679.0,
          1680.0,
          1681.0,
          1681.0,
          1682.0,
          1682.0,
          1683.0,
          1683.0,
          1684.0,
          1685.0,
          1687.0,
          1688.0
        ]
      },
      "geometry": {
        "type": "LineString",
        "coordinates": [
          [
            36.817706,
            -1.247239
          ],
          [
            36.817703,
            -1.247142
          ],
          [
            36.817734,
            -1.247056
          ],
          [
            36.817732,
            -1.246994
          ],
          [
            36.817723,
            -1.246942
          ],
          [
            36.817711,
            -1.246898
          ],
          [
            36.817685,
            -1.246856
          ],
          [
            36.817695,
            -1.246772
          ],
          [
            36.817664,
            -1.246739
          ],
          [
            36.817582,
            -1.246712
          ],
          [
            36.817585,
            -1.246657
          ],
          [
            36.817564,
            -1.246628
          ],
          [
            36.817552,
            -1.246603
          ],
          [
            36.817496,
            -1.246579
          ],
          [
            36.817445,
            -1.246563
          ],
          [
            36.817374,
            -1.24649
          ],
          [
            36.817338,
            -1.246406
          ],
          [
            36.817317,
            -1.246332
          ]
        ]
      }
    },
    {
      "type": "Feature",
      "properties": {
        "contig_id": 423,
        "length_m": 254.212,
        "segment_count": 5,
        "way_names": [
          "Olive Path"
        ],
        "way_ids": [
          142061818
        ],
        "endpoint_node_ids": [
          13075347375,
          13075347376
        ],
        "node_ids": [
          13075347375,
          1554851718,
          1554851724,
          1554851726,
          1554851733,
          13075347376
        ],
        "tags": {
          "local:boundary_refs": "r13626194",
          "local:boundary_zone": "core"
        },
        "elevations_m": [
          1688.0,
          1690.0,
          1693.0,
          1697.0,
          1694.0,
          1694.0
        ]
      },
      "geometry": {
        "type": "LineString",
        "coordinates": [
          [
            36.817317,
            -1.246332
          ],
          [
            36.817378,
            -1.246213
          ],
          [
            36.817582,
            -1.245918
          ],
          [
            36.818075,
            -1.245044
          ],
          [
            36.818376,
            -1.244507
          ],
          [
            36.818452,
            -1.24435
          ]
        ]
      }
    },
    {
      "type": "Feature",
      "properties": {
        "contig_id": 424,
        "length_m": 262.614,
        "segment_count": 19,
        "way_names": [],
        "way_ids": [
          1422774608
        ],
        "endpoint_node_ids": [
          13075347376,
          13075347395
        ],
        "node_ids": [
          13075347376,
          13075347377,
          13075347378,
          13075347379,
          13075347380,
          13075347381,
          13075347382,
          13075347383,
          13075347384,
          13075347385,
          13075347386,
          13075347387,
          13075347388,
          13075347389,
          13075347390,
          13075347391,
          13075347392,
          13075347393,
          13075347394,
          13075347395
        ],
        "tags": {
          "local:boundary_refs": "r13626194",
          "local:boundary_zone": "core"
        },
        "elevations_m": [
          1694.0,
          1694.0,
          1694.0,
          1693.0,
          1693.0,
          1694.0,
          1693.0,
          1693.0,
          1694.0,
          1696.0,
          1696.0,
          1695.0,
          1693.0,
          1692.0,
          1692.0,
          1692.0,
          1692.0,
          1692.0,
          1692.0,
          1693.0
        ]
      },
      "geometry": {
        "type": "LineString",
        "coordinates": [
          [
            36.818452,
            -1.24435
          ],
          [
            36.818512,
            -1.244352
          ],
          [
            36.81859,
            -1.244335
          ],
          [
            36.818653,
            -1.244298
          ],
          [
            36.818703,
            -1.244273
          ],
          [
            36.818812,
            -1.244296
          ],
          [
            36.81897,
            -1.244352
          ],
          [
            36.819138,
            -1.244408
          ],
          [
            36.819463,
            -1.244621
          ],
          [
            36.81975,
            -1.244612
          ],
          [
            36.81982,
            -1.244644
          ],
          [
            36.820029,
            -1.244637
          ],
          [
            36.82021,
            -1.244582
          ],
          [
            36.820288,
            -1.244574
          ],
          [
            36.820378,
            -1.244562
          ],
          [
            36.82042,
            -1.244521
          ],
          [
            36.820453,
            -1.244484
          ],
          [
            36.820535,
            -1.244464
          ],
          [
            36.820585,
            -1.244449
          ],
          [
            36.820656,
            -1.244442
          ]
        ]
      }
    },
    {
      "type": "Feature",
      "properties": {
        "contig_id": 425,
        "length_m": 6.204,
        "segment_count": 1,
        "way_names": [
          "Lake Trail"
        ],
        "way_ids": [
          196510851
        ],
        "endpoint_node_ids": [
          13075347395,
          13768348454
        ],
        "node_ids": [
          13075347395,
          13768348454
        ],
        "tags": {
          "local:boundary_refs": "r13626194",
          "local:boundary_zone": "core"
        },
        "elevations_m": [
          1693.0,
          1693.0
        ]
      },
      "geometry": {
        "type": "LineString",
        "coordinates": [
          [
            36.820656,
            -1.244442
          ],
          [
            36.820712,
            -1.244443
          ]
        ]
      }
    },
    {
      "type": "Feature",
      "properties": {
        "contig_id": 426,
        "length_m": 99.378,
        "segment_count": 5,
        "way_names": [
          "Mukeu Trail"
        ],
        "way_ids": [
          280717984
        ],
        "endpoint_node_ids": [
          13128031313,
          13845622417
        ],
        "node_ids": [
          13128031313,
          2847798072,
          2847798933,
          2847798932,
          2847798931,
          13845622417
        ],
        "tags": {
          "local:boundary_refs": "w24040003",
          "local:boundary_zone": "core"
        },
        "elevations_m": [
          1705.0,
          1705.0,
          1705.0,
          1705.0,
          1704.0,
          1704.0
        ]
      },
      "geometry": {
        "type": "LineString",
        "coordinates": [
          [
            36.809381,
            -1.246914
          ],
          [
            36.809331,
            -1.246969
          ],
          [
            36.80927,
            -1.247004
          ],
          [
            36.809127,
            -1.24702
          ],
          [
            36.808649,
            -1.247177
          ],
          [
            36.808549,
            -1.247202
          ]
        ]
      }
    },
    {
      "type": "Feature",
      "properties": {
        "contig_id": 427,
        "length_m": 16.548,
        "segment_count": 2,
        "way_names": [
          "Mukeu Trail"
        ],
        "way_ids": [
          280717984
        ],
        "endpoint_node_ids": [
          13128031313,
          13845622410
        ],
        "node_ids": [
          13128031313,
          2847798934,
          13845622410
        ],
        "tags": {
          "local:boundary_refs": "w24040003",
          "local:boundary_zone": "core"
        },
        "elevations_m": [
          1705.0,
          1705.0,
          1704.0
        ]
      },
      "geometry": {
        "type": "LineString",
        "coordinates": [
          [
            36.809381,
            -1.246914
          ],
          [
            36.809404,
            -1.246889
          ],
          [
            36.809431,
            -1.246778
          ]
        ]
      }
    },
    {
      "type": "Feature",
      "properties": {
        "contig_id": 428,
        "length_m": 10.016,
        "segment_count": 1,
        "way_names": [],
        "way_ids": [
          1427968754
        ],
        "endpoint_node_ids": [
          13128031313,
          13845622416
        ],
        "node_ids": [
          13128031313,
          13845622416
        ],
        "tags": {
          "local:boundary_refs": "w24040003",
          "local:boundary_zone": "core"
        },
        "elevations_m": [
          1705.0,
          1705.0
        ]
      },
      "geometry": {
        "type": "LineString",
        "coordinates": [
          [
            36.809381,
            -1.246914
          ],
          [
            36.809458,
            -1.246961
          ]
        ]
      }
    },
    {
      "type": "Feature",
      "properties": {
        "contig_id": 429,
        "length_m": 45.023,
        "segment_count": 1,
        "way_names": [],
        "way_ids": [
          1504625701
        ],
        "endpoint_node_ids": [
          13768011702,
          13768011703
        ],
        "node_ids": [
          13768011702,
          13768011703
        ],
        "tags": {
          "local:boundary_refs": "r13626194",
          "local:boundary_zone": "buffer",
          "local:routing_state": "include"
        },
        "elevations_m": [
          1686.0,
          1690.0
        ]
      },
      "geometry": {
        "type": "LineString",
        "coordinates": [
          [
            36.821067,
            -1.225086
          ],
          [
            36.820664,
            -1.225128
          ]
        ]
      }
    },
    {
      "type": "Feature",
      "properties": {
        "contig_id": 430,
        "length_m": 146.334,
        "segment_count": 4,
        "way_names": [],
        "way_ids": [
          1504625701
        ],
        "endpoint_node_ids": [
          13768011703,
          13768011707
        ],
        "node_ids": [
          13768011703,
          13768011704,
          13768011705,
          13768011706,
          13768011707
        ],
        "tags": {
          "local:boundary_refs": "r13626194",
          "local:boundary_zone": "core"
        },
        "elevations_m": [
          1690.0,
          1690.0,
          1692.0,
          1693.0,
          1695.0
        ]
      },
      "geometry": {
        "type": "LineString",
        "coordinates": [
          [
            36.820664,
            -1.225128
          ],
          [
            36.820207,
            -1.225075
          ],
          [
            36.819842,
            -1.225154
          ],
          [
            36.819669,
            -1.225306
          ],
          [
            36.819501,
            -1.225495
          ]
        ]
      }
    },
    {
      "type": "Feature",
      "properties": {
        "contig_id": 431,
        "length_m": 832.027,
        "segment_count": 38,
        "way_names": [],
        "way_ids": [
          1504644448
        ],
        "endpoint_node_ids": [
          13768222683,
          13768253221
        ],
        "node_ids": [
          13768222683,
          13768222684,
          13768222685,
          13768222686,
          13768222687,
          13768222688,
          13768222689,
          13768222690,
          13768222691,
          13768222692,
          13768222693,
          13768222694,
          13768222695,
          13768222696,
          13768222697,
          13768222698,
          13768222699,
          13768222700,
          13768253201,
          13768253202,
          13768253203,
          13768253204,
          13768253205,
          13768253206,
          13768253207,
          13768253208,
          13768253209,
          13768253210,
          13768253211,
          13768253212,
          13768253213,
          13768253214,
          13768253215,
          13768253216,
          13768253217,
          13768253218,
          13768253219,
          13768253220,
          13768253221
        ],
        "tags": {
          "local:boundary_refs": "r13626194",
          "local:boundary_zone": "core"
        },
        "elevations_m": [
          1687.0,
          1687.0,
          1686.0,
          1682.0,
          1681.0,
          1680.0,
          1680.0,
          1682.0,
          1685.0,
          1687.0,
          1687.0,
          1683.0,
          1679.0,
          1675.0,
          1674.0,
          1674.0,
          1675.0,
          1676.0,
          1677.0,
          1676.0,
          1676.0,
          1675.0,
          1675.0,
          1675.0,
          1675.0,
          1676.0,
          1676.0,
          1676.0,
          1675.0,
          1674.0,
          1674.0,
          1674.0,
          1673.0,
          1673.0,
          1672.0,
          1673.0,
          1672.0,
          1671.0,
          1668.0
        ]
      },
      "geometry": {
        "type": "LineString",
        "coordinates": [
          [
            36.821579,
            -1.225727
          ],
          [
            36.821752,
            -1.225925
          ],
          [
            36.821996,
            -1.226057
          ],
          [
            36.822415,
            -1.226267
          ],
          [
            36.822601,
            -1.226411
          ],
          [
            36.822713,
            -1.226527
          ],
          [
            36.8228,
            -1.226678
          ],
          [
            36.82286,
            -1.226829
          ],
          [
            36.822965,
            -1.227041
          ],
          [
            36.823091,
            -1.227228
          ],
          [
            36.823198,
            -1.227383
          ],
          [
            36.823384,
            -1.227626
          ],
          [
            36.823523,
            -1.227691
          ],
          [
            36.823665,
            -1.227759
          ],
          [
            36.823724,
            -1.227839
          ],
          [
            36.823791,
            -1.227957
          ],
          [
            36.823882,
            -1.228031
          ],
          [
            36.824013,
            -1.228074
          ],
          [
            36.824179,
            -1.228082
          ],
          [
            36.824413,
            -1.228112
          ],
          [
            36.82451,
            -1.228168
          ],
          [
            36.824668,
            -1.228287
          ],
          [
            36.824829,
            -1.228375
          ],
          [
            36.82502,
            -1.228464
          ],
          [
            36.825283,
            -1.228583
          ],
          [
            36.82549,
            -1.228693
          ],
          [
            36.825658,
            -1.228786
          ],
          [
            36.825829,
            -1.22886
          ],
          [
            36.826103,
            -1.228987
          ],
          [
            36.826304,
            -1.229054
          ],
          [
            36.826517,
            -1.229151
          ],
          [
            36.826657,
            -1.229184
          ],
          [
            36.826751,
            -1.229233
          ],
          [
            36.826864,
            -1.229319
          ],
          [
            36.826984,
            -1.229395
          ],
          [
            36.827099,
            -1.229454
          ],
          [
            36.827278,
            -1.229515
          ],
          [
            36.827417,
            -1.229553
          ],
          [
            36.827647,
            -1.229583
          ]
        ]
      }
    },
    {
      "type": "Feature",
      "properties": {
        "contig_id": 432,
        "length_m": 53.141,
        "segment_count": 1,
        "way_names": [],
        "way_ids": [
          1504673113
        ],
        "endpoint_node_ids": [
          13768277790,
          13768277791
        ],
        "node_ids": [
          13768277790,
          13768277791
        ],
        "tags": {
          "local:boundary_refs": "r15417497",
          "local:boundary_zone": "core"
        },
        "elevations_m": [
          1698.0,
          1693.0
        ]
      },
      "geometry": {
        "type": "LineString",
        "coordinates": [
          [
            36.822495,
            -1.233645
          ],
          [
            36.822957,
            -1.233521
          ]
        ]
      }
    },
    {
      "type": "Feature",
      "properties": {
        "contig_id": 433,
        "length_m": 36.908,
        "segment_count": 1,
        "way_names": [],
        "way_ids": [
          1504673113
        ],
        "endpoint_node_ids": [
          13768277791,
          13768277792
        ],
        "node_ids": [
          13768277791,
          13768277792
        ],
        "tags": {
          "local:boundary_refs": "r13626194,r15417497",
          "local:boundary_zone": "buffer"
        },
        "elevations_m": [
          1693.0,
          1694.0
        ]
      },
      "geometry": {
        "type": "LineString",
        "coordinates": [
          [
            36.822957,
            -1.233521
          ],
          [
            36.823265,
            -1.233397
          ]
        ]
      }
    },
    {
      "type": "Feature",
      "properties": {
        "contig_id": 434,
        "length_m": 68.025,
        "segment_count": 2,
        "way_names": [],
        "way_ids": [
          1504673113
        ],
        "endpoint_node_ids": [
          13768277792,
          13768277794
        ],
        "node_ids": [
          13768277792,
          13768277793,
          13768277794
        ],
        "tags": {
          "local:boundary_refs": "r13626194",
          "local:boundary_zone": "core"
        },
        "elevations_m": [
          1694.0,
          1694.0,
          1685.0
        ]
      },
      "geometry": {
        "type": "LineString",
        "coordinates": [
          [
            36.823265,
            -1.233397
          ],
          [
            36.823601,
            -1.233224
          ],
          [
            36.823798,
            -1.233098
          ]
        ]
      }
    },
    {
      "type": "Feature",
      "properties": {
        "contig_id": 435,
        "length_m": 27.71,
        "segment_count": 1,
        "way_names": [],
        "way_ids": [
          1504672083
        ],
        "endpoint_node_ids": [
          13768348454,
          13768348455
        ],
        "node_ids": [
          13768348454,
          13768348455
        ],
        "tags": {
          "local:boundary_refs": "r13626194",
          "local:boundary_zone": "core"
        },
        "elevations_m": [
          1693.0,
          1694.0
        ]
      },
      "geometry": {
        "type": "LineString",
        "coordinates": [
          [
            36.820712,
            -1.244443
          ],
          [
            36.820712,
            -1.244692
          ]
        ]
      }
    },
    {
      "type": "Feature",
      "properties": {
        "contig_id": 436,
        "length_m": 26.562,
        "segment_count": 1,
        "way_names": [
          "Lake Trail"
        ],
        "way_ids": [
          196510851
        ],
        "endpoint_node_ids": [
          13768348454,
          13768348456
        ],
        "node_ids": [
          13768348454,
          13768348456
        ],
        "tags": {
          "local:boundary_refs": "r13626194",
          "local:boundary_zone": "core"
        },
        "elevations_m": [
          1693.0,
          1694.0
        ]
      },
      "geometry": {
        "type": "LineString",
        "coordinates": [
          [
            36.820712,
            -1.244443
          ],
          [
            36.820951,
            -1.244447
          ]
        ]
      }
    },
    {
      "type": "Feature",
      "properties": {
        "contig_id": 437,
        "length_m": 38.031,
        "segment_count": 1,
        "way_names": [],
        "way_ids": [
          1504672083
        ],
        "endpoint_node_ids": [
          13768348455,
          13768348456
        ],
        "node_ids": [
          13768348455,
          13768348456
        ],
        "tags": {
          "local:boundary_refs": "r13626194",
          "local:boundary_zone": "core"
        },
        "elevations_m": [
          1694.0,
          1694.0
        ]
      },
      "geometry": {
        "type": "LineString",
        "coordinates": [
          [
            36.820712,
            -1.244692
          ],
          [
            36.820951,
            -1.244447
          ]
        ]
      }
    },
    {
      "type": "Feature",
      "properties": {
        "contig_id": 438,
        "length_m": 373.961,
        "segment_count": 16,
        "way_names": [],
        "way_ids": [
          1504672084
        ],
        "endpoint_node_ids": [
          13768348455,
          13768348472
        ],
        "node_ids": [
          13768348455,
          13768348457,
          13768348458,
          13768348459,
          13768348460,
          13768348461,
          13768348462,
          13768348463,
          13768348464,
          13768348465,
          13768348466,
          13768348467,
          13768348468,
          13768348469,
          13768348470,
          13768348471,
          13768348472
        ],
        "tags": {
          "local:boundary_refs": "r13626194",
          "local:boundary_zone": "core"
        },
        "elevations_m": [
          1694.0,
          1694.0,
          1695.0,
          1695.0,
          1695.0,
          1693.0,
          1691.0,
          1693.0,
          1691.0,
          1690.0,
          1689.0,
          1690.0,
          1690.0,
          1692.0,
          1693.0,
          1694.0,
          1696.0
        ]
      },
      "geometry": {
        "type": "LineString",
        "coordinates": [
          [
            36.820712,
            -1.244692
          ],
          [
            36.820727,
            -1.244942
          ],
          [
            36.820796,
            -1.245052
          ],
          [
            36.820905,
            -1.245139
          ],
          [
            36.820955,
            -1.245302
          ],
          [
            36.820947,
            -1.245472
          ],
          [
            36.821015,
            -1.245616
          ],
          [
            36.821185,
            -1.245472
          ],
          [
            36.821314,
            -1.245578
          ],
          [
            36.821442,
            -1.245591
          ],
          [
            36.821606,
            -1.24566
          ],
          [
            36.821903,
            -1.245674
          ],
          [
            36.822136,
            -1.245683
          ],
          [
            36.822338,
            -1.24571
          ],
          [
            36.822567,
            -1.24584
          ],
          [
            36.822793,
            -1.245911
          ],
          [
            36.823151,
            -1.246117
          ]
        ]
      }
    },
    {
      "type": "Feature",
      "properties": {
        "contig_id": 439,
        "length_m": 385.709,
        "segment_count": 9,
        "way_names": [],
        "way_ids": [
          1504672084
        ],
        "endpoint_node_ids": [
          13768348472,
          13768348481
        ],
        "node_ids": [
          13768348472,
          13768348473,
          13768348474,
          13768348475,
          13768348476,
          13768348477,
          13768348478,
          13768348479,
          13768348480,
          13768348481
        ],
        "tags": {
          "local:boundary_refs": "r13626194",
          "local:boundary_zone": "core"
        },
        "elevations_m": [
          1696.0,
          1692.0,
          1689.0,
          1684.0,
          1688.0,
          1684.0,
          1685.0,
          1685.0,
          1687.0,
          1687.0
        ]
      },
      "geometry": {
        "type": "LineString",
        "coordinates": [
          [
            36.823151,
            -1.246117
          ],
          [
            36.823448,
            -1.246228
          ],
          [
            36.823651,
            -1.246395
          ],
          [
            36.823866,
            -1.24682
          ],
          [
            36.824238,
            -1.246999
          ],
          [
            36.82476,
            -1.247192
          ],
          [
            36.82509,
            -1.247107
          ],
          [
            36.825459,
            -1.247268
          ],
          [
            36.825814,
            -1.247251
          ],
          [
            36.82603,
            -1.246982
          ]
        ]
      }
    },
    {
      "type": "Feature",
      "properties": {
        "contig_id": 440,
        "length_m": 60.916,
        "segment_count": 1,
        "way_names": [],
        "way_ids": [
          1504672085
        ],
        "endpoint_node_ids": [
          13768348472,
          13768348482
        ],
        "node_ids": [
          13768348472,
          13768348482
        ],
        "tags": {
          "local:boundary_refs": "r13626194",
          "local:boundary_zone": "core"
        },
        "elevations_m": [
          1696.0,
          1694.0
        ]
      },
      "geometry": {
        "type": "LineString",
        "coordinates": [
          [
            36.823151,
            -1.246117
          ],
          [
            36.823284,
            -1.245586
          ]
        ]
      }
    },
    {
      "type": "Feature",
      "properties": {
        "contig_id": 441,
        "length_m": 62.338,
        "segment_count": 1,
        "way_names": [],
        "way_ids": [
          1504672085
        ],
        "endpoint_node_ids": [
          13768348472,
          13768348483
        ],
        "node_ids": [
          13768348472,
          13768348483
        ],
        "tags": {
          "local:boundary_refs": "r13626194",
          "local:boundary_zone": "core"
        },
        "elevations_m": [
          1696.0,
          1684.0
        ]
      },
      "geometry": {
        "type": "LineString",
        "coordinates": [
          [
            36.823151,
            -1.246117
          ],
          [
            36.823028,
            -1.246664
          ]
        ]
      }
    },
    {
      "type": "Feature",
      "properties": {
        "contig_id": 442,
        "length_m": 361.346,
        "segment_count": 9,
        "way_names": [],
        "way_ids": [
          1504672086
        ],
        "endpoint_node_ids": [
          13768348481,
          13768348482
        ],
        "node_ids": [
          13768348481,
          13768348499,
          13768348498,
          13768348497,
          13768348496,
          13768348495,
          13768348494,
          13768348493,
          13768348492,
          13768348482
        ],
        "tags": {
          "local:boundary_refs": "r13626194",
          "local:boundary_zone": "core"
        },
        "elevations_m": [
          1687.0,
          1690.0,
          1692.0,
          1691.0,
          1691.0,
          1692.0,
          1692.0,
          1694.0,
          1695.0,
          1694.0
        ]
      },
      "geometry": {
        "type": "LineString",
        "coordinates": [
          [
            36.82603,
            -1.246982
          ],
          [
            36.825661,
            -1.246942
          ],
          [
            36.825308,
            -1.246669
          ],
          [
            36.824979,
            -1.246512
          ],
          [
            36.824869,
            -1.246333
          ],
          [
            36.824613,
            -1.246139
          ],
          [
            36.824207,
            -1.246008
          ],
          [
            36.823847,
            -1.245766
          ],
          [
            36.823681,
            -1.245544
          ],
          [
            36.823284,
            -1.245586
          ]
        ]
      }
    },
    {
      "type": "Feature",
      "properties": {
        "contig_id": 443,
        "length_m": 381.603,
        "segment_count": 10,
        "way_names": [],
        "way_ids": [
          1504822990
        ],
        "endpoint_node_ids": [
          13769333317,
          13769333327
        ],
        "node_ids": [
          13769333317,
          13769333318,
          13769333319,
          13769333320,
          13769333321,
          13769333322,
          13769333323,
          13769333324,
          13769333325,
          13769333326,
          13769333327
        ],
        "tags": {
          "local:boundary_refs": "r13626194",
          "local:boundary_zone": "core"
        },
        "elevations_m": [
          1673.0,
          1672.0,
          1667.0,
          1664.0,
          1663.0,
          1665.0,
          1663.0,
          1661.0,
          1664.0,
          1666.0,
          1664.0
        ]
      },
      "geometry": {
        "type": "LineString",
        "coordinates": [
          [
            36.837182,
            -1.236255
          ],
          [
            36.837652,
            -1.236484
          ],
          [
            36.837892,
            -1.236534
          ],
          [
            36.838179,
            -1.236604
          ],
          [
            36.838437,
            -1.236726
          ],
          [
            36.838673,
            -1.23694
          ],
          [
            36.839011,
            -1.237071
          ],
          [
            36.839302,
            -1.237113
          ],
          [
            36.83965,
            -1.237212
          ],
          [
            36.839861,
            -1.237469
          ],
          [
            36.840115,
            -1.237796
          ]
        ]
      }
    },
    {
      "type": "Feature",
      "properties": {
        "contig_id": 444,
        "length_m": 351.03,
        "segment_count": 12,
        "way_names": [],
        "way_ids": [
          1504829330
        ],
        "endpoint_node_ids": [
          13769333327,
          13769344192
        ],
        "node_ids": [
          13769333327,
          13769344181,
          13769344182,
          13769344183,
          13769344184,
          13769344185,
          13769344186,
          13769344187,
          13769344188,
          13769344189,
          13769344190,
          13769344191,
          13769344192
        ],
        "tags": {
          "local:boundary_refs": "r13626194",
          "local:boundary_zone": "core"
        },
        "elevations_m": [
          1664.0,
          1662.0,
          1661.0,
          1659.0,
          1658.0,
          1658.0,
          1659.0,
          1661.0,
          1664.0,
          1665.0,
          1666.0,
          1667.0,
          1669.0
        ]
      },
      "geometry": {
        "type": "LineString",
        "coordinates": [
          [
            36.840115,
            -1.237796
          ],
          [
            36.840374,
            -1.237923
          ],
          [
            36.840551,
            -1.237894
          ],
          [
            36.840849,
            -1.237945
          ],
          [
            36.841037,
            -1.238078
          ],
          [
            36.841294,
            -1.238111
          ],
          [
            36.841595,
            -1.238113
          ],
          [
            36.84183,
            -1.238147
          ],
          [
            36.842073,
            -1.238194
          ],
          [
            36.842346,
            -1.23818
          ],
          [
            36.84261,
            -1.238206
          ],
          [
            36.842853,
            -1.238261
          ],
          [
            36.843173,
            -1.238309
          ]
        ]
      }
    },
    {
      "type": "Feature",
      "properties": {
        "contig_id": 445,
        "length_m": 128.874,
        "segment_count": 5,
        "way_names": [],
        "way_ids": [
          1504829331
        ],
        "endpoint_node_ids": [
          13769344192,
          13769344199
        ],
        "node_ids": [
          13769344192,
          13769344195,
          13769344196,
          13769344197,
          13769344198,
          13769344199
        ],
        "tags": {
          "local:boundary_refs": "r13626194",
          "local:boundary_zone": "core"
        },
        "elevations_m": [
          1669.0,
          1670.0,
          1673.0,
          1673.0,
          1672.0,
          1672.0
        ]
      },
      "geometry": {
        "type": "LineString",
        "coordinates": [
          [
            36.843173,
            -1.238309
          ],
          [
            36.843295,
            -1.238487
          ],
          [
            36.843347,
            -1.238817
          ],
          [
            36.843399,
            -1.239108
          ],
          [
            36.843428,
            -1.23931
          ],
          [
            36.843527,
            -1.239356
          ]
        ]
      }
    },
    {
      "type": "Feature",
      "properties": {
        "contig_id": 446,
        "length_m": 38.71,
        "segment_count": 1,
        "way_names": [],
        "way_ids": [
          1504838854
        ],
        "endpoint_node_ids": [
          13769344199,
          13769344200
        ],
        "node_ids": [
          13769344199,
          13769344200
        ],
        "tags": {
          "local:boundary_refs": "r13626194",
          "local:boundary_zone": "core"
        },
        "elevations_m": [
          1672.0,
          1670.0
        ]
      },
      "geometry": {
        "type": "LineString",
        "coordinates": [
          [
            36.843527,
            -1.239356
          ],
          [
            36.843546,
            -1.239703
          ]
        ]
      }
    },
    {
      "type": "Feature",
      "properties": {
        "contig_id": 447,
        "length_m": 26.715,
        "segment_count": 1,
        "way_names": [],
        "way_ids": [
          1504838854
        ],
        "endpoint_node_ids": [
          13769344199,
          13769374297
        ],
        "node_ids": [
          13769344199,
          13769374297
        ],
        "tags": {
          "local:boundary_refs": "r13626194",
          "local:boundary_zone": "core"
        },
        "elevations_m": [
          1672.0,
          1672.0
        ]
      },
      "geometry": {
        "type": "LineString",
        "coordinates": [
          [
            36.843527,
            -1.239356
          ],
          [
            36.843767,
            -1.239354
          ]
        ]
      }
    },
    {
      "type": "Feature",
      "properties": {
        "contig_id": 448,
        "length_m": 25.579,
        "segment_count": 1,
        "way_names": [],
        "way_ids": [
          1504838854
        ],
        "endpoint_node_ids": [
          13769344200,
          13769374298
        ],
        "node_ids": [
          13769344200,
          13769374298
        ],
        "tags": {
          "local:boundary_refs": "r13626194",
          "local:boundary_zone": "core"
        },
        "elevations_m": [
          1670.0,
          1669.0
        ]
      },
      "geometry": {
        "type": "LineString",
        "coordinates": [
          [
            36.843546,
            -1.239703
          ],
          [
            36.843776,
            -1.239723
          ]
        ]
      }
    },
    {
      "type": "Feature",
      "properties": {
        "contig_id": 449,
        "length_m": 28.592,
        "segment_count": 1,
        "way_names": [
          "Wangari Maathai Trail"
        ],
        "way_ids": [
          692748275
        ],
        "endpoint_node_ids": [
          13769344200,
          13769374300
        ],
        "node_ids": [
          13769344200,
          13769374300
        ],
        "tags": {
          "local:boundary_refs": "r13626194",
          "local:boundary_zone": "core"
        },
        "elevations_m": [
          1670.0,
          1669.0
        ]
      },
      "geometry": {
        "type": "LineString",
        "coordinates": [
          [
            36.843546,
            -1.239703
          ],
          [
            36.843784,
            -1.239803
          ]
        ]
      }
    },
    {
      "type": "Feature",
      "properties": {
        "contig_id": 450,
        "length_m": 28.074,
        "segment_count": 1,
        "way_names": [
          "Wangari Maathai Trail"
        ],
        "way_ids": [
          692748275
        ],
        "endpoint_node_ids": [
          13769344200,
          13769449752
        ],
        "node_ids": [
          13769344200,
          13769449752
        ],
        "tags": {
          "local:boundary_refs": "r13626194",
          "local:boundary_zone": "core"
        },
        "elevations_m": [
          1670.0,
          1670.0
        ]
      },
      "geometry": {
        "type": "LineString",
        "coordinates": [
          [
            36.843546,
            -1.239703
          ],
          [
            36.843314,
            -1.239606
          ]
        ]
      }
    },
    {
      "type": "Feature",
      "properties": {
        "contig_id": 451,
        "length_m": 41.008,
        "segment_count": 1,
        "way_names": [],
        "way_ids": [
          1504838855
        ],
        "endpoint_node_ids": [
          13769374297,
          13769374298
        ],
        "node_ids": [
          13769374297,
          13769374298
        ],
        "tags": {
          "local:boundary_refs": "r13626194",
          "local:boundary_zone": "core"
        },
        "elevations_m": [
          1672.0,
          1669.0
        ]
      },
      "geometry": {
        "type": "LineString",
        "coordinates": [
          [
            36.843767,
            -1.239354
          ],
          [
            36.843776,
            -1.239723
          ]
        ]
      }
    },
    {
      "type": "Feature",
      "properties": {
        "contig_id": 452,
        "length_m": 12.943,
        "segment_count": 1,
        "way_names": [],
        "way_ids": [
          1504838855
        ],
        "endpoint_node_ids": [
          13769374297,
          13769374299
        ],
        "node_ids": [
          13769374297,
          13769374299
        ],
        "tags": {
          "local:boundary_refs": "r13626194",
          "local:boundary_zone": "core"
        },
        "elevations_m": [
          1672.0,
          1673.0
        ]
      },
      "geometry": {
        "type": "LineString",
        "coordinates": [
          [
            36.843767,
            -1.239354
          ],
          [
            36.843863,
            -1.239287
          ]
        ]
      }
    },
    {
      "type": "Feature",
      "properties": {
        "contig_id": 453,
        "length_m": 8.972,
        "segment_count": 1,
        "way_names": [],
        "way_ids": [
          1504838855
        ],
        "endpoint_node_ids": [
          13769374298,
          13769374300
        ],
        "node_ids": [
          13769374298,
          13769374300
        ],
        "tags": {
          "local:boundary_refs": "r13626194",
          "local:boundary_zone": "core"
        },
        "elevations_m": [
          1669.0,
          1669.0
        ]
      },
      "geometry": {
        "type": "LineString",
        "coordinates": [
          [
            36.843776,
            -1.239723
          ],
          [
            36.843784,
            -1.239803
          ]
        ]
      }
    },
    {
      "type": "Feature",
      "properties": {
        "contig_id": 454,
        "length_m": 106.813,
        "segment_count": 4,
        "way_names": [],
        "way_ids": [
          1504852416
        ],
        "endpoint_node_ids": [
          13769449751,
          13769449752
        ],
        "node_ids": [
          13769449751,
          13769449755,
          13769449754,
          13769449753,
          13769449752
        ],
        "tags": {
          "local:boundary_refs": "r13626194",
          "local:boundary_zone": "core"
        },
        "elevations_m": [
          1669.0,
          1670.0,
          1670.0,
          1670.0,
          1670.0
        ]
      },
      "geometry": {
        "type": "LineString",
        "coordinates": [
          [
            36.843811,
            -1.240332
          ],
          [
            36.843571,
            -1.240151
          ],
          [
            36.84342,
            -1.240049
          ],
          [
            36.8433,
            -1.239857
          ],
          [
            36.843314,
            -1.239606
          ]
        ]
      }
    },
    {
      "type": "Feature",
      "properties": {
        "contig_id": 455,
        "length_m": 128.209,
        "segment_count": 5,
        "way_names": [],
        "way_ids": [
          1513021190
        ],
        "endpoint_node_ids": [
          13824469650,
          13824469656
        ],
        "node_ids": [
          13824469650,
          13824469651,
          13824469652,
          13824469653,
          13824469654,
          13824469656
        ],
        "tags": {
          "local:boundary_refs": "r13626194",
          "local:boundary_zone": "core"
        },
        "elevations_m": [
          1671.0,
          1686.0,
          1691.0,
          1692.0,
          1693.0,
          1694.0
        ]
      },
      "geometry": {
        "type": "LineString",
        "coordinates": [
          [
            36.815032,
            -1.244694
          ],
          [
            36.81527,
            -1.244104
          ],
          [
            36.815386,
            -1.243809
          ],
          [
            36.815451,
            -1.243747
          ],
          [
            36.815494,
            -1.243721
          ],
          [
            36.815554,
            -1.243722
          ]
        ]
      }
    },
    {
      "type": "Feature",
      "properties": {
        "contig_id": 456,
        "length_m": 28.264,
        "segment_count": 1,
        "way_names": [],
        "way_ids": [
          1516388843
        ],
        "endpoint_node_ids": [
          13845560500,
          13845622309
        ],
        "node_ids": [
          13845560500,
          13845622309
        ],
        "tags": {
          "local:boundary_refs": "w24040003",
          "local:boundary_zone": "core"
        },
        "elevations_m": [
          1728.0,
          1726.0
        ]
      },
      "geometry": {
        "type": "LineString",
        "coordinates": [
          [
            36.798407,
            -1.244738
          ],
          [
            36.798521,
            -1.244511
          ]
        ]
      }
    },
    {
      "type": "Feature",
      "properties": {
        "contig_id": 457,
        "length_m": 27.712,
        "segment_count": 1,
        "way_names": [],
        "way_ids": [
          1516388843
        ],
        "endpoint_node_ids": [
          13845622301,
          13845622309
        ],
        "node_ids": [
          13845622301,
          13845622309
        ],
        "tags": {
          "local:boundary_refs": "w24040003",
          "local:boundary_zone": "core"
        },
        "elevations_m": [
          1724.0,
          1726.0
        ]
      },
      "geometry": {
        "type": "LineString",
        "coordinates": [
          [
            36.798633,
            -1.244288
          ],
          [
            36.798521,
            -1.244511
          ]
        ]
      }
    },
    {
      "type": "Feature",
      "properties": {
        "contig_id": 458,
        "length_m": 208.136,
        "segment_count": 7,
        "way_names": [],
        "way_ids": [
          1516388844
        ],
        "endpoint_node_ids": [
          13845622302,
          13845622309
        ],
        "node_ids": [
          13845622302,
          13845622303,
          13845622304,
          13845622305,
          13845622306,
          13845622307,
          13845622308,
          13845622309
        ],
        "tags": {
          "local:boundary_refs": "w24040003",
          "local:boundary_zone": "core"
        },
        "elevations_m": [
          1721.0,
          1722.0,
          1723.0,
          1724.0,
          1724.0,
          1724.0,
          1724.0,
          1726.0
        ]
      },
      "geometry": {
        "type": "LineString",
        "coordinates": [
          [
            36.797671,
            -1.243078
          ],
          [
            36.797624,
            -1.243634
          ],
          [
            36.797732,
            -1.243901
          ],
          [
            36.79782,
            -1.244026
          ],
          [
            36.798004,
            -1.244213
          ],
          [
            36.798175,
            -1.244275
          ],
          [
            36.798308,
            -1.24442
          ],
          [
            36.798521,
            -1.244511
          ]
        ]
      }
    },
    {
      "type": "Feature",
      "properties": {
        "contig_id": 459,
        "length_m": 143.189,
        "segment_count": 5,
        "way_names": [],
        "way_ids": [
          1516388847
        ],
        "endpoint_node_ids": [
          13845622362,
          13845622366
        ],
        "node_ids": [
          13845622362,
          13845622367,
          13845622363,
          13845622364,
          13845622365,
          13845622366
        ],
        "tags": {
          "local:boundary_refs": "w24040003",
          "local:boundary_zone": "core"
        },
        "elevations_m": [
          1704.0,
          1702.0,
          1699.0,
          1697.0,
          1697.0,
          1701.0
        ]
      },
      "geometry": {
        "type": "LineString",
        "coordinates": [
          [
            36.80949,
            -1.242411
          ],
          [
            36.809664,
            -1.242369
          ],
          [
            36.809829,
            -1.242366
          ],
          [
            36.810136,
            -1.242307
          ],
          [
            36.81043,
            -1.24222
          ],
          [
            36.81068,
            -1.242428
          ]
        ]
      }
    },
    {
      "type": "Feature",
      "properties": {
        "contig_id": 460,
        "length_m": 41.101,
        "segment_count": 1,
        "way_names": [],
        "way_ids": [
          1516388846
        ],
        "endpoint_node_ids": [
          13845622362,
          13845622369
        ],
        "node_ids": [
          13845622362,
          13845622369
        ],
        "tags": {
          "local:boundary_refs": "w24040003",
          "local:boundary_zone": "core"
        },
        "elevations_m": [
          1704.0,
          1703.0
        ]
      },
      "geometry": {
        "type": "LineString",
        "coordinates": [
          [
            36.80949,
            -1.242411
          ],
          [
            36.809747,
            -1.242677
          ]
        ]
      }
    },
    {
      "type": "Feature",
      "properties": {
        "contig_id": 461,
        "length_m": 215.078,
        "segment_count": 6,
        "way_names": [],
        "way_ids": [
          1516388851
        ],
        "endpoint_node_ids": [
          13845622366,
          13845622395
        ],
        "node_ids": [
          13845622366,
          13845622390,
          13845622391,
          13845622392,
          13845622393,
          13845622394,
          13845622395
        ],
        "tags": {
          "local:boundary_refs": "w24040003",
          "local:boundary_zone": "core"
        },
        "elevations_m": [
          1701.0,
          1704.0,
          1706.0,
          1707.0,
          1708.0,
          1708.0,
          1706.0
        ]
      },
      "geometry": {
        "type": "LineString",
        "coordinates": [
          [
            36.81068,
            -1.242428
          ],
          [
            36.810317,
            -1.242698
          ],
          [
            36.810256,
            -1.243011
          ],
          [
            36.810305,
            -1.243203
          ],
          [
            36.810418,
            -1.243377
          ],
          [
            36.810443,
            -1.243815
          ],
          [
            36.810337,
            -1.244116
          ]
        ]
      }
    },
    {
      "type": "Feature",
      "properties": {
        "contig_id": 462,
        "length_m": 240.964,
        "segment_count": 5,
        "way_names": [],
        "way_ids": [
          755810767,
          1516388845
        ],
        "endpoint_node_ids": [
          13845622368,
          13845622389
        ],
        "node_ids": [
          13845622368,
          7059335497,
          7059335496,
          7059335495,
          7059335494,
          13845622389
        ],
        "tags": {
          "local:boundary_refs": "w24040003",
          "local:boundary_zone": "core"
        },
        "elevations_m": [
          1729.0,
          1728.0,
          1732.0,
          1732.0,
          1735.0,
          1736.0
        ]
      },
      "geometry": {
        "type": "LineString",
        "coordinates": [
          [
            36.797408,
            -1.237016
          ],
          [
            36.797259,
            -1.23718
          ],
          [
            36.797006,
            -1.237562
          ],
          [
            36.797017,
            -1.237892
          ],
          [
            36.796605,
            -1.238543
          ],
          [
            36.79638,
            -1.238857
          ]
        ]
      }
    },
    {
      "type": "Feature",
      "properties": {
        "contig_id": 463,
        "length_m": 24.332,
        "segment_count": 1,
        "way_names": [],
        "way_ids": [
          1516388848
        ],
        "endpoint_node_ids": [
          13845622380,
          13845622381
        ],
        "node_ids": [
          13845622380,
          13845622381
        ],
        "tags": {
          "local:boundary_refs": "w24040003",
          "local:boundary_zone": "core"
        },
        "elevations_m": [
          1736.0,
          1735.0
        ]
      },
      "geometry": {
        "type": "LineString",
        "coordinates": [
          [
            36.795628,
            -1.240564
          ],
          [
            36.795728,
            -1.240369
          ]
        ]
      }
    },
    {
      "type": "Feature",
      "properties": {
        "contig_id": 464,
        "length_m": 388.131,
        "segment_count": 15,
        "way_names": [],
        "way_ids": [
          1516388851
        ],
        "endpoint_node_ids": [
          13845622395,
          13845622410
        ],
        "node_ids": [
          13845622395,
          13845622396,
          13845622397,
          13845622398,
          13845622399,
          13845622400,
          13845622401,
          13845622402,
          13845622403,
          13845622404,
          13845622405,
          13845622406,
          13845622407,
          13845622408,
          13845622409,
          13845622410
        ],
        "tags": {
          "local:boundary_refs": "w24040003",
          "local:boundary_zone": "core"
        },
        "elevations_m": [
          1706.0,
          1706.0,
          1705.0,
          1705.0,
          1704.0,
          1703.0,
          1700.0,
          1700.0,
          1701.0,
          1703.0,
          1705.0,
          1706.0,
          1704.0,
          1704.0,
          1705.0,
          1704.0
        ]
      },
      "geometry": {
        "type": "LineString",
        "coordinates": [
          [
            36.810337,
            -1.244116
          ],
          [
            36.810571,
            -1.244158
          ],
          [
            36.810534,
            -1.244343
          ],
          [
            36.81034,
            -1.244466
          ],
          [
            36.810403,
            -1.244796
          ],
          [
            36.810327,
            -1.244999
          ],
          [
            36.810392,
            -1.245244
          ],
          [
            36.810281,
            -1.245473
          ],
          [
            36.810322,
            -1.24583
          ],
          [
            36.810278,
            -1.246001
          ],
          [
            36.810128,
            -1.24609
          ],
          [
            36.809963,
            -1.246292
          ],
          [
            36.809771,
            -1.246369
          ],
          [
            36.80971,
            -1.246579
          ],
          [
            36.809591,
            -1.24676
          ],
          [
            36.809431,
            -1.246778
          ]
        ]
      }
    },
    {
      "type": "Feature",
      "properties": {
        "contig_id": 465,
        "length_m": 120.104,
        "segment_count": 4,
        "way_names": [],
        "way_ids": [
          1516388853
        ],
        "endpoint_node_ids": [
          13845622412,
          13845622416
        ],
        "node_ids": [
          13845622412,
          13845622413,
          13845622414,
          13845622415,
          13845622416
        ],
        "tags": {
          "local:boundary_refs": "w24040003",
          "local:boundary_zone": "core"
        },
        "elevations_m": [
          1701.0,
          1702.0,
          1702.0,
          1705.0,
          1705.0
        ]
      },
      "geometry": {
        "type": "LineString",
        "coordinates": [
          [
            36.808715,
            -1.247485
          ],
          [
            36.809006,
            -1.247469
          ],
          [
            36.809184,
            -1.247501
          ],
          [
            36.809342,
            -1.247238
          ],
          [
            36.809458,
            -1.246961
          ]
        ]
      }
    },
    {
      "type": "Feature",
      "properties": {
        "contig_id": 466,
        "length_m": 36.374,
        "segment_count": 1,
        "way_names": [],
        "way_ids": [
          1516388854
        ],
        "endpoint_node_ids": [
          13845622412,
          13845622417
        ],
        "node_ids": [
          13845622412,
          13845622417
        ],
        "tags": {
          "local:boundary_refs": "w24040003",
          "local:boundary_zone": "core"
        },
        "elevations_m": [
          1701.0,
          1704.0
        ]
      },
      "geometry": {
        "type": "LineString",
        "coordinates": [
          [
            36.808715,
            -1.247485
          ],
          [
            36.808549,
            -1.247202
          ]
        ]
      }
    },
    {
      "type": "Feature",
      "properties": {
        "contig_id": 467,
        "length_m": 273.797,
        "segment_count": 6,
        "way_names": [],
        "way_ids": [
          1516388864
        ],
        "endpoint_node_ids": [
          13845622496,
          13845622502
        ],
        "node_ids": [
          13845622496,
          13845622497,
          13845622498,
          13845622499,
          13845622500,
          13845622501,
          13845622502
        ],
        "tags": {
          "local:boundary_refs": "w24040003",
          "local:boundary_zone": "core"
        },
        "elevations_m": [
          1737.0,
          1733.0,
          1731.0,
          1733.0,
          1733.0,
          1735.0,
          1736.0
        ]
      },
      "geometry": {
        "type": "LineString",
        "coordinates": [
          [
            36.794453,
            -1.242623
          ],
          [
            36.794186,
            -1.24257
          ],
          [
            36.794177,
            -1.242409
          ],
          [
            36.794466,
            -1.241902
          ],
          [
            36.794762,
            -1.241374
          ],
          [
            36.795034,
            -1.240825
          ],
          [
            36.79522,
            -1.240693
          ]
        ]
      }
    },
    {
      "type": "Feature",
      "properties": {
        "contig_id": 468,
        "length_m": 231.422,
        "segment_count": 6,
        "way_names": [],
        "way_ids": [
          1516388865
        ],
        "endpoint_node_ids": [
          13845622496,
          13845622508
        ],
        "node_ids": [
          13845622496,
          13845622503,
          13845622504,
          13845622505,
          13845622506,
          13845622507,
          13845622508
        ],
        "tags": {
          "local:boundary_refs": "w24040003",
          "local:boundary_zone": "core"
        },
        "elevations_m": [
          1737.0,
          1736.0,
          1735.0,
          1735.0,
          1733.0,
          1733.0,
          1738.0
        ]
      },
      "geometry": {
        "type": "LineString",
        "coordinates": [
          [
            36.794453,
            -1.242623
          ],
          [
            36.794489,
            -1.242427
          ],
          [
            36.794645,
            -1.242169
          ],
          [
            36.79482,
            -1.241923
          ],
          [
            36.79483,
            -1.241705
          ],
          [
            36.795035,
            -1.241316
          ],
          [
            36.795386,
            -1.240805
          ]
        ]
      }
    },
    {
      "type": "Feature",
      "properties": {
        "contig_id": 469,
        "length_m": 344.404,
        "segment_count": 14,
        "way_names": [],
        "way_ids": [
          487923440
        ],
        "endpoint_node_ids": [
          4803107746,
          4803107746
        ],
        "node_ids": [
          4803107746,
          4803107747,
          4803107829,
          9385598495,
          9385598496,
          9385598494,
          9385598493,
          9385598492,
          4803107860,
          4803107861,
          4803107871,
          4803107887,
          4803107791,
          4803107792,
          4803107746
        ],
        "tags": {
          "local:boundary_refs": "r13626194",
          "local:boundary_zone": "core"
        },
        "elevations_m": [
          1692.0,
          1692.0,
          1690.0,
          1690.0,
          1691.0,
          1692.0,
          1692.0,
          1691.0,
          1690.0,
          1690.0,
          1691.0,
          1691.0,
          1690.0,
          1692.0,
          1692.0
        ]
      },
      "geometry": {
        "type": "LineString",
        "coordinates": [
          [
            36.820296,
            -1.242385
          ],
          [
            36.8205,
            -1.242541
          ],
          [
            36.820988,
            -1.242804
          ],
          [
            36.821081,
            -1.242847
          ],
          [
            36.82135,
            -1.242857
          ],
          [
            36.82138,
            -1.242969
          ],
          [
            36.82132,
            -1.242994
          ],
          [
            36.821094,
            -1.243034
          ],
          [
            36.82095,
            -1.243029
          ],
          [
            36.820838,
            -1.243045
          ],
          [
            36.82065,
            -1.24312
          ],
          [
            36.820446,
            -1.24312
          ],
          [
            36.820258,
            -1.242948
          ],
          [
            36.820199,
            -1.242648
          ],
          [
            36.820296,
            -1.242385
          ]
        ]
      }
    }
  ]
}
