{
  "type": "FeatureCollection",
  "features": [
    {
      "type": "Feature",
      "properties": {
        "contig_id": 1,
        "length_m": 127.053,
        "segment_count": 4,
        "way_names": [
          "KFEET Track"
        ]
      },
      "geometry": {
        "type": "LineString",
        "coordinates": [
          [
            36.819081,
            -1.240879
          ],
          [
            36.818831,
            -1.241085
          ],
          [
            36.818682,
            -1.241185
          ],
          [
            36.818516,
            -1.241256
          ],
          [
            36.81808,
            -1.241398
          ]
        ]
      }
    },
    {
      "type": "Feature",
      "properties": {
        "contig_id": 2,
        "length_m": 525.756,
        "segment_count": 22,
        "way_names": [
          "Tara Path"
        ]
      },
      "geometry": {
        "type": "LineString",
        "coordinates": [
          [
            36.840378,
            -1.23119
          ],
          [
            36.840414,
            -1.231719
          ],
          [
            36.840409,
            -1.231791
          ],
          [
            36.840379,
            -1.231856
          ],
          [
            36.840327,
            -1.231905
          ],
          [
            36.840262,
            -1.231936
          ],
          [
            36.839607,
            -1.232137
          ],
          [
            36.839507,
            -1.23218
          ],
          [
            36.839395,
            -1.232269
          ],
          [
            36.838884,
            -1.232779
          ],
          [
            36.838822,
            -1.232815
          ],
          [
            36.838751,
            -1.232823
          ],
          [
            36.838684,
            -1.232799
          ],
          [
            36.838371,
            -1.2325
          ],
          [
            36.838309,
            -1.232464
          ],
          [
            36.838238,
            -1.232455
          ],
          [
            36.838139,
            -1.232495
          ],
          [
            36.837695,
            -1.232863
          ],
          [
            36.837506,
            -1.233031
          ],
          [
            36.837341,
            -1.233222
          ],
          [
            36.837251,
            -1.233282
          ],
          [
            36.837147,
            -1.233272
          ],
          [
            36.837095,
            -1.233241
          ]
        ]
      }
    },
    {
      "type": "Feature",
      "properties": {
        "contig_id": 3,
        "length_m": 14.904,
        "segment_count": 1,
        "way_names": []
      },
      "geometry": {
        "type": "LineString",
        "coordinates": [
          [
            36.857307,
            -1.247686
          ],
          [
            36.85741,
            -1.247601
          ]
        ]
      }
    },
    {
      "type": "Feature",
      "properties": {
        "contig_id": 4,
        "length_m": 94.274,
        "segment_count": 6,
        "way_names": []
      },
      "geometry": {
        "type": "LineString",
        "coordinates": [
          [
            36.857238,
            -1.247781
          ],
          [
            36.857135,
            -1.247858
          ],
          [
            36.857015,
            -1.247893
          ],
          [
            36.856912,
            -1.247918
          ],
          [
            36.856775,
            -1.24791
          ],
          [
            36.856637,
            -1.247944
          ],
          [
            36.85644,
            -1.248013
          ]
        ]
      }
    },
    {
      "type": "Feature",
      "properties": {
        "contig_id": 5,
        "length_m": 77.956,
        "segment_count": 4,
        "way_names": []
      },
      "geometry": {
        "type": "LineString",
        "coordinates": [
          [
            36.855187,
            -1.248665
          ],
          [
            36.855359,
            -1.248768
          ],
          [
            36.855522,
            -1.248811
          ],
          [
            36.855668,
            -1.248785
          ],
          [
            36.855831,
            -1.248699
          ]
        ]
      }
    },
    {
      "type": "Feature",
      "properties": {
        "contig_id": 6,
        "length_m": 47.093,
        "segment_count": 4,
        "way_names": []
      },
      "geometry": {
        "type": "LineString",
        "coordinates": [
          [
            36.855187,
            -1.248665
          ],
          [
            36.855264,
            -1.248665
          ],
          [
            36.85529,
            -1.248613
          ],
          [
            36.855238,
            -1.248484
          ],
          [
            36.855161,
            -1.248356
          ]
        ]
      }
    },
    {
      "type": "Feature",
      "properties": {
        "contig_id": 7,
        "length_m": 123.593,
        "segment_count": 9,
        "way_names": []
      },
      "geometry": {
        "type": "LineString",
        "coordinates": [
          [
            36.855187,
            -1.248665
          ],
          [
            36.855118,
            -1.24857
          ],
          [
            36.855092,
            -1.248442
          ],
          [
            36.855007,
            -1.248347
          ],
          [
            36.854895,
            -1.248304
          ],
          [
            36.854749,
            -1.248347
          ],
          [
            36.854638,
            -1.248339
          ],
          [
            36.85456,
            -1.248236
          ],
          [
            36.854595,
            -1.248133
          ],
          [
            36.854698,
            -1.248081
          ]
        ]
      }
    },
    {
      "type": "Feature",
      "properties": {
        "contig_id": 8,
        "length_m": 72.566,
        "segment_count": 5,
        "way_names": []
      },
      "geometry": {
        "type": "LineString",
        "coordinates": [
          [
            36.840673,
            -1.249431
          ],
          [
            36.840696,
            -1.249263
          ],
          [
            36.840704,
            -1.249154
          ],
          [
            36.840746,
            -1.249038
          ],
          [
            36.840809,
            -1.248934
          ],
          [
            36.840878,
            -1.248826
          ]
        ]
      }
    },
    {
      "type": "Feature",
      "properties": {
        "contig_id": 9,
        "length_m": 93.034,
        "segment_count": 5,
        "way_names": []
      },
      "geometry": {
        "type": "LineString",
        "coordinates": [
          [
            36.841835,
            -1.2464
          ],
          [
            36.841792,
            -1.2462
          ],
          [
            36.841786,
            -1.245991
          ],
          [
            36.841875,
            -1.245753
          ],
          [
            36.841878,
            -1.245671
          ],
          [
            36.841963,
            -1.245658
          ]
        ]
      }
    },
    {
      "type": "Feature",
      "properties": {
        "contig_id": 10,
        "length_m": 479.561,
        "segment_count": 14,
        "way_names": []
      },
      "geometry": {
        "type": "LineString",
        "coordinates": [
          [
            36.841963,
            -1.245658
          ],
          [
            36.842087,
            -1.245585
          ],
          [
            36.842363,
            -1.245554
          ],
          [
            36.842518,
            -1.245585
          ],
          [
            36.842718,
            -1.245668
          ],
          [
            36.842835,
            -1.245541
          ],
          [
            36.842949,
            -1.245611
          ],
          [
            36.8436,
            -1.24485
          ],
          [
            36.843813,
            -1.244543
          ],
          [
            36.843837,
            -1.244493
          ],
          [
            36.843845,
            -1.244434
          ],
          [
            36.843837,
            -1.244353
          ],
          [
            36.843803,
            -1.243692
          ],
          [
            36.843784,
            -1.24345
          ],
          [
            36.843899,
            -1.242724
          ]
        ]
      }
    },
    {
      "type": "Feature",
      "properties": {
        "contig_id": 11,
        "length_m": 405.161,
        "segment_count": 18,
        "way_names": []
      },
      "geometry": {
        "type": "LineString",
        "coordinates": [
          [
            36.841963,
            -1.245658
          ],
          [
            36.841863,
            -1.245547
          ],
          [
            36.84182,
            -1.24537
          ],
          [
            36.841944,
            -1.245107
          ],
          [
            36.842099,
            -1.244906
          ],
          [
            36.842141,
            -1.244805
          ],
          [
            36.842222,
            -1.244741
          ],
          [
            36.842252,
            -1.244675
          ],
          [
            36.842378,
            -1.244496
          ],
          [
            36.842394,
            -1.244317
          ],
          [
            36.842279,
            -1.24405
          ],
          [
            36.842267,
            -1.243942
          ],
          [
            36.842114,
            -1.243656
          ],
          [
            36.842051,
            -1.243567
          ],
          [
            36.842008,
            -1.243466
          ],
          [
            36.841974,
            -1.243362
          ],
          [
            36.841993,
            -1.243188
          ],
          [
            36.841876,
            -1.242503
          ],
          [
            36.841726,
            -1.242441
          ]
        ]
      }
    },
    {
      "type": "Feature",
      "properties": {
        "contig_id": 12,
        "length_m": 337.028,
        "segment_count": 11,
        "way_names": []
      },
      "geometry": {
        "type": "LineString",
        "coordinates": [
          [
            36.843899,
            -1.242724
          ],
          [
            36.844028,
            -1.242634
          ],
          [
            36.844145,
            -1.242537
          ],
          [
            36.844181,
            -1.242303
          ],
          [
            36.84408,
            -1.24138
          ],
          [
            36.843997,
            -1.240744
          ],
          [
            36.843978,
            -1.240523
          ],
          [
            36.843936,
            -1.240238
          ],
          [
            36.843916,
            -1.240069
          ],
          [
            36.843931,
            -1.239994
          ],
          [
            36.843956,
            -1.239922
          ],
          [
            36.843909,
            -1.239855
          ]
        ]
      }
    },
    {
      "type": "Feature",
      "properties": {
        "contig_id": 13,
        "length_m": 386.862,
        "segment_count": 13,
        "way_names": []
      },
      "geometry": {
        "type": "LineString",
        "coordinates": [
          [
            36.843899,
            -1.242724
          ],
          [
            36.843847,
            -1.242907
          ],
          [
            36.843662,
            -1.242978
          ],
          [
            36.843359,
            -1.242959
          ],
          [
            36.843136,
            -1.242857
          ],
          [
            36.843067,
            -1.242745
          ],
          [
            36.842969,
            -1.242636
          ],
          [
            36.842844,
            -1.242455
          ],
          [
            36.842647,
            -1.242065
          ],
          [
            36.842472,
            -1.241665
          ],
          [
            36.842372,
            -1.241514
          ],
          [
            36.842018,
            -1.24126
          ],
          [
            36.841766,
            -1.241211
          ],
          [
            36.84147,
            -1.241238
          ]
        ]
      }
    },
    {
      "type": "Feature",
      "properties": {
        "contig_id": 14,
        "length_m": 77.24,
        "segment_count": 3,
        "way_names": []
      },
      "geometry": {
        "type": "LineString",
        "coordinates": [
          [
            36.828673,
            -1.236668
          ],
          [
            36.828849,
            -1.2368
          ],
          [
            36.82909,
            -1.236963
          ],
          [
            36.829256,
            -1.237042
          ]
        ]
      }
    },
    {
      "type": "Feature",
      "properties": {
        "contig_id": 15,
        "length_m": 352.768,
        "segment_count": 12,
        "way_names": []
      },
      "geometry": {
        "type": "LineString",
        "coordinates": [
          [
            36.828673,
            -1.236668
          ],
          [
            36.82864,
            -1.236551
          ],
          [
            36.828532,
            -1.236416
          ],
          [
            36.828271,
            -1.236183
          ],
          [
            36.828001,
            -1.235955
          ],
          [
            36.82775,
            -1.235802
          ],
          [
            36.82758,
            -1.23567
          ],
          [
            36.827366,
            -1.235465
          ],
          [
            36.82713,
            -1.235261
          ],
          [
            36.826926,
            -1.235068
          ],
          [
            36.826529,
            -1.234843
          ],
          [
            36.826358,
            -1.234725
          ],
          [
            36.826287,
            -1.234637
          ]
        ]
      }
    },
    {
      "type": "Feature",
      "properties": {
        "contig_id": 16,
        "length_m": 341.557,
        "segment_count": 14,
        "way_names": []
      },
      "geometry": {
        "type": "LineString",
        "coordinates": [
          [
            36.828673,
            -1.236668
          ],
          [
            36.828672,
            -1.236859
          ],
          [
            36.82873,
            -1.23707
          ],
          [
            36.828757,
            -1.237324
          ],
          [
            36.828734,
            -1.237505
          ],
          [
            36.828674,
            -1.237595
          ],
          [
            36.828684,
            -1.237618
          ],
          [
            36.828782,
            -1.237666
          ],
          [
            36.828986,
            -1.237874
          ],
          [
            36.829177,
            -1.238305
          ],
          [
            36.829387,
            -1.238557
          ],
          [
            36.829491,
            -1.238749
          ],
          [
            36.829556,
            -1.239034
          ],
          [
            36.829631,
            -1.239201
          ],
          [
            36.82969,
            -1.239389
          ]
        ]
      }
    },
    {
      "type": "Feature",
      "properties": {
        "contig_id": 17,
        "length_m": 266.908,
        "segment_count": 1,
        "way_names": []
      },
      "geometry": {
        "type": "LineString",
        "coordinates": [
          [
            36.82656,
            -1.242147
          ],
          [
            36.824288,
            -1.241371
          ]
        ]
      }
    },
    {
      "type": "Feature",
      "properties": {
        "contig_id": 18,
        "length_m": 660.13,
        "segment_count": 38,
        "way_names": [
          "Turaco Path"
        ]
      },
      "geometry": {
        "type": "LineString",
        "coordinates": [
          [
            36.82656,
            -1.242147
          ],
          [
            36.826653,
            -1.24228
          ],
          [
            36.826827,
            -1.242409
          ],
          [
            36.82691,
            -1.242527
          ],
          [
            36.827016,
            -1.242624
          ],
          [
            36.827031,
            -1.242692
          ],
          [
            36.827136,
            -1.242791
          ],
          [
            36.8272,
            -1.242878
          ],
          [
            36.827287,
            -1.242943
          ],
          [
            36.827354,
            -1.243025
          ],
          [
            36.827553,
            -1.243176
          ],
          [
            36.827685,
            -1.243299
          ],
          [
            36.82792,
            -1.243467
          ],
          [
            36.828134,
            -1.243662
          ],
          [
            36.828227,
            -1.243717
          ],
          [
            36.828336,
            -1.243793
          ],
          [
            36.828462,
            -1.243912
          ],
          [
            36.828558,
            -1.243969
          ],
          [
            36.828578,
            -1.243998
          ],
          [
            36.828661,
            -1.244067
          ],
          [
            36.828757,
            -1.244118
          ],
          [
            36.828793,
            -1.244124
          ],
          [
            36.828865,
            -1.2442
          ],
          [
            36.829034,
            -1.244269
          ],
          [
            36.829169,
            -1.244305
          ],
          [
            36.82923,
            -1.244341
          ],
          [
            36.829336,
            -1.244369
          ],
          [
            36.829464,
            -1.244436
          ],
          [
            36.82978,
            -1.244674
          ],
          [
            36.82988,
            -1.244777
          ],
          [
            36.829956,
            -1.2449
          ],
          [
            36.830064,
            -1.244995
          ],
          [
            36.830234,
            -1.245228
          ],
          [
            36.830389,
            -1.245379
          ],
          [
            36.830429,
            -1.24544
          ],
          [
            36.830591,
            -1.245581
          ],
          [
            36.830774,
            -1.245697
          ],
          [
            36.83086,
            -1.24581
          ],
          [
            36.830995,
            -1.24593
          ]
        ]
      }
    },
    {
      "type": "Feature",
      "properties": {
        "contig_id": 19,
        "length_m": 240.402,
        "segment_count": 7,
        "way_names": []
      },
      "geometry": {
        "type": "LineString",
        "coordinates": [
          [
            36.82656,
            -1.242147
          ],
          [
            36.826752,
            -1.242044
          ],
          [
            36.826961,
            -1.241856
          ],
          [
            36.827191,
            -1.241771
          ],
          [
            36.827537,
            -1.241763
          ],
          [
            36.827801,
            -1.241694
          ],
          [
            36.828126,
            -1.241512
          ],
          [
            36.828513,
            -1.241333
          ]
        ]
      }
    },
    {
      "type": "Feature",
      "properties": {
        "contig_id": 20,
        "length_m": 388.579,
        "segment_count": 7,
        "way_names": []
      },
      "geometry": {
        "type": "LineString",
        "coordinates": [
          [
            36.841726,
            -1.242441
          ],
          [
            36.841471,
            -1.244028
          ],
          [
            36.8414,
            -1.244192
          ],
          [
            36.841353,
            -1.2443
          ],
          [
            36.841257,
            -1.244389
          ],
          [
            36.841014,
            -1.244558
          ],
          [
            36.840114,
            -1.244893
          ],
          [
            36.839915,
            -1.244848
          ]
        ]
      }
    },
    {
      "type": "Feature",
      "properties": {
        "contig_id": 21,
        "length_m": 139.646,
        "segment_count": 5,
        "way_names": []
      },
      "geometry": {
        "type": "LineString",
        "coordinates": [
          [
            36.841726,
            -1.242441
          ],
          [
            36.8416,
            -1.242098
          ],
          [
            36.841543,
            -1.241908
          ],
          [
            36.841508,
            -1.24168
          ],
          [
            36.841438,
            -1.241551
          ],
          [
            36.84147,
            -1.241238
          ]
        ]
      }
    },
    {
      "type": "Feature",
      "properties": {
        "contig_id": 22,
        "length_m": 169.889,
        "segment_count": 9,
        "way_names": [
          "Tara Path"
        ]
      },
      "geometry": {
        "type": "LineString",
        "coordinates": [
          [
            36.828386,
            -1.228965
          ],
          [
            36.828367,
            -1.22906
          ],
          [
            36.828317,
            -1.229141
          ],
          [
            36.828273,
            -1.229196
          ],
          [
            36.828053,
            -1.229414
          ],
          [
            36.827921,
            -1.229479
          ],
          [
            36.827821,
            -1.229525
          ],
          [
            36.827452,
            -1.229649
          ],
          [
            36.827353,
            -1.229751
          ],
          [
            36.8272,
            -1.229817
          ]
        ]
      }
    },
    {
      "type": "Feature",
      "properties": {
        "contig_id": 23,
        "length_m": 101.081,
        "segment_count": 4,
        "way_names": []
      },
      "geometry": {
        "type": "LineString",
        "coordinates": [
          [
            36.828386,
            -1.228965
          ],
          [
            36.828553,
            -1.229203
          ],
          [
            36.828609,
            -1.229374
          ],
          [
            36.828544,
            -1.229627
          ],
          [
            36.828564,
            -1.229803
          ]
        ]
      }
    },
    {
      "type": "Feature",
      "properties": {
        "contig_id": 24,
        "length_m": 12.341,
        "segment_count": 1,
        "way_names": [
          "Tara Path"
        ]
      },
      "geometry": {
        "type": "LineString",
        "coordinates": [
          [
            36.828386,
            -1.228965
          ],
          [
            36.828334,
            -1.228867
          ]
        ]
      }
    },
    {
      "type": "Feature",
      "properties": {
        "contig_id": 25,
        "length_m": 40.391,
        "segment_count": 1,
        "way_names": []
      },
      "geometry": {
        "type": "LineString",
        "coordinates": [
          [
            36.832295,
            -1.242344
          ],
          [
            36.832524,
            -1.242062
          ]
        ]
      }
    },
    {
      "type": "Feature",
      "properties": {
        "contig_id": 26,
        "length_m": 341.078,
        "segment_count": 17,
        "way_names": []
      },
      "geometry": {
        "type": "LineString",
        "coordinates": [
          [
            36.839853,
            -1.250821
          ],
          [
            36.839952,
            -1.251034
          ],
          [
            36.840023,
            -1.251212
          ],
          [
            36.840097,
            -1.251363
          ],
          [
            36.840191,
            -1.251678
          ],
          [
            36.840277,
            -1.251837
          ],
          [
            36.840339,
            -1.251915
          ],
          [
            36.840469,
            -1.252053
          ],
          [
            36.840652,
            -1.252162
          ],
          [
            36.840867,
            -1.25221
          ],
          [
            36.84134,
            -1.252234
          ],
          [
            36.841411,
            -1.252215
          ],
          [
            36.841593,
            -1.252204
          ],
          [
            36.841697,
            -1.252166
          ],
          [
            36.841913,
            -1.252198
          ],
          [
            36.841949,
            -1.252196
          ],
          [
            36.842015,
            -1.252163
          ],
          [
            36.842088,
            -1.252163
          ]
        ]
      }
    },
    {
      "type": "Feature",
      "properties": {
        "contig_id": 27,
        "length_m": 208.334,
        "segment_count": 12,
        "way_names": []
      },
      "geometry": {
        "type": "LineString",
        "coordinates": [
          [
            36.839853,
            -1.250821
          ],
          [
            36.839874,
            -1.250757
          ],
          [
            36.839915,
            -1.250656
          ],
          [
            36.839905,
            -1.250554
          ],
          [
            36.839907,
            -1.250416
          ],
          [
            36.839915,
            -1.250167
          ],
          [
            36.839932,
            -1.25002
          ],
          [
            36.839933,
            -1.24993
          ],
          [
            36.839957,
            -1.249621
          ],
          [
            36.83996,
            -1.249251
          ],
          [
            36.83999,
            -1.249109
          ],
          [
            36.840008,
            -1.249053
          ],
          [
            36.840047,
            -1.248976
          ]
        ]
      }
    },
    {
      "type": "Feature",
      "properties": {
        "contig_id": 28,
        "length_m": 3.409,
        "segment_count": 3,
        "way_names": []
      },
      "geometry": {
        "type": "LineString",
        "coordinates": [
          [
            36.839853,
            -1.250821
          ],
          [
            36.839845,
            -1.250808
          ],
          [
            36.839843,
            -1.250805
          ],
          [
            36.839837,
            -1.250795
          ]
        ]
      }
    },
    {
      "type": "Feature",
      "properties": {
        "contig_id": 29,
        "length_m": 115.911,
        "segment_count": 9,
        "way_names": [
          "Tara Path"
        ]
      },
      "geometry": {
        "type": "LineString",
        "coordinates": [
          [
            36.828468,
            -1.226658
          ],
          [
            36.828607,
            -1.226695
          ],
          [
            36.828729,
            -1.226769
          ],
          [
            36.828831,
            -1.226805
          ],
          [
            36.82888,
            -1.226857
          ],
          [
            36.829076,
            -1.226947
          ],
          [
            36.829147,
            -1.22695
          ],
          [
            36.829215,
            -1.226971
          ],
          [
            36.829375,
            -1.227054
          ],
          [
            36.829406,
            -1.227076
          ]
        ]
      }
    },
    {
      "type": "Feature",
      "properties": {
        "contig_id": 30,
        "length_m": 1491.999,
        "segment_count": 49,
        "way_names": []
      },
      "geometry": {
        "type": "LineString",
        "coordinates": [
          [
            36.829256,
            -1.237042
          ],
          [
            36.82939,
            -1.237091
          ],
          [
            36.829566,
            -1.237129
          ],
          [
            36.829673,
            -1.237145
          ],
          [
            36.829816,
            -1.237133
          ],
          [
            36.830101,
            -1.237174
          ],
          [
            36.830623,
            -1.237311
          ],
          [
            36.831335,
            -1.237408
          ],
          [
            36.831467,
            -1.237466
          ],
          [
            36.831842,
            -1.237588
          ],
          [
            36.832279,
            -1.237756
          ],
          [
            36.832572,
            -1.237895
          ],
          [
            36.832679,
            -1.237911
          ],
          [
            36.833029,
            -1.238095
          ],
          [
            36.833406,
            -1.238218
          ],
          [
            36.833513,
            -1.238213
          ],
          [
            36.833835,
            -1.238257
          ],
          [
            36.834301,
            -1.238245
          ],
          [
            36.834546,
            -1.238303
          ],
          [
            36.834868,
            -1.238345
          ],
          [
            36.835119,
            -1.238356
          ],
          [
            36.835294,
            -1.238402
          ],
          [
            36.835595,
            -1.238522
          ],
          [
            36.835785,
            -1.238624
          ],
          [
            36.836116,
            -1.238763
          ],
          [
            36.836485,
            -1.238986
          ],
          [
            36.836656,
            -1.239117
          ],
          [
            36.836698,
            -1.239175
          ],
          [
            36.83711,
            -1.239571
          ],
          [
            36.837559,
            -1.239932
          ],
          [
            36.837607,
            -1.239985
          ],
          [
            36.837787,
            -1.240105
          ],
          [
            36.83793,
            -1.240123
          ],
          [
            36.838038,
            -1.240117
          ],
          [
            36.838322,
            -1.240067
          ],
          [
            36.838524,
            -1.239995
          ],
          [
            36.838809,
            -1.239953
          ],
          [
            36.839097,
            -1.23996
          ],
          [
            36.83942,
            -1.239989
          ],
          [
            36.839803,
            -1.240186
          ],
          [
            36.839958,
            -1.240279
          ],
          [
            36.840065,
            -1.240375
          ],
          [
            36.840163,
            -1.24042
          ],
          [
            36.84024,
            -1.240494
          ],
          [
            36.840559,
            -1.240663
          ],
          [
            36.840762,
            -1.240737
          ],
          [
            36.840904,
            -1.240764
          ],
          [
            36.841075,
            -1.240819
          ],
          [
            36.841275,
            -1.240967
          ],
          [
            36.84147,
            -1.241238
          ]
        ]
      }
    },
    {
      "type": "Feature",
      "properties": {
        "contig_id": 31,
        "length_m": 79.216,
        "segment_count": 8,
        "way_names": []
      },
      "geometry": {
        "type": "LineString",
        "coordinates": [
          [
            36.829256,
            -1.237042
          ],
          [
            36.829329,
            -1.237018
          ],
          [
            36.829366,
            -1.236941
          ],
          [
            36.829334,
            -1.236916
          ],
          [
            36.829364,
            -1.236878
          ],
          [
            36.829521,
            -1.236889
          ],
          [
            36.829554,
            -1.236851
          ],
          [
            36.829467,
            -1.236746
          ],
          [
            36.829537,
            -1.236652
          ]
        ]
      }
    },
    {
      "type": "Feature",
      "properties": {
        "contig_id": 32,
        "length_m": 187.516,
        "segment_count": 6,
        "way_names": [
          "Lake Trail"
        ]
      },
      "geometry": {
        "type": "LineString",
        "coordinates": [
          [
            36.820462,
            -1.244439
          ],
          [
            36.820038,
            -1.244433
          ],
          [
            36.819795,
            -1.244432
          ],
          [
            36.819479,
            -1.244341
          ],
          [
            36.819278,
            -1.244225
          ],
          [
            36.819131,
            -1.244121
          ],
          [
            36.818925,
            -1.243933
          ]
        ]
      }
    },
    {
      "type": "Feature",
      "properties": {
        "contig_id": 33,
        "length_m": 129.247,
        "segment_count": 2,
        "way_names": []
      },
      "geometry": {
        "type": "LineString",
        "coordinates": [
          [
            36.820462,
            -1.244439
          ],
          [
            36.82027,
            -1.243455
          ],
          [
            36.820191,
            -1.243316
          ]
        ]
      }
    },
    {
      "type": "Feature",
      "properties": {
        "contig_id": 34,
        "length_m": 21.615,
        "segment_count": 1,
        "way_names": [
          "Lake Trail"
        ]
      },
      "geometry": {
        "type": "LineString",
        "coordinates": [
          [
            36.820462,
            -1.244439
          ],
          [
            36.820656,
            -1.244442
          ]
        ]
      }
    },
    {
      "type": "Feature",
      "properties": {
        "contig_id": 35,
        "length_m": 297.551,
        "segment_count": 7,
        "way_names": []
      },
      "geometry": {
        "type": "LineString",
        "coordinates": [
          [
            36.824288,
            -1.241371
          ],
          [
            36.824427,
            -1.240925
          ],
          [
            36.824534,
            -1.24056
          ],
          [
            36.824652,
            -1.240185
          ],
          [
            36.824729,
            -1.239721
          ],
          [
            36.824882,
            -1.239199
          ],
          [
            36.824964,
            -1.238925
          ],
          [
            36.82501,
            -1.238798
          ]
        ]
      }
    },
    {
      "type": "Feature",
      "properties": {
        "contig_id": 36,
        "length_m": 360.566,
        "segment_count": 1,
        "way_names": []
      },
      "geometry": {
        "type": "LineString",
        "coordinates": [
          [
            36.824288,
            -1.241371
          ],
          [
            36.823524,
            -1.244523
          ]
        ]
      }
    },
    {
      "type": "Feature",
      "properties": {
        "contig_id": 37,
        "length_m": 259.768,
        "segment_count": 4,
        "way_names": []
      },
      "geometry": {
        "type": "LineString",
        "coordinates": [
          [
            36.828913,
            -1.241228
          ],
          [
            36.829289,
            -1.241244
          ],
          [
            36.830141,
            -1.241316
          ],
          [
            36.830752,
            -1.241404
          ],
          [
            36.831237,
            -1.241458
          ]
        ]
      }
    },
    {
      "type": "Feature",
      "properties": {
        "contig_id": 38,
        "length_m": 848.493,
        "segment_count": 11,
        "way_names": [
          "Middle Track"
        ]
      },
      "geometry": {
        "type": "LineString",
        "coordinates": [
          [
            36.831305,
            -1.239874
          ],
          [
            36.832441,
            -1.240147
          ],
          [
            36.832742,
            -1.240231
          ],
          [
            36.83331,
            -1.240309
          ],
          [
            36.833834,
            -1.240306
          ],
          [
            36.835679,
            -1.240536
          ],
          [
            36.836384,
            -1.240714
          ],
          [
            36.836988,
            -1.241021
          ],
          [
            36.837299,
            -1.241259
          ],
          [
            36.837763,
            -1.241535
          ],
          [
            36.838106,
            -1.241794
          ],
          [
            36.838434,
            -1.24207
          ]
        ]
      }
    },
    {
      "type": "Feature",
      "properties": {
        "contig_id": 39,
        "length_m": 188.442,
        "segment_count": 3,
        "way_names": []
      },
      "geometry": {
        "type": "LineString",
        "coordinates": [
          [
            36.831305,
            -1.239874
          ],
          [
            36.831048,
            -1.241272
          ],
          [
            36.8311,
            -1.241366
          ],
          [
            36.831237,
            -1.241458
          ]
        ]
      }
    },
    {
      "type": "Feature",
      "properties": {
        "contig_id": 40,
        "length_m": 187.483,
        "segment_count": 1,
        "way_names": [
          "Middle Track"
        ]
      },
      "geometry": {
        "type": "LineString",
        "coordinates": [
          [
            36.831305,
            -1.239874
          ],
          [
            36.82969,
            -1.239389
          ]
        ]
      }
    },
    {
      "type": "Feature",
      "properties": {
        "contig_id": 41,
        "length_m": 158.105,
        "segment_count": 2,
        "way_names": []
      },
      "geometry": {
        "type": "LineString",
        "coordinates": [
          [
            36.831237,
            -1.241458
          ],
          [
            36.83189,
            -1.241745
          ],
          [
            36.832524,
            -1.242062
          ]
        ]
      }
    },
    {
      "type": "Feature",
      "properties": {
        "contig_id": 42,
        "length_m": 41.277,
        "segment_count": 1,
        "way_names": []
      },
      "geometry": {
        "type": "LineString",
        "coordinates": [
          [
            36.832524,
            -1.242062
          ],
          [
            36.83285,
            -1.242241
          ]
        ]
      }
    },
    {
      "type": "Feature",
      "properties": {
        "contig_id": 43,
        "length_m": 24.825,
        "segment_count": 1,
        "way_names": []
      },
      "geometry": {
        "type": "LineString",
        "coordinates": [
          [
            36.835088,
            -1.243654
          ],
          [
            36.835287,
            -1.243754
          ]
        ]
      }
    },
    {
      "type": "Feature",
      "properties": {
        "contig_id": 44,
        "length_m": 39.964,
        "segment_count": 1,
        "way_names": []
      },
      "geometry": {
        "type": "LineString",
        "coordinates": [
          [
            36.835088,
            -1.243654
          ],
          [
            36.834764,
            -1.243498
          ]
        ]
      }
    },
    {
      "type": "Feature",
      "properties": {
        "contig_id": 45,
        "length_m": 189.948,
        "segment_count": 5,
        "way_names": []
      },
      "geometry": {
        "type": "LineString",
        "coordinates": [
          [
            36.835088,
            -1.243654
          ],
          [
            36.835015,
            -1.243986
          ],
          [
            36.834513,
            -1.244166
          ],
          [
            36.834229,
            -1.24421
          ],
          [
            36.833968,
            -1.244285
          ],
          [
            36.833716,
            -1.244398
          ]
        ]
      }
    },
    {
      "type": "Feature",
      "properties": {
        "contig_id": 46,
        "length_m": 215.269,
        "segment_count": 7,
        "way_names": [
          "KFEET Track"
        ]
      },
      "geometry": {
        "type": "LineString",
        "coordinates": [
          [
            36.817956,
            -1.241438
          ],
          [
            36.817795,
            -1.241491
          ],
          [
            36.817596,
            -1.241578
          ],
          [
            36.817445,
            -1.241678
          ],
          [
            36.817207,
            -1.241898
          ],
          [
            36.816964,
            -1.242163
          ],
          [
            36.816589,
            -1.242601
          ],
          [
            36.816525,
            -1.242688
          ]
        ]
      }
    },
    {
      "type": "Feature",
      "properties": {
        "contig_id": 47,
        "length_m": 26.018,
        "segment_count": 2,
        "way_names": []
      },
      "geometry": {
        "type": "LineString",
        "coordinates": [
          [
            36.817956,
            -1.241438
          ],
          [
            36.817928,
            -1.241584
          ],
          [
            36.817867,
            -1.241645
          ]
        ]
      }
    },
    {
      "type": "Feature",
      "properties": {
        "contig_id": 48,
        "length_m": 14.428,
        "segment_count": 1,
        "way_names": [
          "KFEET Track"
        ]
      },
      "geometry": {
        "type": "LineString",
        "coordinates": [
          [
            36.817956,
            -1.241438
          ],
          [
            36.81808,
            -1.241398
          ]
        ]
      }
    },
    {
      "type": "Feature",
      "properties": {
        "contig_id": 49,
        "length_m": 50.003,
        "segment_count": 5,
        "way_names": []
      },
      "geometry": {
        "type": "LineString",
        "coordinates": [
          [
            36.826287,
            -1.234637
          ],
          [
            36.826309,
            -1.234534
          ],
          [
            36.826337,
            -1.234449
          ],
          [
            36.826364,
            -1.234389
          ],
          [
            36.826494,
            -1.23433
          ],
          [
            36.826521,
            -1.234293
          ]
        ]
      }
    },
    {
      "type": "Feature",
      "properties": {
        "contig_id": 50,
        "length_m": 171.501,
        "segment_count": 9,
        "way_names": []
      },
      "geometry": {
        "type": "LineString",
        "coordinates": [
          [
            36.826287,
            -1.234637
          ],
          [
            36.826262,
            -1.234713
          ],
          [
            36.826229,
            -1.23476
          ],
          [
            36.826161,
            -1.234762
          ],
          [
            36.82591,
            -1.234665
          ],
          [
            36.825615,
            -1.234522
          ],
          [
            36.825435,
            -1.234403
          ],
          [
            36.825231,
            -1.234308
          ],
          [
            36.825033,
            -1.234262
          ],
          [
            36.824942,
            -1.234231
          ]
        ]
      }
    },
    {
      "type": "Feature",
      "properties": {
        "contig_id": 51,
        "length_m": 460.56,
        "segment_count": 18,
        "way_names": []
      },
      "geometry": {
        "type": "LineString",
        "coordinates": [
          [
            36.826521,
            -1.234293
          ],
          [
            36.826604,
            -1.234231
          ],
          [
            36.826772,
            -1.234384
          ],
          [
            36.827028,
            -1.234696
          ],
          [
            36.827795,
            -1.235228
          ],
          [
            36.827847,
            -1.235242
          ],
          [
            36.827871,
            -1.235288
          ],
          [
            36.827838,
            -1.235295
          ],
          [
            36.827805,
            -1.235359
          ],
          [
            36.827844,
            -1.235487
          ],
          [
            36.82797,
            -1.235597
          ],
          [
            36.828404,
            -1.235826
          ],
          [
            36.828541,
            -1.235929
          ],
          [
            36.828676,
            -1.236125
          ],
          [
            36.828746,
            -1.236292
          ],
          [
            36.828914,
            -1.236423
          ],
          [
            36.828986,
            -1.236469
          ],
          [
            36.829394,
            -1.236584
          ],
          [
            36.829537,
            -1.236652
          ]
        ]
      }
    },
    {
      "type": "Feature",
      "properties": {
        "contig_id": 52,
        "length_m": 140.763,
        "segment_count": 6,
        "way_names": [
          "Tara Path"
        ]
      },
      "geometry": {
        "type": "LineString",
        "coordinates": [
          [
            36.826521,
            -1.234293
          ],
          [
            36.82637,
            -1.23432
          ],
          [
            36.826262,
            -1.234231
          ],
          [
            36.826262,
            -1.233726
          ],
          [
            36.826303,
            -1.23344
          ],
          [
            36.826296,
            -1.233406
          ],
          [
            36.826219,
            -1.233285
          ]
        ]
      }
    },
    {
      "type": "Feature",
      "properties": {
        "contig_id": 53,
        "length_m": 537.553,
        "segment_count": 14,
        "way_names": []
      },
      "geometry": {
        "type": "LineString",
        "coordinates": [
          [
            36.824942,
            -1.234231
          ],
          [
            36.82506,
            -1.234489
          ],
          [
            36.825167,
            -1.234736
          ],
          [
            36.825306,
            -1.234939
          ],
          [
            36.82551,
            -1.235272
          ],
          [
            36.825639,
            -1.235519
          ],
          [
            36.825682,
            -1.235722
          ],
          [
            36.825682,
            -1.23598
          ],
          [
            36.825585,
            -1.236355
          ],
          [
            36.825435,
            -1.236935
          ],
          [
            36.825381,
            -1.237289
          ],
          [
            36.825263,
            -1.237632
          ],
          [
            36.825188,
            -1.238039
          ],
          [
            36.825103,
            -1.238425
          ],
          [
            36.82501,
            -1.238798
          ]
        ]
      }
    },
    {
      "type": "Feature",
      "properties": {
        "contig_id": 54,
        "length_m": 90.395,
        "segment_count": 9,
        "way_names": []
      },
      "geometry": {
        "type": "LineString",
        "coordinates": [
          [
            36.824942,
            -1.234231
          ],
          [
            36.824883,
            -1.234167
          ],
          [
            36.824841,
            -1.234101
          ],
          [
            36.824784,
            -1.234035
          ],
          [
            36.824711,
            -1.233964
          ],
          [
            36.824592,
            -1.23385
          ],
          [
            36.824517,
            -1.233788
          ],
          [
            36.824447,
            -1.233748
          ],
          [
            36.824385,
            -1.233702
          ],
          [
            36.824376,
            -1.233664
          ]
        ]
      }
    },
    {
      "type": "Feature",
      "properties": {
        "contig_id": 55,
        "length_m": 183.962,
        "segment_count": 8,
        "way_names": [
          "Middle Track"
        ]
      },
      "geometry": {
        "type": "LineString",
        "coordinates": [
          [
            36.838434,
            -1.24207
          ],
          [
            36.838492,
            -1.24216
          ],
          [
            36.838645,
            -1.242255
          ],
          [
            36.83875,
            -1.242354
          ],
          [
            36.838865,
            -1.242492
          ],
          [
            36.838967,
            -1.242639
          ],
          [
            36.839069,
            -1.24283
          ],
          [
            36.839231,
            -1.243192
          ],
          [
            36.839299,
            -1.243434
          ]
        ]
      }
    },
    {
      "type": "Feature",
      "properties": {
        "contig_id": 56,
        "length_m": 78.963,
        "segment_count": 2,
        "way_names": []
      },
      "geometry": {
        "type": "LineString",
        "coordinates": [
          [
            36.838434,
            -1.24207
          ],
          [
            36.838104,
            -1.24209
          ],
          [
            36.837769,
            -1.242268
          ]
        ]
      }
    },
    {
      "type": "Feature",
      "properties": {
        "contig_id": 57,
        "length_m": 171.609,
        "segment_count": 4,
        "way_names": [
          "Middle Track"
        ]
      },
      "geometry": {
        "type": "LineString",
        "coordinates": [
          [
            36.839299,
            -1.243434
          ],
          [
            36.839382,
            -1.243634
          ],
          [
            36.839676,
            -1.244251
          ],
          [
            36.839771,
            -1.244484
          ],
          [
            36.839915,
            -1.244848
          ]
        ]
      }
    },
    {
      "type": "Feature",
      "properties": {
        "contig_id": 58,
        "length_m": 299.402,
        "segment_count": 8,
        "way_names": []
      },
      "geometry": {
        "type": "LineString",
        "coordinates": [
          [
            36.839299,
            -1.243434
          ],
          [
            36.839183,
            -1.243655
          ],
          [
            36.839096,
            -1.243858
          ],
          [
            36.839015,
            -1.244099
          ],
          [
            36.838849,
            -1.244467
          ],
          [
            36.838743,
            -1.244738
          ],
          [
            36.838527,
            -1.24527
          ],
          [
            36.838385,
            -1.245736
          ],
          [
            36.838289,
            -1.245925
          ]
        ]
      }
    },
    {
      "type": "Feature",
      "properties": {
        "contig_id": 59,
        "length_m": 375.397,
        "segment_count": 4,
        "way_names": [
          "Middle Track"
        ]
      },
      "geometry": {
        "type": "LineString",
        "coordinates": [
          [
            36.839915,
            -1.244848
          ],
          [
            36.83993,
            -1.244887
          ],
          [
            36.840566,
            -1.246491
          ],
          [
            36.840587,
            -1.246827
          ],
          [
            36.839993,
            -1.247952
          ]
        ]
      }
    },
    {
      "type": "Feature",
      "properties": {
        "contig_id": 60,
        "length_m": 102.381,
        "segment_count": 3,
        "way_names": [
          "KFEET Track"
        ]
      },
      "geometry": {
        "type": "LineString",
        "coordinates": [
          [
            36.817251,
            -1.246462
          ],
          [
            36.817551,
            -1.246938
          ],
          [
            36.81769,
            -1.247231
          ],
          [
            36.817669,
            -1.247257
          ]
        ]
      }
    },
    {
      "type": "Feature",
      "properties": {
        "contig_id": 61,
        "length_m": 515.617,
        "segment_count": 20,
        "way_names": [
          "KFEET Track"
        ]
      },
      "geometry": {
        "type": "LineString",
        "coordinates": [
          [
            36.817251,
            -1.246462
          ],
          [
            36.817233,
            -1.246417
          ],
          [
            36.81716,
            -1.246337
          ],
          [
            36.816996,
            -1.246099
          ],
          [
            36.816888,
            -1.245913
          ],
          [
            36.816522,
            -1.245377
          ],
          [
            36.816336,
            -1.245141
          ],
          [
            36.816194,
            -1.24494
          ],
          [
            36.815957,
            -1.24457
          ],
          [
            36.815866,
            -1.244441
          ],
          [
            36.815822,
            -1.244346
          ],
          [
            36.815642,
            -1.244026
          ],
          [
            36.815581,
            -1.243858
          ],
          [
            36.815577,
            -1.243786
          ],
          [
            36.815634,
            -1.243657
          ],
          [
            36.815824,
            -1.243496
          ],
          [
            36.815999,
            -1.243313
          ],
          [
            36.816058,
            -1.243224
          ],
          [
            36.816159,
            -1.24312
          ],
          [
            36.816387,
            -1.242842
          ],
          [
            36.816525,
            -1.242688
          ]
        ]
      }
    },
    {
      "type": "Feature",
      "properties": {
        "contig_id": 62,
        "length_m": 16.131,
        "segment_count": 1,
        "way_names": [
          "Olive Path"
        ]
      },
      "geometry": {
        "type": "LineString",
        "coordinates": [
          [
            36.817251,
            -1.246462
          ],
          [
            36.817317,
            -1.246332
          ]
        ]
      }
    },
    {
      "type": "Feature",
      "properties": {
        "contig_id": 63,
        "length_m": 34.415,
        "segment_count": 2,
        "way_names": [
          "Lake Trail"
        ]
      },
      "geometry": {
        "type": "LineString",
        "coordinates": [
          [
            36.818676,
            -1.243756
          ],
          [
            36.818882,
            -1.243876
          ],
          [
            36.818925,
            -1.243933
          ]
        ]
      }
    },
    {
      "type": "Feature",
      "properties": {
        "contig_id": 64,
        "length_m": 83.549,
        "segment_count": 4,
        "way_names": [
          "Lake Trail"
        ]
      },
      "geometry": {
        "type": "LineString",
        "coordinates": [
          [
            36.818676,
            -1.243756
          ],
          [
            36.818377,
            -1.243662
          ],
          [
            36.818225,
            -1.243593
          ],
          [
            36.818055,
            -1.243564
          ],
          [
            36.81796,
            -1.243539
          ]
        ]
      }
    },
    {
      "type": "Feature",
      "properties": {
        "contig_id": 65,
        "length_m": 74.111,
        "segment_count": 5,
        "way_names": [
          "Olive Path"
        ]
      },
      "geometry": {
        "type": "LineString",
        "coordinates": [
          [
            36.818676,
            -1.243756
          ],
          [
            36.818703,
            -1.243848
          ],
          [
            36.818692,
            -1.243937
          ],
          [
            36.818641,
            -1.243986
          ],
          [
            36.818585,
            -1.244077
          ],
          [
            36.818452,
            -1.24435
          ]
        ]
      }
    },
    {
      "type": "Feature",
      "properties": {
        "contig_id": 66,
        "length_m": 463.183,
        "segment_count": 8,
        "way_names": []
      },
      "geometry": {
        "type": "LineString",
        "coordinates": [
          [
            36.838289,
            -1.245925
          ],
          [
            36.837542,
            -1.245175
          ],
          [
            36.83733,
            -1.244781
          ],
          [
            36.837148,
            -1.244352
          ],
          [
            36.837161,
            -1.244156
          ],
          [
            36.836873,
            -1.24403
          ],
          [
            36.836709,
            -1.243948
          ],
          [
            36.836001,
            -1.244072
          ],
          [
            36.835287,
            -1.243754
          ]
        ]
      }
    },
    {
      "type": "Feature",
      "properties": {
        "contig_id": 67,
        "length_m": 169.417,
        "segment_count": 1,
        "way_names": []
      },
      "geometry": {
        "type": "LineString",
        "coordinates": [
          [
            36.838289,
            -1.245925
          ],
          [
            36.837743,
            -1.247348
          ]
        ]
      }
    },
    {
      "type": "Feature",
      "properties": {
        "contig_id": 68,
        "length_m": 294.65,
        "segment_count": 4,
        "way_names": []
      },
      "geometry": {
        "type": "LineString",
        "coordinates": [
          [
            36.838289,
            -1.245925
          ],
          [
            36.838305,
            -1.245946
          ],
          [
            36.838653,
            -1.246403
          ],
          [
            36.839574,
            -1.24743
          ],
          [
            36.839993,
            -1.247952
          ]
        ]
      }
    },
    {
      "type": "Feature",
      "properties": {
        "contig_id": 69,
        "length_m": 178.521,
        "segment_count": 5,
        "way_names": []
      },
      "geometry": {
        "type": "LineString",
        "coordinates": [
          [
            36.833512,
            -1.242521
          ],
          [
            36.833857,
            -1.242668
          ],
          [
            36.834039,
            -1.242817
          ],
          [
            36.834302,
            -1.243096
          ],
          [
            36.834564,
            -1.243325
          ],
          [
            36.834764,
            -1.243498
          ]
        ]
      }
    },
    {
      "type": "Feature",
      "properties": {
        "contig_id": 70,
        "length_m": 525.27,
        "segment_count": 4,
        "way_names": [
          "Middle Track"
        ]
      },
      "geometry": {
        "type": "LineString",
        "coordinates": [
          [
            36.82969,
            -1.239389
          ],
          [
            36.828532,
            -1.239119
          ],
          [
            36.827504,
            -1.239022
          ],
          [
            36.826799,
            -1.238959
          ],
          [
            36.82501,
            -1.238798
          ]
        ]
      }
    },
    {
      "type": "Feature",
      "properties": {
        "contig_id": 71,
        "length_m": 196.908,
        "segment_count": 10,
        "way_names": [
          "KFEET Track"
        ]
      },
      "geometry": {
        "type": "LineString",
        "coordinates": [
          [
            36.817669,
            -1.247257
          ],
          [
            36.817575,
            -1.247308
          ],
          [
            36.817435,
            -1.247339
          ],
          [
            36.817254,
            -1.247316
          ],
          [
            36.817234,
            -1.247309
          ],
          [
            36.817116,
            -1.247279
          ],
          [
            36.816684,
            -1.247228
          ],
          [
            36.816451,
            -1.247161
          ],
          [
            36.816246,
            -1.247154
          ],
          [
            36.816034,
            -1.247154
          ],
          [
            36.815935,
            -1.247174
          ]
        ]
      }
    },
    {
      "type": "Feature",
      "properties": {
        "contig_id": 72,
        "length_m": 4.654,
        "segment_count": 1,
        "way_names": [
          "Family Trail"
        ]
      },
      "geometry": {
        "type": "LineString",
        "coordinates": [
          [
            36.817669,
            -1.247257
          ],
          [
            36.817706,
            -1.247239
          ]
        ]
      }
    },
    {
      "type": "Feature",
      "properties": {
        "contig_id": 73,
        "length_m": 16.653,
        "segment_count": 1,
        "way_names": []
      },
      "geometry": {
        "type": "LineString",
        "coordinates": [
          [
            36.818006,
            -1.241762
          ],
          [
            36.817885,
            -1.24185
          ]
        ]
      }
    },
    {
      "type": "Feature",
      "properties": {
        "contig_id": 74,
        "length_m": 131.731,
        "segment_count": 9,
        "way_names": [
          "Kima Trail"
        ]
      },
      "geometry": {
        "type": "LineString",
        "coordinates": [
          [
            36.8226,
            -1.232303
          ],
          [
            36.822551,
            -1.232166
          ],
          [
            36.822452,
            -1.232063
          ],
          [
            36.822401,
            -1.232025
          ],
          [
            36.822238,
            -1.231847
          ],
          [
            36.822199,
            -1.231827
          ],
          [
            36.822075,
            -1.231693
          ],
          [
            36.821911,
            -1.231608
          ],
          [
            36.82184,
            -1.231571
          ],
          [
            36.821757,
            -1.231515
          ]
        ]
      }
    },
    {
      "type": "Feature",
      "properties": {
        "contig_id": 75,
        "length_m": 390.313,
        "segment_count": 20,
        "way_names": []
      },
      "geometry": {
        "type": "LineString",
        "coordinates": [
          [
            36.824376,
            -1.233664
          ],
          [
            36.824325,
            -1.233642
          ],
          [
            36.82422,
            -1.233548
          ],
          [
            36.824136,
            -1.233501
          ],
          [
            36.823931,
            -1.233257
          ],
          [
            36.823636,
            -1.232904
          ],
          [
            36.823561,
            -1.232785
          ],
          [
            36.823464,
            -1.232642
          ],
          [
            36.823411,
            -1.232539
          ],
          [
            36.823303,
            -1.232369
          ],
          [
            36.823217,
            -1.232268
          ],
          [
            36.823091,
            -1.232164
          ],
          [
            36.822948,
            -1.23208
          ],
          [
            36.822913,
            -1.232041
          ],
          [
            36.822657,
            -1.231889
          ],
          [
            36.822582,
            -1.231825
          ],
          [
            36.822393,
            -1.231695
          ],
          [
            36.8221,
            -1.231609
          ],
          [
            36.822009,
            -1.23156
          ],
          [
            36.821923,
            -1.231525
          ],
          [
            36.821757,
            -1.231515
          ]
        ]
      }
    },
    {
      "type": "Feature",
      "properties": {
        "contig_id": 76,
        "length_m": 301.634,
        "segment_count": 10,
        "way_names": []
      },
      "geometry": {
        "type": "LineString",
        "coordinates": [
          [
            36.824376,
            -1.233664
          ],
          [
            36.824331,
            -1.233395
          ],
          [
            36.824291,
            -1.233162
          ],
          [
            36.824385,
            -1.232944
          ],
          [
            36.824591,
            -1.232878
          ],
          [
            36.82506,
            -1.23316
          ],
          [
            36.825434,
            -1.233303
          ],
          [
            36.825577,
            -1.233335
          ],
          [
            36.82583,
            -1.233364
          ],
          [
            36.826084,
            -1.233339
          ],
          [
            36.826219,
            -1.233285
          ]
        ]
      }
    },
    {
      "type": "Feature",
      "properties": {
        "contig_id": 77,
        "length_m": 558.657,
        "segment_count": 23,
        "way_names": []
      },
      "geometry": {
        "type": "LineString",
        "coordinates": [
          [
            36.829537,
            -1.236652
          ],
          [
            36.830466,
            -1.236832
          ],
          [
            36.830642,
            -1.236717
          ],
          [
            36.830697,
            -1.23665
          ],
          [
            36.830709,
            -1.236626
          ],
          [
            36.830737,
            -1.236548
          ],
          [
            36.830696,
            -1.236425
          ],
          [
            36.830614,
            -1.236341
          ],
          [
            36.83059,
            -1.236302
          ],
          [
            36.830593,
            -1.236262
          ],
          [
            36.830641,
            -1.236239
          ],
          [
            36.830722,
            -1.23619
          ],
          [
            36.830872,
            -1.236235
          ],
          [
            36.831137,
            -1.23622
          ],
          [
            36.831343,
            -1.236205
          ],
          [
            36.831722,
            -1.23619
          ],
          [
            36.832462,
            -1.23615
          ],
          [
            36.832591,
            -1.236086
          ],
          [
            36.833051,
            -1.235999
          ],
          [
            36.833102,
            -1.235965
          ],
          [
            36.833237,
            -1.235658
          ],
          [
            36.833259,
            -1.23552
          ],
          [
            36.833333,
            -1.235421
          ],
          [
            36.833403,
            -1.235266
          ]
        ]
      }
    },
    {
      "type": "Feature",
      "properties": {
        "contig_id": 78,
        "length_m": 131.553,
        "segment_count": 7,
        "way_names": []
      },
      "geometry": {
        "type": "LineString",
        "coordinates": [
          [
            36.817867,
            -1.241645
          ],
          [
            36.817796,
            -1.241645
          ],
          [
            36.817661,
            -1.241719
          ],
          [
            36.817569,
            -1.241804
          ],
          [
            36.817423,
            -1.241911
          ],
          [
            36.817271,
            -1.242024
          ],
          [
            36.817129,
            -1.242202
          ],
          [
            36.816995,
            -1.242395
          ]
        ]
      }
    },
    {
      "type": "Feature",
      "properties": {
        "contig_id": 79,
        "length_m": 24.138,
        "segment_count": 2,
        "way_names": []
      },
      "geometry": {
        "type": "LineString",
        "coordinates": [
          [
            36.817867,
            -1.241645
          ],
          [
            36.817842,
            -1.241744
          ],
          [
            36.817885,
            -1.24185
          ]
        ]
      }
    },
    {
      "type": "Feature",
      "properties": {
        "contig_id": 80,
        "length_m": 56.506,
        "segment_count": 5,
        "way_names": []
      },
      "geometry": {
        "type": "LineString",
        "coordinates": [
          [
            36.817885,
            -1.24185
          ],
          [
            36.817782,
            -1.241928
          ],
          [
            36.817715,
            -1.242003
          ],
          [
            36.817679,
            -1.24207
          ],
          [
            36.817704,
            -1.242152
          ],
          [
            36.817704,
            -1.242269
          ]
        ]
      }
    },
    {
      "type": "Feature",
      "properties": {
        "contig_id": 81,
        "length_m": 19.318,
        "segment_count": 2,
        "way_names": []
      },
      "geometry": {
        "type": "LineString",
        "coordinates": [
          [
            36.817704,
            -1.242269
          ],
          [
            36.817736,
            -1.242329
          ],
          [
            36.817807,
            -1.242408
          ]
        ]
      }
    },
    {
      "type": "Feature",
      "properties": {
        "contig_id": 82,
        "length_m": 83.378,
        "segment_count": 6,
        "way_names": []
      },
      "geometry": {
        "type": "LineString",
        "coordinates": [
          [
            36.817704,
            -1.242269
          ],
          [
            36.817562,
            -1.242249
          ],
          [
            36.81749,
            -1.242312
          ],
          [
            36.817399,
            -1.242355
          ],
          [
            36.817351,
            -1.242465
          ],
          [
            36.817187,
            -1.242519
          ],
          [
            36.817087,
            -1.242581
          ]
        ]
      }
    },
    {
      "type": "Feature",
      "properties": {
        "contig_id": 83,
        "length_m": 22.089,
        "segment_count": 1,
        "way_names": [
          "Lake Trail"
        ]
      },
      "geometry": {
        "type": "LineString",
        "coordinates": [
          [
            36.816525,
            -1.242688
          ],
          [
            36.81666,
            -1.242833
          ]
        ]
      }
    },
    {
      "type": "Feature",
      "properties": {
        "contig_id": 84,
        "length_m": 63.033,
        "segment_count": 4,
        "way_names": []
      },
      "geometry": {
        "type": "LineString",
        "coordinates": [
          [
            36.81666,
            -1.242833
          ],
          [
            36.816717,
            -1.242663
          ],
          [
            36.816809,
            -1.24256
          ],
          [
            36.816983,
            -1.242411
          ],
          [
            36.816995,
            -1.242395
          ]
        ]
      }
    },
    {
      "type": "Feature",
      "properties": {
        "contig_id": 85,
        "length_m": 70.493,
        "segment_count": 4,
        "way_names": [
          "Lake Trail"
        ]
      },
      "geometry": {
        "type": "LineString",
        "coordinates": [
          [
            36.81666,
            -1.242833
          ],
          [
            36.816746,
            -1.242926
          ],
          [
            36.816863,
            -1.243039
          ],
          [
            36.817005,
            -1.243192
          ],
          [
            36.817115,
            -1.243273
          ]
        ]
      }
    },
    {
      "type": "Feature",
      "properties": {
        "contig_id": 86,
        "length_m": 99.932,
        "segment_count": 6,
        "way_names": [
          "Lake Trail"
        ]
      },
      "geometry": {
        "type": "LineString",
        "coordinates": [
          [
            36.817115,
            -1.243273
          ],
          [
            36.817228,
            -1.243355
          ],
          [
            36.817349,
            -1.243415
          ],
          [
            36.817498,
            -1.243454
          ],
          [
            36.817612,
            -1.243469
          ],
          [
            36.817764,
            -1.24349
          ],
          [
            36.81796,
            -1.243539
          ]
        ]
      }
    },
    {
      "type": "Feature",
      "properties": {
        "contig_id": 87,
        "length_m": 79.313,
        "segment_count": 6,
        "way_names": []
      },
      "geometry": {
        "type": "LineString",
        "coordinates": [
          [
            36.817115,
            -1.243273
          ],
          [
            36.817078,
            -1.243079
          ],
          [
            36.81712,
            -1.242864
          ],
          [
            36.817144,
            -1.242762
          ],
          [
            36.81711,
            -1.242693
          ],
          [
            36.817094,
            -1.24261
          ],
          [
            36.817087,
            -1.242581
          ]
        ]
      }
    },
    {
      "type": "Feature",
      "properties": {
        "contig_id": 88,
        "length_m": 8.796,
        "segment_count": 1,
        "way_names": []
      },
      "geometry": {
        "type": "LineString",
        "coordinates": [
          [
            36.817976,
            -1.243462
          ],
          [
            36.81796,
            -1.243539
          ]
        ]
      }
    },
    {
      "type": "Feature",
      "properties": {
        "contig_id": 89,
        "length_m": 108.718,
        "segment_count": 4,
        "way_names": []
      },
      "geometry": {
        "type": "LineString",
        "coordinates": [
          [
            36.821757,
            -1.231515
          ],
          [
            36.821456,
            -1.231324
          ],
          [
            36.821184,
            -1.231243
          ],
          [
            36.821155,
            -1.231237
          ],
          [
            36.820852,
            -1.231181
          ]
        ]
      }
    },
    {
      "type": "Feature",
      "properties": {
        "contig_id": 90,
        "length_m": 1248.093,
        "segment_count": 43,
        "way_names": [
          "Family Trail"
        ]
      },
      "geometry": {
        "type": "LineString",
        "coordinates": [
          [
            36.828156,
            -1.248654
          ],
          [
            36.827708,
            -1.248761
          ],
          [
            36.827251,
            -1.24878
          ],
          [
            36.826971,
            -1.248887
          ],
          [
            36.82671,
            -1.249003
          ],
          [
            36.826374,
            -1.249077
          ],
          [
            36.826147,
            -1.249056
          ],
          [
            36.825812,
            -1.248979
          ],
          [
            36.825656,
            -1.24892
          ],
          [
            36.825497,
            -1.24882
          ],
          [
            36.825232,
            -1.248638
          ],
          [
            36.82505,
            -1.248559
          ],
          [
            36.824856,
            -1.248457
          ],
          [
            36.824459,
            -1.24834
          ],
          [
            36.824043,
            -1.248249
          ],
          [
            36.823728,
            -1.248132
          ],
          [
            36.823569,
            -1.24809
          ],
          [
            36.823405,
            -1.248025
          ],
          [
            36.823116,
            -1.247887
          ],
          [
            36.822927,
            -1.2478
          ],
          [
            36.822772,
            -1.247672
          ],
          [
            36.822496,
            -1.247437
          ],
          [
            36.822226,
            -1.247245
          ],
          [
            36.821966,
            -1.247113
          ],
          [
            36.82178,
            -1.247036
          ],
          [
            36.821601,
            -1.246938
          ],
          [
            36.821254,
            -1.246769
          ],
          [
            36.820788,
            -1.246641
          ],
          [
            36.820551,
            -1.246645
          ],
          [
            36.820408,
            -1.246655
          ],
          [
            36.820275,
            -1.246666
          ],
          [
            36.820091,
            -1.24665
          ],
          [
            36.819957,
            -1.246629
          ],
          [
            36.819699,
            -1.2466
          ],
          [
            36.819415,
            -1.246635
          ],
          [
            36.819291,
            -1.2467
          ],
          [
            36.819158,
            -1.246729
          ],
          [
            36.818731,
            -1.246855
          ],
          [
            36.8184,
            -1.246995
          ],
          [
            36.818094,
            -1.247125
          ],
          [
            36.817866,
            -1.247228
          ],
          [
            36.817804,
            -1.247238
          ],
          [
            36.817732,
            -1.247226
          ],
          [
            36.817706,
            -1.247239
          ]
        ]
      }
    },
    {
      "type": "Feature",
      "properties": {
        "contig_id": 91,
        "length_m": 298.15,
        "segment_count": 6,
        "way_names": [
          "Family Trail"
        ]
      },
      "geometry": {
        "type": "LineString",
        "coordinates": [
          [
            36.828156,
            -1.248654
          ],
          [
            36.828414,
            -1.248568
          ],
          [
            36.828864,
            -1.248482
          ],
          [
            36.829508,
            -1.248332
          ],
          [
            36.830012,
            -1.248107
          ],
          [
            36.830345,
            -1.248
          ],
          [
            36.830699,
            -1.247839
          ]
        ]
      }
    },
    {
      "type": "Feature",
      "properties": {
        "contig_id": 92,
        "length_m": 580.285,
        "segment_count": 21,
        "way_names": [
          "Pipeline Path"
        ]
      },
      "geometry": {
        "type": "LineString",
        "coordinates": [
          [
            36.828156,
            -1.248654
          ],
          [
            36.828147,
            -1.248516
          ],
          [
            36.827854,
            -1.248246
          ],
          [
            36.827653,
            -1.248095
          ],
          [
            36.82683,
            -1.247389
          ],
          [
            36.826708,
            -1.247312
          ],
          [
            36.826668,
            -1.247253
          ],
          [
            36.826526,
            -1.247141
          ],
          [
            36.826468,
            -1.247098
          ],
          [
            36.826149,
            -1.246928
          ],
          [
            36.825986,
            -1.246786
          ],
          [
            36.825917,
            -1.246703
          ],
          [
            36.825596,
            -1.246469
          ],
          [
            36.825499,
            -1.246366
          ],
          [
            36.82545,
            -1.246271
          ],
          [
            36.825404,
            -1.246215
          ],
          [
            36.825282,
            -1.246139
          ],
          [
            36.825117,
            -1.246068
          ],
          [
            36.824637,
            -1.245635
          ],
          [
            36.824462,
            -1.245507
          ],
          [
            36.824304,
            -1.245422
          ],
          [
            36.824217,
            -1.245357
          ]
        ]
      }
    },
    {
      "type": "Feature",
      "properties": {
        "contig_id": 93,
        "length_m": 147.134,
        "segment_count": 4,
        "way_names": [
          "Family Trail"
        ]
      },
      "geometry": {
        "type": "LineString",
        "coordinates": [
          [
            36.830699,
            -1.247839
          ],
          [
            36.830892,
            -1.247592
          ],
          [
            36.83116,
            -1.247227
          ],
          [
            36.831404,
            -1.247011
          ],
          [
            36.83162,
            -1.246928
          ]
        ]
      }
    },
    {
      "type": "Feature",
      "properties": {
        "contig_id": 94,
        "length_m": 338.603,
        "segment_count": 6,
        "way_names": []
      },
      "geometry": {
        "type": "LineString",
        "coordinates": [
          [
            36.830699,
            -1.247839
          ],
          [
            36.83125,
            -1.247766
          ],
          [
            36.831949,
            -1.247419
          ],
          [
            36.832342,
            -1.247251
          ],
          [
            36.832913,
            -1.247256
          ],
          [
            36.833398,
            -1.247216
          ],
          [
            36.833544,
            -1.247045
          ]
        ]
      }
    },
    {
      "type": "Feature",
      "properties": {
        "contig_id": 95,
        "length_m": 28.452,
        "segment_count": 2,
        "way_names": []
      },
      "geometry": {
        "type": "LineString",
        "coordinates": [
          [
            36.844146,
            -1.23995
          ],
          [
            36.843973,
            -1.239881
          ],
          [
            36.843909,
            -1.239855
          ]
        ]
      }
    },
    {
      "type": "Feature",
      "properties": {
        "contig_id": 96,
        "length_m": 97.648,
        "segment_count": 4,
        "way_names": [
          "Pipeline Path"
        ]
      },
      "geometry": {
        "type": "LineString",
        "coordinates": [
          [
            36.824217,
            -1.245357
          ],
          [
            36.823939,
            -1.245276
          ],
          [
            36.823634,
            -1.245163
          ],
          [
            36.823447,
            -1.245054
          ],
          [
            36.823403,
            -1.245038
          ]
        ]
      }
    },
    {
      "type": "Feature",
      "properties": {
        "contig_id": 97,
        "length_m": 120.544,
        "segment_count": 1,
        "way_names": []
      },
      "geometry": {
        "type": "LineString",
        "coordinates": [
          [
            36.824217,
            -1.245357
          ],
          [
            36.823524,
            -1.244523
          ]
        ]
      }
    },
    {
      "type": "Feature",
      "properties": {
        "contig_id": 98,
        "length_m": 147.779,
        "segment_count": 9,
        "way_names": [
          "Turaco Path"
        ]
      },
      "geometry": {
        "type": "LineString",
        "coordinates": [
          [
            36.83162,
            -1.246928
          ],
          [
            36.831433,
            -1.246662
          ],
          [
            36.831348,
            -1.246595
          ],
          [
            36.831119,
            -1.246487
          ],
          [
            36.831074,
            -1.246432
          ],
          [
            36.830987,
            -1.246369
          ],
          [
            36.830946,
            -1.246311
          ],
          [
            36.830953,
            -1.246203
          ],
          [
            36.831015,
            -1.245996
          ],
          [
            36.830995,
            -1.24593
          ]
        ]
      }
    },
    {
      "type": "Feature",
      "properties": {
        "contig_id": 99,
        "length_m": 148.835,
        "segment_count": 4,
        "way_names": [
          "Family Trail"
        ]
      },
      "geometry": {
        "type": "LineString",
        "coordinates": [
          [
            36.83162,
            -1.246928
          ],
          [
            36.831702,
            -1.24694
          ],
          [
            36.832109,
            -1.246947
          ],
          [
            36.83288,
            -1.247027
          ],
          [
            36.832954,
            -1.247029
          ]
        ]
      }
    },
    {
      "type": "Feature",
      "properties": {
        "contig_id": 100,
        "length_m": 251.671,
        "segment_count": 6,
        "way_names": []
      },
      "geometry": {
        "type": "LineString",
        "coordinates": [
          [
            36.830995,
            -1.24593
          ],
          [
            36.831151,
            -1.245948
          ],
          [
            36.831401,
            -1.246064
          ],
          [
            36.831833,
            -1.246353
          ],
          [
            36.832364,
            -1.246723
          ],
          [
            36.832661,
            -1.246876
          ],
          [
            36.832954,
            -1.247029
          ]
        ]
      }
    },
    {
      "type": "Feature",
      "properties": {
        "contig_id": 101,
        "length_m": 228.608,
        "segment_count": 10,
        "way_names": []
      },
      "geometry": {
        "type": "LineString",
        "coordinates": [
          [
            36.835287,
            -1.243754
          ],
          [
            36.835357,
            -1.243865
          ],
          [
            36.835358,
            -1.243887
          ],
          [
            36.835371,
            -1.244138
          ],
          [
            36.835476,
            -1.244558
          ],
          [
            36.835598,
            -1.24478
          ],
          [
            36.835696,
            -1.245011
          ],
          [
            36.835808,
            -1.245147
          ],
          [
            36.835844,
            -1.245286
          ],
          [
            36.835957,
            -1.245589
          ],
          [
            36.835969,
            -1.245659
          ]
        ]
      }
    },
    {
      "type": "Feature",
      "properties": {
        "contig_id": 102,
        "length_m": 410.347,
        "segment_count": 7,
        "way_names": []
      },
      "geometry": {
        "type": "LineString",
        "coordinates": [
          [
            36.836742,
            -1.247585
          ],
          [
            36.835262,
            -1.246781
          ],
          [
            36.834534,
            -1.246478
          ],
          [
            36.834324,
            -1.24643
          ],
          [
            36.834196,
            -1.246481
          ],
          [
            36.833965,
            -1.24664
          ],
          [
            36.833711,
            -1.24687
          ],
          [
            36.833544,
            -1.247045
          ]
        ]
      }
    },
    {
      "type": "Feature",
      "properties": {
        "contig_id": 103,
        "length_m": 110.785,
        "segment_count": 8,
        "way_names": []
      },
      "geometry": {
        "type": "LineString",
        "coordinates": [
          [
            36.836742,
            -1.247585
          ],
          [
            36.836883,
            -1.247618
          ],
          [
            36.836991,
            -1.247625
          ],
          [
            36.837271,
            -1.247552
          ],
          [
            36.837337,
            -1.247522
          ],
          [
            36.837453,
            -1.247439
          ],
          [
            36.837479,
            -1.247416
          ],
          [
            36.837529,
            -1.24732
          ],
          [
            36.837529,
            -1.247224
          ]
        ]
      }
    },
    {
      "type": "Feature",
      "properties": {
        "contig_id": 104,
        "length_m": 86.156,
        "segment_count": 1,
        "way_names": []
      },
      "geometry": {
        "type": "LineString",
        "coordinates": [
          [
            36.836742,
            -1.247585
          ],
          [
            36.836104,
            -1.248026
          ]
        ]
      }
    },
    {
      "type": "Feature",
      "properties": {
        "contig_id": 105,
        "length_m": 251.089,
        "segment_count": 15,
        "way_names": []
      },
      "geometry": {
        "type": "LineString",
        "coordinates": [
          [
            36.837529,
            -1.247224
          ],
          [
            36.837451,
            -1.247062
          ],
          [
            36.83735,
            -1.246962
          ],
          [
            36.837299,
            -1.246866
          ],
          [
            36.83717,
            -1.24674
          ],
          [
            36.83711,
            -1.24665
          ],
          [
            36.837076,
            -1.246638
          ],
          [
            36.837003,
            -1.246561
          ],
          [
            36.836864,
            -1.246396
          ],
          [
            36.836753,
            -1.246307
          ],
          [
            36.836563,
            -1.24621
          ],
          [
            36.836294,
            -1.246031
          ],
          [
            36.836233,
            -1.245943
          ],
          [
            36.836061,
            -1.245812
          ],
          [
            36.836017,
            -1.245755
          ],
          [
            36.835969,
            -1.245659
          ]
        ]
      }
    },
    {
      "type": "Feature",
      "properties": {
        "contig_id": 106,
        "length_m": 27.57,
        "segment_count": 2,
        "way_names": []
      },
      "geometry": {
        "type": "LineString",
        "coordinates": [
          [
            36.837529,
            -1.247224
          ],
          [
            36.837681,
            -1.247322
          ],
          [
            36.837743,
            -1.247348
          ]
        ]
      }
    },
    {
      "type": "Feature",
      "properties": {
        "contig_id": 107,
        "length_m": 313.425,
        "segment_count": 20,
        "way_names": []
      },
      "geometry": {
        "type": "LineString",
        "coordinates": [
          [
            36.835969,
            -1.245659
          ],
          [
            36.835825,
            -1.245592
          ],
          [
            36.835706,
            -1.245677
          ],
          [
            36.835599,
            -1.245686
          ],
          [
            36.835427,
            -1.245629
          ],
          [
            36.835296,
            -1.245561
          ],
          [
            36.835188,
            -1.24554
          ],
          [
            36.83509,
            -1.245491
          ],
          [
            36.835016,
            -1.245487
          ],
          [
            36.834839,
            -1.245444
          ],
          [
            36.834635,
            -1.245364
          ],
          [
            36.834581,
            -1.24527
          ],
          [
            36.83451,
            -1.245252
          ],
          [
            36.834417,
            -1.245196
          ],
          [
            36.834308,
            -1.245006
          ],
          [
            36.834114,
            -1.244912
          ],
          [
            36.834017,
            -1.244759
          ],
          [
            36.833901,
            -1.244671
          ],
          [
            36.833865,
            -1.244607
          ],
          [
            36.83379,
            -1.244526
          ],
          [
            36.833716,
            -1.244398
          ]
        ]
      }
    },
    {
      "type": "Feature",
      "properties": {
        "contig_id": 108,
        "length_m": 1071.763,
        "segment_count": 49,
        "way_names": [
          "Fika Bikeshare"
        ]
      },
      "geometry": {
        "type": "LineString",
        "coordinates": [
          [
            36.837095,
            -1.233241
          ],
          [
            36.837121,
            -1.233261
          ],
          [
            36.837357,
            -1.233424
          ],
          [
            36.83749,
            -1.233544
          ],
          [
            36.837712,
            -1.23378
          ],
          [
            36.837872,
            -1.233924
          ],
          [
            36.837983,
            -1.234064
          ],
          [
            36.838041,
            -1.234108
          ],
          [
            36.838079,
            -1.234171
          ],
          [
            36.838332,
            -1.234363
          ],
          [
            36.838646,
            -1.234601
          ],
          [
            36.839032,
            -1.234921
          ],
          [
            36.839109,
            -1.235039
          ],
          [
            36.83922,
            -1.235131
          ],
          [
            36.839318,
            -1.235237
          ],
          [
            36.83941,
            -1.235291
          ],
          [
            36.839471,
            -1.235379
          ],
          [
            36.83958,
            -1.235471
          ],
          [
            36.839833,
            -1.235608
          ],
          [
            36.839903,
            -1.235619
          ],
          [
            36.840332,
            -1.235574
          ],
          [
            36.840363,
            -1.235556
          ],
          [
            36.840534,
            -1.235372
          ],
          [
            36.84067,
            -1.235325
          ],
          [
            36.840931,
            -1.235207
          ],
          [
            36.841605,
            -1.235096
          ],
          [
            36.841826,
            -1.234978
          ],
          [
            36.842029,
            -1.234908
          ],
          [
            36.842066,
            -1.234907
          ],
          [
            36.842131,
            -1.234938
          ],
          [
            36.842224,
            -1.235046
          ],
          [
            36.84239,
            -1.235126
          ],
          [
            36.842535,
            -1.235196
          ],
          [
            36.842677,
            -1.235287
          ],
          [
            36.842881,
            -1.235459
          ],
          [
            36.842905,
            -1.235527
          ],
          [
            36.842896,
            -1.235598
          ],
          [
            36.842759,
            -1.23589
          ],
          [
            36.84269,
            -1.236277
          ],
          [
            36.842663,
            -1.236562
          ],
          [
            36.842645,
            -1.236631
          ],
          [
            36.842644,
            -1.236884
          ],
          [
            36.842692,
            -1.237019
          ],
          [
            36.842809,
            -1.237156
          ],
          [
            36.842866,
            -1.237199
          ],
          [
            36.842939,
            -1.237272
          ],
          [
            36.843008,
            -1.237314
          ],
          [
            36.843116,
            -1.237384
          ],
          [
            36.843311,
            -1.237448
          ],
          [
            36.84342,
            -1.237624
          ]
        ]
      }
    },
    {
      "type": "Feature",
      "properties": {
        "contig_id": 109,
        "length_m": 1163.242,
        "segment_count": 48,
        "way_names": [
          "Tara Path"
        ]
      },
      "geometry": {
        "type": "LineString",
        "coordinates": [
          [
            36.837095,
            -1.233241
          ],
          [
            36.836994,
            -1.233181
          ],
          [
            36.836721,
            -1.233088
          ],
          [
            36.83629,
            -1.233071
          ],
          [
            36.835979,
            -1.232982
          ],
          [
            36.835835,
            -1.232992
          ],
          [
            36.835765,
            -1.232978
          ],
          [
            36.835704,
            -1.232941
          ],
          [
            36.835463,
            -1.232725
          ],
          [
            36.835421,
            -1.232667
          ],
          [
            36.835316,
            -1.232569
          ],
          [
            36.835207,
            -1.232425
          ],
          [
            36.835125,
            -1.232228
          ],
          [
            36.834963,
            -1.232032
          ],
          [
            36.83474,
            -1.231911
          ],
          [
            36.834471,
            -1.231792
          ],
          [
            36.834358,
            -1.231757
          ],
          [
            36.834285,
            -1.23171
          ],
          [
            36.834145,
            -1.231677
          ],
          [
            36.833963,
            -1.231594
          ],
          [
            36.833835,
            -1.231531
          ],
          [
            36.833737,
            -1.231485
          ],
          [
            36.833589,
            -1.231382
          ],
          [
            36.833305,
            -1.23106
          ],
          [
            36.833249,
            -1.231015
          ],
          [
            36.832964,
            -1.230562
          ],
          [
            36.832942,
            -1.230498
          ],
          [
            36.83288,
            -1.230462
          ],
          [
            36.832835,
            -1.230409
          ],
          [
            36.832799,
            -1.230307
          ],
          [
            36.832731,
            -1.23018
          ],
          [
            36.832368,
            -1.229691
          ],
          [
            36.832259,
            -1.229464
          ],
          [
            36.832241,
            -1.229397
          ],
          [
            36.832079,
            -1.22916
          ],
          [
            36.831862,
            -1.228748
          ],
          [
            36.831803,
            -1.228578
          ],
          [
            36.831752,
            -1.228369
          ],
          [
            36.83172,
            -1.228304
          ],
          [
            36.831612,
            -1.228165
          ],
          [
            36.831469,
            -1.228054
          ],
          [
            36.831195,
            -1.227883
          ],
          [
            36.83113,
            -1.227854
          ],
          [
            36.831058,
            -1.227845
          ],
          [
            36.830634,
            -1.227646
          ],
          [
            36.830326,
            -1.227552
          ],
          [
            36.830095,
            -1.227453
          ],
          [
            36.829521,
            -1.22716
          ],
          [
            36.829406,
            -1.227076
          ]
        ]
      }
    },
    {
      "type": "Feature",
      "properties": {
        "contig_id": 110,
        "length_m": 266.769,
        "segment_count": 13,
        "way_names": [
          "Fika Bikeshare"
        ]
      },
      "geometry": {
        "type": "LineString",
        "coordinates": [
          [
            36.84342,
            -1.237624
          ],
          [
            36.843502,
            -1.237624
          ],
          [
            36.843595,
            -1.237732
          ],
          [
            36.843707,
            -1.237909
          ],
          [
            36.843765,
            -1.238297
          ],
          [
            36.843802,
            -1.238435
          ],
          [
            36.843808,
            -1.238724
          ],
          [
            36.843825,
            -1.238794
          ],
          [
            36.843817,
            -1.238865
          ],
          [
            36.843845,
            -1.239043
          ],
          [
            36.843871,
            -1.239402
          ],
          [
            36.843909,
            -1.239578
          ],
          [
            36.843907,
            -1.239722
          ],
          [
            36.843909,
            -1.239855
          ]
        ]
      }
    },
    {
      "type": "Feature",
      "properties": {
        "contig_id": 111,
        "length_m": 341.199,
        "segment_count": 12,
        "way_names": [
          "Muhuga Trail"
        ]
      },
      "geometry": {
        "type": "LineString",
        "coordinates": [
          [
            36.84342,
            -1.237624
          ],
          [
            36.843207,
            -1.237648
          ],
          [
            36.843063,
            -1.23764
          ],
          [
            36.842666,
            -1.237656
          ],
          [
            36.842222,
            -1.237796
          ],
          [
            36.842066,
            -1.237836
          ],
          [
            36.841839,
            -1.237914
          ],
          [
            36.841603,
            -1.237947
          ],
          [
            36.841276,
            -1.237866
          ],
          [
            36.841028,
            -1.237701
          ],
          [
            36.840878,
            -1.237602
          ],
          [
            36.84057,
            -1.237504
          ],
          [
            36.8405,
            -1.237496
          ]
        ]
      }
    },
    {
      "type": "Feature",
      "properties": {
        "contig_id": 112,
        "length_m": 391.872,
        "segment_count": 23,
        "way_names": [
          "Muhuga Trail"
        ]
      },
      "geometry": {
        "type": "LineString",
        "coordinates": [
          [
            36.8405,
            -1.237496
          ],
          [
            36.840442,
            -1.23741
          ],
          [
            36.8404,
            -1.237392
          ],
          [
            36.84027,
            -1.237292
          ],
          [
            36.840161,
            -1.237226
          ],
          [
            36.839988,
            -1.237064
          ],
          [
            36.839844,
            -1.236906
          ],
          [
            36.839711,
            -1.236854
          ],
          [
            36.839623,
            -1.236792
          ],
          [
            36.839553,
            -1.236773
          ],
          [
            36.839428,
            -1.236703
          ],
          [
            36.839292,
            -1.236654
          ],
          [
            36.839182,
            -1.236563
          ],
          [
            36.839076,
            -1.236543
          ],
          [
            36.838945,
            -1.236484
          ],
          [
            36.838637,
            -1.236295
          ],
          [
            36.838539,
            -1.236192
          ],
          [
            36.838364,
            -1.236063
          ],
          [
            36.838304,
            -1.235985
          ],
          [
            36.838268,
            -1.235987
          ],
          [
            36.838174,
            -1.235933
          ],
          [
            36.838101,
            -1.235853
          ],
          [
            36.837839,
            -1.235664
          ],
          [
            36.837666,
            -1.235505
          ]
        ]
      }
    },
    {
      "type": "Feature",
      "properties": {
        "contig_id": 113,
        "length_m": 109.485,
        "segment_count": 1,
        "way_names": []
      },
      "geometry": {
        "type": "LineString",
        "coordinates": [
          [
            36.8405,
            -1.237496
          ],
          [
            36.839724,
            -1.238101
          ]
        ]
      }
    },
    {
      "type": "Feature",
      "properties": {
        "contig_id": 114,
        "length_m": 186.265,
        "segment_count": 12,
        "way_names": []
      },
      "geometry": {
        "type": "LineString",
        "coordinates": [
          [
            36.843568,
            -1.252845
          ],
          [
            36.84346,
            -1.252703
          ],
          [
            36.843402,
            -1.252659
          ],
          [
            36.843234,
            -1.252593
          ],
          [
            36.843147,
            -1.252528
          ],
          [
            36.843043,
            -1.252501
          ],
          [
            36.842848,
            -1.252405
          ],
          [
            36.842791,
            -1.252361
          ],
          [
            36.842723,
            -1.252337
          ],
          [
            36.842651,
            -1.252344
          ],
          [
            36.84251,
            -1.252317
          ],
          [
            36.84238,
            -1.252254
          ],
          [
            36.842088,
            -1.252163
          ]
        ]
      }
    },
    {
      "type": "Feature",
      "properties": {
        "contig_id": 115,
        "length_m": 123.394,
        "segment_count": 8,
        "way_names": []
      },
      "geometry": {
        "type": "LineString",
        "coordinates": [
          [
            36.833716,
            -1.244398
          ],
          [
            36.833591,
            -1.244446
          ],
          [
            36.833453,
            -1.244455
          ],
          [
            36.833315,
            -1.244524
          ],
          [
            36.833217,
            -1.24459
          ],
          [
            36.833078,
            -1.244641
          ],
          [
            36.832987,
            -1.244662
          ],
          [
            36.832772,
            -1.244683
          ],
          [
            36.832687,
            -1.244617
          ]
        ]
      }
    },
    {
      "type": "Feature",
      "properties": {
        "contig_id": 116,
        "length_m": 37.84,
        "segment_count": 3,
        "way_names": []
      },
      "geometry": {
        "type": "LineString",
        "coordinates": [
          [
            36.841838,
            -1.251949
          ],
          [
            36.841965,
            -1.252076
          ],
          [
            36.842003,
            -1.252137
          ],
          [
            36.842088,
            -1.252163
          ]
        ]
      }
    },
    {
      "type": "Feature",
      "properties": {
        "contig_id": 117,
        "length_m": 137.206,
        "segment_count": 3,
        "way_names": []
      },
      "geometry": {
        "type": "LineString",
        "coordinates": [
          [
            36.840047,
            -1.248976
          ],
          [
            36.84019,
            -1.24873
          ],
          [
            36.840363,
            -1.248447
          ],
          [
            36.839993,
            -1.247952
          ]
        ]
      }
    },
    {
      "type": "Feature",
      "properties": {
        "contig_id": 118,
        "length_m": 5.222,
        "segment_count": 2,
        "way_names": []
      },
      "geometry": {
        "type": "LineString",
        "coordinates": [
          [
            36.840047,
            -1.248976
          ],
          [
            36.840024,
            -1.248966
          ],
          [
            36.840002,
            -1.248966
          ]
        ]
      }
    },
    {
      "type": "Feature",
      "properties": {
        "contig_id": 119,
        "length_m": 323.667,
        "segment_count": 17,
        "way_names": []
      },
      "geometry": {
        "type": "LineString",
        "coordinates": [
          [
            36.840002,
            -1.248966
          ],
          [
            36.839986,
            -1.248933
          ],
          [
            36.839844,
            -1.248722
          ],
          [
            36.839726,
            -1.248637
          ],
          [
            36.839576,
            -1.248479
          ],
          [
            36.839339,
            -1.24831
          ],
          [
            36.839234,
            -1.248208
          ],
          [
            36.839123,
            -1.248065
          ],
          [
            36.839009,
            -1.247976
          ],
          [
            36.83891,
            -1.247931
          ],
          [
            36.838695,
            -1.247965
          ],
          [
            36.838514,
            -1.247941
          ],
          [
            36.838424,
            -1.247884
          ],
          [
            36.83833,
            -1.247773
          ],
          [
            36.83824,
            -1.247712
          ],
          [
            36.838034,
            -1.247507
          ],
          [
            36.837883,
            -1.247405
          ],
          [
            36.837743,
            -1.247348
          ]
        ]
      }
    },
    {
      "type": "Feature",
      "properties": {
        "contig_id": 120,
        "length_m": 205.776,
        "segment_count": 12,
        "way_names": []
      },
      "geometry": {
        "type": "LineString",
        "coordinates": [
          [
            36.840002,
            -1.248966
          ],
          [
            36.839981,
            -1.249018
          ],
          [
            36.83996,
            -1.249086
          ],
          [
            36.839942,
            -1.249209
          ],
          [
            36.839934,
            -1.249489
          ],
          [
            36.839923,
            -1.249651
          ],
          [
            36.839905,
            -1.249822
          ],
          [
            36.839896,
            -1.249985
          ],
          [
            36.839896,
            -1.250149
          ],
          [
            36.839891,
            -1.250364
          ],
          [
            36.839887,
            -1.25056
          ],
          [
            36.839894,
            -1.250656
          ],
          [
            36.839837,
            -1.250795
          ]
        ]
      }
    },
    {
      "type": "Feature",
      "properties": {
        "contig_id": 121,
        "length_m": 128.705,
        "segment_count": 5,
        "way_names": [
          "Tara Path"
        ]
      },
      "geometry": {
        "type": "LineString",
        "coordinates": [
          [
            36.826219,
            -1.233285
          ],
          [
            36.826335,
            -1.233189
          ],
          [
            36.826404,
            -1.233024
          ],
          [
            36.826488,
            -1.232765
          ],
          [
            36.826527,
            -1.232496
          ],
          [
            36.826647,
            -1.232239
          ]
        ]
      }
    },
    {
      "type": "Feature",
      "properties": {
        "contig_id": 122,
        "length_m": 276.927,
        "segment_count": 8,
        "way_names": [
          "Tara Path"
        ]
      },
      "geometry": {
        "type": "LineString",
        "coordinates": [
          [
            36.826647,
            -1.232239
          ],
          [
            36.826688,
            -1.232026
          ],
          [
            36.826806,
            -1.231572
          ],
          [
            36.826865,
            -1.231254
          ],
          [
            36.826967,
            -1.23095
          ],
          [
            36.827097,
            -1.23039
          ],
          [
            36.827138,
            -1.230178
          ],
          [
            36.827176,
            -1.229857
          ],
          [
            36.8272,
            -1.229817
          ]
        ]
      }
    },
    {
      "type": "Feature",
      "properties": {
        "contig_id": 123,
        "length_m": 559.261,
        "segment_count": 3,
        "way_names": []
      },
      "geometry": {
        "type": "LineString",
        "coordinates": [
          [
            36.826647,
            -1.232239
          ],
          [
            36.825244,
            -1.231551
          ],
          [
            36.823648,
            -1.230849
          ],
          [
            36.822133,
            -1.230026
          ]
        ]
      }
    },
    {
      "type": "Feature",
      "properties": {
        "contig_id": 124,
        "length_m": 824.19,
        "segment_count": 10,
        "way_names": [
          "Wangari Maathai Track"
        ]
      },
      "geometry": {
        "type": "LineString",
        "coordinates": [
          [
            36.826647,
            -1.232239
          ],
          [
            36.827495,
            -1.232655
          ],
          [
            36.828334,
            -1.233041
          ],
          [
            36.828724,
            -1.233219
          ],
          [
            36.830206,
            -1.233886
          ],
          [
            36.830524,
            -1.234095
          ],
          [
            36.830728,
            -1.23419
          ],
          [
            36.830917,
            -1.234285
          ],
          [
            36.832157,
            -1.234728
          ],
          [
            36.833141,
            -1.235162
          ],
          [
            36.833403,
            -1.235266
          ]
        ]
      }
    },
    {
      "type": "Feature",
      "properties": {
        "contig_id": 125,
        "length_m": 152.294,
        "segment_count": 4,
        "way_names": [
          "Muhuga Trail"
        ]
      },
      "geometry": {
        "type": "LineString",
        "coordinates": [
          [
            36.8272,
            -1.229817
          ],
          [
            36.827333,
            -1.229832
          ],
          [
            36.827488,
            -1.229852
          ],
          [
            36.827776,
            -1.229872
          ],
          [
            36.828564,
            -1.229803
          ]
        ]
      }
    },
    {
      "type": "Feature",
      "properties": {
        "contig_id": 126,
        "length_m": 320.917,
        "segment_count": 10,
        "way_names": []
      },
      "geometry": {
        "type": "LineString",
        "coordinates": [
          [
            36.8272,
            -1.229817
          ],
          [
            36.827074,
            -1.229797
          ],
          [
            36.826909,
            -1.229724
          ],
          [
            36.826563,
            -1.22954
          ],
          [
            36.826347,
            -1.229412
          ],
          [
            36.825844,
            -1.229107
          ],
          [
            36.825588,
            -1.228937
          ],
          [
            36.825391,
            -1.228848
          ],
          [
            36.825161,
            -1.22873
          ],
          [
            36.824762,
            -1.228559
          ],
          [
            36.824639,
            -1.228513
          ]
        ]
      }
    },
    {
      "type": "Feature",
      "properties": {
        "contig_id": 127,
        "length_m": 138.507,
        "segment_count": 7,
        "way_names": [
          "Tara Path"
        ]
      },
      "geometry": {
        "type": "LineString",
        "coordinates": [
          [
            36.828233,
            -1.228718
          ],
          [
            36.828127,
            -1.228614
          ],
          [
            36.828083,
            -1.228474
          ],
          [
            36.828043,
            -1.228345
          ],
          [
            36.828074,
            -1.228245
          ],
          [
            36.828108,
            -1.228024
          ],
          [
            36.828153,
            -1.22772
          ],
          [
            36.82819,
            -1.227544
          ]
        ]
      }
    },
    {
      "type": "Feature",
      "properties": {
        "contig_id": 128,
        "length_m": 45.901,
        "segment_count": 3,
        "way_names": []
      },
      "geometry": {
        "type": "LineString",
        "coordinates": [
          [
            36.828233,
            -1.228718
          ],
          [
            36.82824,
            -1.228661
          ],
          [
            36.828429,
            -1.22849
          ],
          [
            36.82852,
            -1.228446
          ]
        ]
      }
    },
    {
      "type": "Feature",
      "properties": {
        "contig_id": 129,
        "length_m": 20.113,
        "segment_count": 3,
        "way_names": [
          "Tara Path"
        ]
      },
      "geometry": {
        "type": "LineString",
        "coordinates": [
          [
            36.828233,
            -1.228718
          ],
          [
            36.828266,
            -1.228751
          ],
          [
            36.828306,
            -1.228814
          ],
          [
            36.828334,
            -1.228867
          ]
        ]
      }
    },
    {
      "type": "Feature",
      "properties": {
        "contig_id": 130,
        "length_m": 1338.885,
        "segment_count": 8,
        "way_names": []
      },
      "geometry": {
        "type": "LineString",
        "coordinates": [
          [
            36.81957,
            -1.230029
          ],
          [
            36.81783,
            -1.228531
          ],
          [
            36.817286,
            -1.225188
          ],
          [
            36.817309,
            -1.224773
          ],
          [
            36.817427,
            -1.224502
          ],
          [
            36.817635,
            -1.224425
          ],
          [
            36.81814,
            -1.224681
          ],
          [
            36.818627,
            -1.224925
          ],
          [
            36.822242,
            -1.227283
          ]
        ]
      }
    },
    {
      "type": "Feature",
      "properties": {
        "contig_id": 131,
        "length_m": 154.714,
        "segment_count": 1,
        "way_names": []
      },
      "geometry": {
        "type": "LineString",
        "coordinates": [
          [
            36.81957,
            -1.230029
          ],
          [
            36.820543,
            -1.229034
          ]
        ]
      }
    },
    {
      "type": "Feature",
      "properties": {
        "contig_id": 132,
        "length_m": 269.486,
        "segment_count": 20,
        "way_names": []
      },
      "geometry": {
        "type": "LineString",
        "coordinates": [
          [
            36.81957,
            -1.230029
          ],
          [
            36.819549,
            -1.230034
          ],
          [
            36.819562,
            -1.230069
          ],
          [
            36.819651,
            -1.230154
          ],
          [
            36.819774,
            -1.230227
          ],
          [
            36.819907,
            -1.230355
          ],
          [
            36.8202,
            -1.230614
          ],
          [
            36.820348,
            -1.230757
          ],
          [
            36.820415,
            -1.230761
          ],
          [
            36.820551,
            -1.230692
          ],
          [
            36.820641,
            -1.230622
          ],
          [
            36.820755,
            -1.23056
          ],
          [
            36.820855,
            -1.230569
          ],
          [
            36.820967,
            -1.23065
          ],
          [
            36.820996,
            -1.230739
          ],
          [
            36.820959,
            -1.230829
          ],
          [
            36.820884,
            -1.230896
          ],
          [
            36.820839,
            -1.230929
          ],
          [
            36.820806,
            -1.231029
          ],
          [
            36.820815,
            -1.231121
          ],
          [
            36.820852,
            -1.231181
          ]
        ]
      }
    },
    {
      "type": "Feature",
      "properties": {
        "contig_id": 133,
        "length_m": 304.251,
        "segment_count": 14,
        "way_names": []
      },
      "geometry": {
        "type": "LineString",
        "coordinates": [
          [
            36.822242,
            -1.227283
          ],
          [
            36.822445,
            -1.227348
          ],
          [
            36.822595,
            -1.227447
          ],
          [
            36.822726,
            -1.227507
          ],
          [
            36.82287,
            -1.227611
          ],
          [
            36.823249,
            -1.227819
          ],
          [
            36.823382,
            -1.227875
          ],
          [
            36.82355,
            -1.227966
          ],
          [
            36.823677,
            -1.228012
          ],
          [
            36.823903,
            -1.2281
          ],
          [
            36.824109,
            -1.228149
          ],
          [
            36.824276,
            -1.228191
          ],
          [
            36.824408,
            -1.228263
          ],
          [
            36.824508,
            -1.228345
          ],
          [
            36.824639,
            -1.228513
          ]
        ]
      }
    },
    {
      "type": "Feature",
      "properties": {
        "contig_id": 134,
        "length_m": 271.24,
        "segment_count": 1,
        "way_names": []
      },
      "geometry": {
        "type": "LineString",
        "coordinates": [
          [
            36.822242,
            -1.227283
          ],
          [
            36.820543,
            -1.229034
          ]
        ]
      }
    },
    {
      "type": "Feature",
      "properties": {
        "contig_id": 135,
        "length_m": 259.462,
        "segment_count": 9,
        "way_names": []
      },
      "geometry": {
        "type": "LineString",
        "coordinates": [
          [
            36.822242,
            -1.227283
          ],
          [
            36.822322,
            -1.227064
          ],
          [
            36.82226,
            -1.22686
          ],
          [
            36.822208,
            -1.22679
          ],
          [
            36.822065,
            -1.226714
          ],
          [
            36.821901,
            -1.226364
          ],
          [
            36.821606,
            -1.226175
          ],
          [
            36.821413,
            -1.225856
          ],
          [
            36.821458,
            -1.225676
          ],
          [
            36.821308,
            -1.225368
          ]
        ]
      }
    },
    {
      "type": "Feature",
      "properties": {
        "contig_id": 136,
        "length_m": 353.197,
        "segment_count": 3,
        "way_names": []
      },
      "geometry": {
        "type": "LineString",
        "coordinates": [
          [
            36.824639,
            -1.228513
          ],
          [
            36.823609,
            -1.228738
          ],
          [
            36.822511,
            -1.229157
          ],
          [
            36.822133,
            -1.230026
          ]
        ]
      }
    },
    {
      "type": "Feature",
      "properties": {
        "contig_id": 137,
        "length_m": 215.577,
        "segment_count": 3,
        "way_names": []
      },
      "geometry": {
        "type": "LineString",
        "coordinates": [
          [
            36.820543,
            -1.229034
          ],
          [
            36.821721,
            -1.22998
          ],
          [
            36.821888,
            -1.230053
          ],
          [
            36.822133,
            -1.230026
          ]
        ]
      }
    },
    {
      "type": "Feature",
      "properties": {
        "contig_id": 138,
        "length_m": 50.796,
        "segment_count": 4,
        "way_names": []
      },
      "geometry": {
        "type": "LineString",
        "coordinates": [
          [
            36.820371,
            -1.24209
          ],
          [
            36.820457,
            -1.242221
          ],
          [
            36.820449,
            -1.242278
          ],
          [
            36.820405,
            -1.242376
          ],
          [
            36.820361,
            -1.242504
          ]
        ]
      }
    },
    {
      "type": "Feature",
      "properties": {
        "contig_id": 139,
        "length_m": 60.041,
        "segment_count": 3,
        "way_names": []
      },
      "geometry": {
        "type": "LineString",
        "coordinates": [
          [
            36.858556,
            -1.245067
          ],
          [
            36.858586,
            -1.245043
          ],
          [
            36.858952,
            -1.244786
          ],
          [
            36.859001,
            -1.244764
          ]
        ]
      }
    },
    {
      "type": "Feature",
      "properties": {
        "contig_id": 140,
        "length_m": 417.234,
        "segment_count": 2,
        "way_names": [
          "Wangari Maathai Track"
        ]
      },
      "geometry": {
        "type": "LineString",
        "coordinates": [
          [
            36.833403,
            -1.235266
          ],
          [
            36.833756,
            -1.235448
          ],
          [
            36.836825,
            -1.236807
          ]
        ]
      }
    },
    {
      "type": "Feature",
      "properties": {
        "contig_id": 141,
        "length_m": 319.647,
        "segment_count": 9,
        "way_names": [
          "Family Trail"
        ]
      },
      "geometry": {
        "type": "LineString",
        "coordinates": [
          [
            36.833544,
            -1.247045
          ],
          [
            36.833687,
            -1.247014
          ],
          [
            36.834018,
            -1.246985
          ],
          [
            36.834155,
            -1.246945
          ],
          [
            36.83461,
            -1.247051
          ],
          [
            36.834677,
            -1.247078
          ],
          [
            36.834883,
            -1.247222
          ],
          [
            36.835222,
            -1.24743
          ],
          [
            36.83581,
            -1.247849
          ],
          [
            36.836104,
            -1.248026
          ]
        ]
      }
    },
    {
      "type": "Feature",
      "properties": {
        "contig_id": 142,
        "length_m": 65.798,
        "segment_count": 3,
        "way_names": [
          "Family Trail"
        ]
      },
      "geometry": {
        "type": "LineString",
        "coordinates": [
          [
            36.833544,
            -1.247045
          ],
          [
            36.833248,
            -1.247052
          ],
          [
            36.833101,
            -1.247032
          ],
          [
            36.832954,
            -1.247029
          ]
        ]
      }
    },
    {
      "type": "Feature",
      "properties": {
        "contig_id": 143,
        "length_m": 504.471,
        "segment_count": 1,
        "way_names": [
          "Wangari Maathai Trail"
        ]
      },
      "geometry": {
        "type": "LineString",
        "coordinates": [
          [
            36.843909,
            -1.239855
          ],
          [
            36.839724,
            -1.238101
          ]
        ]
      }
    },
    {
      "type": "Feature",
      "properties": {
        "contig_id": 144,
        "length_m": 314.941,
        "segment_count": 6,
        "way_names": [
          "Lake Trail",
          "Pipeline Path"
        ]
      },
      "geometry": {
        "type": "LineString",
        "coordinates": [
          [
            36.823403,
            -1.245038
          ],
          [
            36.82331,
            -1.245007
          ],
          [
            36.822419,
            -1.244913
          ],
          [
            36.82202,
            -1.244791
          ],
          [
            36.821638,
            -1.244663
          ],
          [
            36.821046,
            -1.244449
          ],
          [
            36.820656,
            -1.244442
          ]
        ]
      }
    },
    {
      "type": "Feature",
      "properties": {
        "contig_id": 145,
        "length_m": 58.842,
        "segment_count": 1,
        "way_names": []
      },
      "geometry": {
        "type": "LineString",
        "coordinates": [
          [
            36.823403,
            -1.245038
          ],
          [
            36.823524,
            -1.244523
          ]
        ]
      }
    },
    {
      "type": "Feature",
      "properties": {
        "contig_id": 146,
        "length_m": 227.507,
        "segment_count": 4,
        "way_names": [
          "Family Trail"
        ]
      },
      "geometry": {
        "type": "LineString",
        "coordinates": [
          [
            36.84412,
            -1.248783
          ],
          [
            36.844577,
            -1.249317
          ],
          [
            36.845065,
            -1.249789
          ],
          [
            36.845111,
            -1.249837
          ],
          [
            36.845433,
            -1.250341
          ]
        ]
      }
    },
    {
      "type": "Feature",
      "properties": {
        "contig_id": 147,
        "length_m": 36.005,
        "segment_count": 1,
        "way_names": [
          "Family Trail"
        ]
      },
      "geometry": {
        "type": "LineString",
        "coordinates": [
          [
            36.845977,
            -1.25077
          ],
          [
            36.846279,
            -1.250887
          ]
        ]
      }
    },
    {
      "type": "Feature",
      "properties": {
        "contig_id": 148,
        "length_m": 1259.956,
        "segment_count": 41,
        "way_names": [
          "Muhuga Trail"
        ]
      },
      "geometry": {
        "type": "LineString",
        "coordinates": [
          [
            36.828564,
            -1.229803
          ],
          [
            36.828924,
            -1.229772
          ],
          [
            36.829249,
            -1.229772
          ],
          [
            36.829393,
            -1.229788
          ],
          [
            36.829674,
            -1.229853
          ],
          [
            36.829808,
            -1.229907
          ],
          [
            36.829998,
            -1.23001
          ],
          [
            36.830129,
            -1.230128
          ],
          [
            36.830427,
            -1.230331
          ],
          [
            36.830502,
            -1.230409
          ],
          [
            36.830683,
            -1.230525
          ],
          [
            36.83087,
            -1.230695
          ],
          [
            36.831079,
            -1.230987
          ],
          [
            36.831253,
            -1.231419
          ],
          [
            36.831355,
            -1.23161
          ],
          [
            36.83176,
            -1.232158
          ],
          [
            36.831899,
            -1.232274
          ],
          [
            36.832075,
            -1.232452
          ],
          [
            36.832188,
            -1.232533
          ],
          [
            36.832427,
            -1.232692
          ],
          [
            36.832652,
            -1.232871
          ],
          [
            36.832967,
            -1.233215
          ],
          [
            36.83305,
            -1.233332
          ],
          [
            36.833308,
            -1.233632
          ],
          [
            36.833598,
            -1.233901
          ],
          [
            36.833779,
            -1.23402
          ],
          [
            36.834004,
            -1.234133
          ],
          [
            36.834208,
            -1.234282
          ],
          [
            36.834338,
            -1.234339
          ],
          [
            36.834371,
            -1.234401
          ],
          [
            36.834626,
            -1.234536
          ],
          [
            36.834792,
            -1.234606
          ],
          [
            36.835571,
            -1.234752
          ],
          [
            36.835819,
            -1.234771
          ],
          [
            36.83606,
            -1.234835
          ],
          [
            36.836698,
            -1.234954
          ],
          [
            36.837003,
            -1.235064
          ],
          [
            36.837155,
            -1.235156
          ],
          [
            36.837292,
            -1.235202
          ],
          [
            36.83743,
            -1.235318
          ],
          [
            36.837495,
            -1.235348
          ],
          [
            36.837666,
            -1.235505
          ]
        ]
      }
    },
    {
      "type": "Feature",
      "properties": {
        "contig_id": 149,
        "length_m": 172.33,
        "segment_count": 1,
        "way_names": []
      },
      "geometry": {
        "type": "LineString",
        "coordinates": [
          [
            36.837666,
            -1.235505
          ],
          [
            36.836825,
            -1.236807
          ]
        ]
      }
    },
    {
      "type": "Feature",
      "properties": {
        "contig_id": 150,
        "length_m": 352.95,
        "segment_count": 3,
        "way_names": [
          "Wangari Maathai Track",
          "Wangari Maathai Trail"
        ]
      },
      "geometry": {
        "type": "LineString",
        "coordinates": [
          [
            36.836825,
            -1.236807
          ],
          [
            36.839249,
            -1.237899
          ],
          [
            36.839396,
            -1.237964
          ],
          [
            36.839724,
            -1.238101
          ]
        ]
      }
    },
    {
      "type": "Feature",
      "properties": {
        "contig_id": 151,
        "length_m": 181.173,
        "segment_count": 5,
        "way_names": []
      },
      "geometry": {
        "type": "LineString",
        "coordinates": [
          [
            36.834764,
            -1.243498
          ],
          [
            36.834522,
            -1.243471
          ],
          [
            36.834248,
            -1.243487
          ],
          [
            36.833754,
            -1.243751
          ],
          [
            36.833501,
            -1.243895
          ],
          [
            36.833262,
            -1.243999
          ]
        ]
      }
    },
    {
      "type": "Feature",
      "properties": {
        "contig_id": 152,
        "length_m": 23.501,
        "segment_count": 2,
        "way_names": []
      },
      "geometry": {
        "type": "LineString",
        "coordinates": [
          [
            36.816995,
            -1.242395
          ],
          [
            36.817069,
            -1.242505
          ],
          [
            36.817087,
            -1.242581
          ]
        ]
      }
    },
    {
      "type": "Feature",
      "properties": {
        "contig_id": 153,
        "length_m": 125.492,
        "segment_count": 7,
        "way_names": []
      },
      "geometry": {
        "type": "LineString",
        "coordinates": [
          [
            36.818925,
            -1.243933
          ],
          [
            36.819088,
            -1.243861
          ],
          [
            36.819251,
            -1.243796
          ],
          [
            36.819418,
            -1.243689
          ],
          [
            36.819576,
            -1.243601
          ],
          [
            36.819724,
            -1.243472
          ],
          [
            36.819801,
            -1.243335
          ],
          [
            36.81982,
            -1.243297
          ]
        ]
      }
    },
    {
      "type": "Feature",
      "properties": {
        "contig_id": 154,
        "length_m": 41.293,
        "segment_count": 1,
        "way_names": []
      },
      "geometry": {
        "type": "LineString",
        "coordinates": [
          [
            36.81982,
            -1.243297
          ],
          [
            36.820191,
            -1.243316
          ]
        ]
      }
    },
    {
      "type": "Feature",
      "properties": {
        "contig_id": 155,
        "length_m": 292.45,
        "segment_count": 9,
        "way_names": []
      },
      "geometry": {
        "type": "LineString",
        "coordinates": [
          [
            36.81982,
            -1.243297
          ],
          [
            36.819678,
            -1.243072
          ],
          [
            36.819581,
            -1.24298
          ],
          [
            36.819441,
            -1.242814
          ],
          [
            36.819292,
            -1.242488
          ],
          [
            36.819073,
            -1.242244
          ],
          [
            36.818812,
            -1.241912
          ],
          [
            36.818787,
            -1.241858
          ],
          [
            36.818118,
            -1.241436
          ],
          [
            36.81808,
            -1.241398
          ]
        ]
      }
    },
    {
      "type": "Feature",
      "properties": {
        "contig_id": 156,
        "length_m": 21.254,
        "segment_count": 3,
        "way_names": []
      },
      "geometry": {
        "type": "LineString",
        "coordinates": [
          [
            36.843545,
            -1.247652
          ],
          [
            36.843626,
            -1.247766
          ],
          [
            36.84363,
            -1.247791
          ],
          [
            36.843624,
            -1.247815
          ]
        ]
      }
    },
    {
      "type": "Feature",
      "properties": {
        "contig_id": 157,
        "length_m": 103.543,
        "segment_count": 11,
        "way_names": []
      },
      "geometry": {
        "type": "LineString",
        "coordinates": [
          [
            36.820852,
            -1.231181
          ],
          [
            36.820893,
            -1.231239
          ],
          [
            36.821006,
            -1.231266
          ],
          [
            36.821104,
            -1.231271
          ],
          [
            36.821167,
            -1.231285
          ],
          [
            36.82121,
            -1.231304
          ],
          [
            36.821229,
            -1.231337
          ],
          [
            36.821194,
            -1.231404
          ],
          [
            36.821114,
            -1.231447
          ],
          [
            36.82104,
            -1.231498
          ],
          [
            36.820953,
            -1.231559
          ],
          [
            36.820853,
            -1.23165
          ]
        ]
      }
    },
    {
      "type": "Feature",
      "properties": {
        "contig_id": 158,
        "length_m": 527.059,
        "segment_count": 11,
        "way_names": []
      },
      "geometry": {
        "type": "LineString",
        "coordinates": [
          [
            36.836104,
            -1.248026
          ],
          [
            36.836679,
            -1.24837
          ],
          [
            36.836937,
            -1.248501
          ],
          [
            36.837206,
            -1.248606
          ],
          [
            36.837633,
            -1.248804
          ],
          [
            36.838515,
            -1.2493
          ],
          [
            36.838667,
            -1.249426
          ],
          [
            36.838755,
            -1.249488
          ],
          [
            36.838896,
            -1.249601
          ],
          [
            36.839201,
            -1.249907
          ],
          [
            36.839471,
            -1.25029
          ],
          [
            36.839837,
            -1.250795
          ]
        ]
      }
    },
    {
      "type": "Feature",
      "properties": {
        "contig_id": 159,
        "length_m": 533.061,
        "segment_count": 4,
        "way_names": [
          "Middle Track"
        ]
      },
      "geometry": {
        "type": "LineString",
        "coordinates": [
          [
            36.82501,
            -1.238798
          ],
          [
            36.823291,
            -1.238583
          ],
          [
            36.821709,
            -1.238567
          ],
          [
            36.821155,
            -1.238524
          ],
          [
            36.820257,
            -1.238303
          ]
        ]
      }
    },
    {
      "type": "Feature",
      "properties": {
        "contig_id": 160,
        "length_m": 174.786,
        "segment_count": 11,
        "way_names": []
      },
      "geometry": {
        "type": "LineString",
        "coordinates": [
          [
            36.829406,
            -1.227076
          ],
          [
            36.829341,
            -1.2272
          ],
          [
            36.82921,
            -1.227434
          ],
          [
            36.829098,
            -1.227594
          ],
          [
            36.828943,
            -1.227828
          ],
          [
            36.828846,
            -1.227983
          ],
          [
            36.828831,
            -1.228055
          ],
          [
            36.82878,
            -1.228152
          ],
          [
            36.82878,
            -1.228253
          ],
          [
            36.828797,
            -1.228347
          ],
          [
            36.828738,
            -1.228405
          ],
          [
            36.828696,
            -1.22841
          ]
        ]
      }
    },
    {
      "type": "Feature",
      "properties": {
        "contig_id": 161,
        "length_m": 16.927,
        "segment_count": 1,
        "way_names": []
      },
      "geometry": {
        "type": "LineString",
        "coordinates": [
          [
            36.820191,
            -1.243316
          ],
          [
            36.820252,
            -1.243176
          ]
        ]
      }
    },
    {
      "type": "Feature",
      "properties": {
        "contig_id": 162,
        "length_m": 57.433,
        "segment_count": 4,
        "way_names": []
      },
      "geometry": {
        "type": "LineString",
        "coordinates": [
          [
            36.828334,
            -1.228867
          ],
          [
            36.828212,
            -1.229013
          ],
          [
            36.828113,
            -1.229131
          ],
          [
            36.828047,
            -1.229181
          ],
          [
            36.827958,
            -1.229169
          ]
        ]
      }
    },
    {
      "type": "Feature",
      "properties": {
        "contig_id": 163,
        "length_m": 20.194,
        "segment_count": 2,
        "way_names": []
      },
      "geometry": {
        "type": "LineString",
        "coordinates": [
          [
            36.828696,
            -1.22841
          ],
          [
            36.828565,
            -1.228425
          ],
          [
            36.82852,
            -1.228446
          ]
        ]
      }
    },
    {
      "type": "Feature",
      "properties": {
        "contig_id": 164,
        "length_m": 57.564,
        "segment_count": 3,
        "way_names": []
      },
      "geometry": {
        "type": "LineString",
        "coordinates": [
          [
            36.828696,
            -1.22841
          ],
          [
            36.828598,
            -1.228237
          ],
          [
            36.828511,
            -1.228061
          ],
          [
            36.828414,
            -1.227985
          ]
        ]
      }
    },
    {
      "type": "Feature",
      "properties": {
        "contig_id": 165,
        "length_m": 62.792,
        "segment_count": 3,
        "way_names": []
      },
      "geometry": {
        "type": "LineString",
        "coordinates": [
          [
            36.82852,
            -1.228446
          ],
          [
            36.828346,
            -1.228336
          ],
          [
            36.828374,
            -1.228252
          ],
          [
            36.828414,
            -1.227985
          ]
        ]
      }
    },
    {
      "type": "Feature",
      "properties": {
        "contig_id": 166,
        "length_m": 62.698,
        "segment_count": 2,
        "way_names": []
      },
      "geometry": {
        "type": "LineString",
        "coordinates": [
          [
            36.828414,
            -1.227985
          ],
          [
            36.828397,
            -1.22777
          ],
          [
            36.82844,
            -1.227424
          ]
        ]
      }
    },
    {
      "type": "Feature",
      "properties": {
        "contig_id": 167,
        "length_m": 35.054,
        "segment_count": 1,
        "way_names": [
          "Old Kiambu Road"
        ]
      },
      "geometry": {
        "type": "LineString",
        "coordinates": [
          [
            36.843547,
            -1.253023
          ],
          [
            36.843598,
            -1.253334
          ]
        ]
      }
    },
    {
      "type": "Feature",
      "properties": {
        "contig_id": 168,
        "length_m": 63.036,
        "segment_count": 4,
        "way_names": []
      },
      "geometry": {
        "type": "LineString",
        "coordinates": [
          [
            36.855601,
            -1.248004
          ],
          [
            36.855635,
            -1.248007
          ],
          [
            36.855672,
            -1.248019
          ],
          [
            36.855781,
            -1.248063
          ],
          [
            36.856125,
            -1.248216
          ]
        ]
      }
    },
    {
      "type": "Feature",
      "properties": {
        "contig_id": 169,
        "length_m": 124.158,
        "segment_count": 17,
        "way_names": []
      },
      "geometry": {
        "type": "LineString",
        "coordinates": [
          [
            36.817706,
            -1.247239
          ],
          [
            36.817703,
            -1.247142
          ],
          [
            36.817734,
            -1.247056
          ],
          [
            36.817732,
            -1.246994
          ],
          [
            36.817723,
            -1.246942
          ],
          [
            36.817711,
            -1.246898
          ],
          [
            36.817685,
            -1.246856
          ],
          [
            36.817695,
            -1.246772
          ],
          [
            36.817664,
            -1.246739
          ],
          [
            36.817582,
            -1.246712
          ],
          [
            36.817585,
            -1.246657
          ],
          [
            36.817564,
            -1.246628
          ],
          [
            36.817552,
            -1.246603
          ],
          [
            36.817496,
            -1.246579
          ],
          [
            36.817445,
            -1.246563
          ],
          [
            36.817374,
            -1.24649
          ],
          [
            36.817338,
            -1.246406
          ],
          [
            36.817317,
            -1.246332
          ]
        ]
      }
    },
    {
      "type": "Feature",
      "properties": {
        "contig_id": 170,
        "length_m": 254.212,
        "segment_count": 5,
        "way_names": [
          "Olive Path"
        ]
      },
      "geometry": {
        "type": "LineString",
        "coordinates": [
          [
            36.817317,
            -1.246332
          ],
          [
            36.817378,
            -1.246213
          ],
          [
            36.817582,
            -1.245918
          ],
          [
            36.818075,
            -1.245044
          ],
          [
            36.818376,
            -1.244507
          ],
          [
            36.818452,
            -1.24435
          ]
        ]
      }
    },
    {
      "type": "Feature",
      "properties": {
        "contig_id": 171,
        "length_m": 262.614,
        "segment_count": 19,
        "way_names": []
      },
      "geometry": {
        "type": "LineString",
        "coordinates": [
          [
            36.818452,
            -1.24435
          ],
          [
            36.818512,
            -1.244352
          ],
          [
            36.81859,
            -1.244335
          ],
          [
            36.818653,
            -1.244298
          ],
          [
            36.818703,
            -1.244273
          ],
          [
            36.818812,
            -1.244296
          ],
          [
            36.81897,
            -1.244352
          ],
          [
            36.819138,
            -1.244408
          ],
          [
            36.819463,
            -1.244621
          ],
          [
            36.81975,
            -1.244612
          ],
          [
            36.81982,
            -1.244644
          ],
          [
            36.820029,
            -1.244637
          ],
          [
            36.82021,
            -1.244582
          ],
          [
            36.820288,
            -1.244574
          ],
          [
            36.820378,
            -1.244562
          ],
          [
            36.82042,
            -1.244521
          ],
          [
            36.820453,
            -1.244484
          ],
          [
            36.820535,
            -1.244464
          ],
          [
            36.820585,
            -1.244449
          ],
          [
            36.820656,
            -1.244442
          ]
        ]
      }
    }
  ]
}
